<xml xmlns="http://www.w3.org/1999/xhtml"><block type="root_block_ui_builder_page_onEnter_handler" id="Wcvbb}!:_c70@H^Auu$y" deletable="false" x="20" y="50"><statement name="statements_code"><block type="local_storage_delete" id="|*A(9;TCoW]NGogQBaV^"><value name="key"><shadow type="text" id="i.[cN_e]DEn.#YXf5w0t"><field name="TEXT">originLoad</field></shadow></value><next><block type="controls_if" id="!s:*e-7z4?3`N%PE4p8p"><value name="IF0"><block type="logic_negate" id="F]R`;qb_bH7(Y6(VkN.^"><value name="BOOL"><block type="get_object_property" id="FgEX!?Pv87Wn9UPt*YkO"><value name="prop_name"><shadow type="text" id="_UvgiV[szV`;W`!jjZdb"><field name="TEXT">pageEmail</field></shadow></value><value name="object"><block type="root_block_ui_builder_common__context_blocks_appData" id="B}]H1J%?m76;?PTFRE,V" bl_meta="{&quot;label&quot;:&quot;App Data&quot;}"></block></value></block></value></block></value><statement name="DO0"><block type="controls_if" id="hUb;`[(S`-%+~DvgtLi:"><value name="IF0"><block type="ui_common_blocks__get_component_by_id" id="w.C[MQ+knmr;aEQ,-?c4" bl_meta="{&quot;label&quot;:&quot;Get component by id&quot;}"><field name="componentUid">'766bf461796308dbbad8e8489727e7c2'</field></block></value><statement name="DO0"><block type="ui_common_blocks__toggle_component_visibility" id="}PK-c,;K$AjT~Pg}jYu{" bl_meta="{&quot;label&quot;:&quot;Toggle component visibility&quot;}"><field name="componentUid">'766bf461796308dbbad8e8489727e7c2'</field><value name="visible"><block type="logic_boolean" id="qjP{Gd1C(pQ3yli:8LaM"><field name="BOOL">FALSE</field></block></value></block></statement><next><block type="controls_if" id="nV)v;ZQhDUdL,Kk;~Fnm"><value name="IF0"><block type="ui_common_blocks__get_component_by_id" id="U0K9]!($LlPsp`]K=NRu" bl_meta="{&quot;label&quot;:&quot;Get component by id&quot;}"><field name="componentUid">'397e41aebcb381adb47b21329526c6af'</field></block></value><statement name="DO0"><block type="set_object_property" id="NX@Rd5]Fg/SoeCHm6PoV"><value name="object"><block type="ui_common_blocks__get_component_data_style" id="mN)H@~hC(PzsOKV6:,lD" bl_meta="{&quot;label&quot;:&quot;Get component style&quot;}"><field name="componentUid">'397e41aebcb381adb47b21329526c6af'</field></block></value><value name="propName"><shadow type="text" id=":+9.K@Ru^2Kpf[s.BK$@"><field name="TEXT">display</field></shadow></value><value name="propValue"><block type="text" id="XHbQNau`*p,Td+*;~XgR"><field name="TEXT">flex</field></block></value></block></statement><next><block type="timer_wait" id=":bn:R|sZhMDgUs!J4M/`"><value name="time"><shadow type="math_number" id=";r$s#my,0(~Yplwo6YS["><field name="NUM">1000</field></shadow></value><next><block type="controls_if" id="w%`HlTIGk}ZkCNmPESWm"><value name="IF0"><block type="ui_common_blocks__get_component_by_id" id="%F]z-P)(E}-YpMuK_!ic" bl_meta="{&quot;label&quot;:&quot;Get component by id&quot;}"><field name="componentUid">'397e41aebcb381adb47b21329526c6af'</field></block></value><statement name="DO0"><block type="set_object_property" id="?BgJ9@Tu%ug/R*ll]{NT"><value name="object"><block type="ui_common_blocks__get_component_data_style" id=",=~xV`f/)nTG|~F^uM,)" bl_meta="{&quot;label&quot;:&quot;Get component style&quot;}"><field name="componentUid">'397e41aebcb381adb47b21329526c6af'</field></block></value><value name="propName"><shadow type="text" id="=RC$qy:B_)#AjpV^~.2:"><field name="TEXT">display</field></shadow></value><value name="propValue"><block type="text" id="JBZV?%gk+(543$r1egZn"><field name="TEXT">none</field></block></value></block></statement><next><block type="controls_if" id="Q$o?1LRMDYCr?R!/WrbA"><value name="IF0"><block type="ui_common_blocks__get_component_by_id" id="K$DE4$Rp_;H9-(DN5..N" bl_meta="{&quot;label&quot;:&quot;Get component by id&quot;}"><field name="componentUid">'766bf461796308dbbad8e8489727e7c2'</field></block></value><statement name="DO0"><block type="ui_common_blocks__toggle_component_visibility" id="CM}@FecVuP}J~taG]]fr" bl_meta="{&quot;label&quot;:&quot;Toggle component visibility&quot;}"><field name="componentUid">'766bf461796308dbbad8e8489727e7c2'</field><value name="visible"><block type="logic_boolean" id="D2i~#(oH0e#p#q.Xj]J]"><field name="BOOL">TRUE</field></block></value></block></statement><next><block type="set_object_property" id="$+n^nMayv{(HS@T:H*Gk"><value name="object"><block type="root_block_ui_builder_common__context_blocks_appData" id="[GQRCjBJTO?N6.Y~/*3L" bl_meta="{&quot;label&quot;:&quot;App Data&quot;}"></block></value><value name="propName"><shadow type="text" id="^Q(BRBsyL+adOp@v?uq~"><field name="TEXT">pageEmail</field></shadow></value><value name="propValue"><block type="logic_boolean" id="EHkUGx=n.xoB`Jx(qbm="><field name="BOOL">TRUE</field></block></value></block></next></block></next></block></next></block></next></block></next></block></statement><next><block type="controls_if" id="Gx!i3NL%L,e?{1C^rlJ$"><value name="IF0"><block type="get_object_property" id="vn1j#FM6Ez})@Ijnj;$Z"><value name="prop_name"><shadow type="text" id="[C[PaC41KI{_t8t*!Gim"><field name="TEXT">pageEmail</field></shadow></value><value name="object"><block type="root_block_ui_builder_common__context_blocks_appData" id="F]APf3U|I9OBAEIEQVdP" bl_meta="{&quot;label&quot;:&quot;App Data&quot;}"></block></value></block></value><statement name="DO0"><block type="controls_if" id="lX{H|B/oP/qQUjkwfzcG"><value name="IF0"><block type="ui_common_blocks__get_component_by_id" id="|_75y4jGkkxJP+E!?.lr" bl_meta="{&quot;label&quot;:&quot;Get component by id&quot;}"><field name="componentUid">'766bf461796308dbbad8e8489727e7c2'</field></block></value><statement name="DO0"><block type="ui_common_blocks__toggle_component_visibility" id=".i.njM0BP!Z=$uf$Kb+b" bl_meta="{&quot;label&quot;:&quot;Toggle component visibility&quot;}"><field name="componentUid">'766bf461796308dbbad8e8489727e7c2'</field><value name="visible"><block type="logic_boolean" id="iy-1?vg.-j[A^3Q@qAOG"><field name="BOOL">TRUE</field></block></value></block></statement></block></statement></block></next></block></next></block></statement></block></xml>