<xml xmlns="http://www.w3.org/1999/xhtml"><block type="root_block_ui_builder_page_onEnter_handler" id="|[{`_JO2:ow!+B=nAv$n" deletable="false" x="47" y="91"><statement name="statements_code"><block type="local_storage_delete" id="|*A(9;TCoW]NGogQBaV^"><value name="key"><shadow type="text" id="i.[cN_e]DEn.#YXf5w0t"><field name="TEXT">originLoad</field></shadow></value><next><block type="controls_if" id="cT0m~/J9:F9+kx@:wTwI"><value name="IF0"><block type="ui_common_blocks__get_component_by_id" id="TIZq1#*z{yp8-17Np9%j" bl_meta="{&quot;label&quot;:&quot;Get component by id&quot;}"><field name="componentUid">'924202b19f0ef683e3940a99b258d565'</field></block></value><statement name="DO0"><block type="set_object_property" id="Q{/ETM*iPZ-Br)lanOFp"><value name="object"><block type="ui_common_blocks__get_component_data_style" id="Gzp)U#})K?Pucv;y6ugF" bl_meta="{&quot;label&quot;:&quot;Get component style&quot;}"><field name="componentUid">'924202b19f0ef683e3940a99b258d565'</field></block></value><value name="propName"><shadow type="text" id="h3qa9Gl?E103p-wp[bUT"><field name="TEXT">display</field></shadow></value><value name="propValue"><block type="text" id="J9{v@)[C_h(=rEcMT2.}"><field name="TEXT">none</field></block></value></block></statement><next><block type="controls_if" id="N;GcB78qz0iP(}Y8A~?c"><value name="IF0"><block type="ui_common_blocks__get_component_by_id" id="Z5*l021aK#u^nwp?fYAD" bl_meta="{&quot;label&quot;:&quot;Get component by id&quot;}"><field name="componentUid">'4f334f9dc1010f33ff9a725c1781b1c7'</field></block></value><statement name="DO0"><block type="set_object_property" id="8lacT]c`Ue:cPiiLJ%1X"><value name="object"><block type="ui_common_blocks__get_component_data_style" id="KQTRERYvX69HQtU^}qZ[" bl_meta="{&quot;label&quot;:&quot;Get component style&quot;}"><field name="componentUid">'4f334f9dc1010f33ff9a725c1781b1c7'</field></block></value><value name="propName"><shadow type="text" id="wrnVnM%iM.vmgmq,8A)O"><field name="TEXT">display</field></shadow></value><value name="propValue"><block type="text" id=")+b8{hA,^)=uWZd,$G8y"><field name="TEXT">flex</field></block></value></block></statement><next><block type="try_catch" id="FDCvY/YVtPD5Wm:Yg+bU"><statement name="try"><block type="variables_set" id="r,YReiixM(u68o!D_[E8"><field name="VAR">getCurrentVersion</field><value name="VALUE"><block type="codeless_function_block_696a14dd8d2f85be7023c2c4441a65a5" id="vvdVH}#tknBPu}BcrGlf" bl_meta="{&quot;fn&quot;:&quot;ProManagerAPI&quot;,&quot;label&quot;:&quot;Custom Function - ProManagerAPI&quot;}"><mutation has_output="true"></mutation><field name="connections_toggler">TRUE</field><value name="method"><block type="text" id="#E$l|W*8eW#5j2(`}6VU"><field name="TEXT">get</field></block></value><value name="path"><block type="text" id="+R8k]k}IJC[euCar^%!U"><field name="TEXT">/system/version/current</field></block></value></block></value><next><block type="set_object_property" id="ylbRx^6w*GP]G4sANB;{"><value name="object"><block type="root_block_ui_builder_common__context_blocks_pageData" id="nBlS6sp,0dzf5~FHyIy," bl_meta="{&quot;label&quot;:&quot;Page Data&quot;}"></block></value><value name="propName"><shadow type="text" id="txD|WldeX*|:xn@+6Hp^"><field name="TEXT">currentVersion</field></shadow></value><value name="propValue"><block type="variables_get" id="6JQK0sq:K%zWVpBMkX%("><field name="VAR">getCurrentVersion</field></block></value></block></next></block></statement><statement name="catch"><block type="text_print" id="wqB@;oyJ}l#+n_7DNw=Y"><value name="TEXT"><block type="variables_get" id="EP}o+E:A/6!-u:/`;Llh"><field name="VAR">error</field></block></value></block></statement><next><block type="try_catch" id="wm%a;QswcG14,?eL?W9S"><statement name="try"><block type="variables_set" id="W-;51snJ:a9qwU1cmZ4_"><field name="VAR">getVersionList</field><value name="VALUE"><block type="codeless_function_block_696a14dd8d2f85be7023c2c4441a65a5" id="f1Bd0#L$u4[nK-+D?|~C" bl_meta="{&quot;fn&quot;:&quot;ProManagerAPI&quot;,&quot;label&quot;:&quot;Custom Function - ProManagerAPI&quot;}"><mutation has_output="true"></mutation><field name="connections_toggler">TRUE</field><value name="method"><block type="text" id=",l]@#j*h3v*)9-(Vz?l]"><field name="TEXT">get</field></block></value><value name="path"><block type="text" id="0|cHCr1,f@yE2B/oG_mg"><field name="TEXT">/system/version/</field></block></value></block></value><next><block type="set_object_property" id="aX3^@X2Q9@#_e[~r[DkV"><value name="object"><block type="root_block_ui_builder_common__context_blocks_pageData" id="=SyF3w@lDgy(q;}!_q~g" bl_meta="{&quot;label&quot;:&quot;Page Data&quot;}"></block></value><value name="propName"><shadow type="text" id="VY:.V*q4]N,q-v4+LJ%_"><field name="TEXT">versions</field></shadow></value><value name="propValue"><block type="list_sort_items" id="gn*4({*bzOorw`xRke,D"><field name="order">-1</field><field name="item">item</field><value name="list"><block type="get_object_property" id="9XI|wq03Mj]B@Gr1_fby"><value name="prop_name"><shadow type="text" id="eJ1m6)c3H#rE^!)nU:yt"><field name="TEXT">all</field></shadow></value><value name="object"><block type="variables_get" id="~m#3jcQs(fw]q|Lk)xNK"><field name="VAR">getVersionList</field></block></value></block></value><value name="sortByItem"><block type="variables_get" id=":c13V||b?U83UiRCP.l+"><field name="VAR">item</field></block></value></block></value><next><block type="set_object_property" id="c8wPLS|i;apP~OF^l;(/"><value name="object"><block type="root_block_ui_builder_common__context_blocks_pageData" id="VYmRK+^,TgH0UUnqF|GD" bl_meta="{&quot;label&quot;:&quot;Page Data&quot;}"></block></value><value name="propName"><shadow type="text" id="siZmL@c@qK6]@}8:?(hG"><field name="TEXT">version</field></shadow></value><value name="propValue"><block type="get_object_property" id="Pm6#4%*IVCH:|,8u?v{@"><value name="prop_name"><shadow type="text" id="(di#Z:Pi4FsTrv/n+s[,"><field name="TEXT">latest</field></shadow></value><value name="object"><block type="variables_get" id="$#PLg*R%3y/xlx)!4;#u"><field name="VAR">getVersionList</field></block></value></block></value></block></next></block></next></block></statement><statement name="catch"><block type="text_print" id="[z7!-6AA+[1H4vXsY{NA"><value name="TEXT"><block type="variables_get" id="fT`h,:%w`If(WipiTpSI"><field name="VAR">error</field></block></value></block></statement><next><block type="controls_if" id="RvKVk^I!/|r`.{|J{`%P"><value name="IF0"><block type="ui_common_blocks__get_component_by_id" id="Nv385p|(7t$V{YyFQ3LA" bl_meta="{&quot;label&quot;:&quot;Get component by id&quot;}"><field name="componentUid">'4f334f9dc1010f33ff9a725c1781b1c7'</field></block></value><statement name="DO0"><block type="set_object_property" id="pLxj[U%gmIQz?geDH8l6"><value name="object"><block type="ui_common_blocks__get_component_data_style" id="T-_]PijAY69k^?~4O|};" bl_meta="{&quot;label&quot;:&quot;Get component style&quot;}"><field name="componentUid">'4f334f9dc1010f33ff9a725c1781b1c7'</field></block></value><value name="propName"><shadow type="text" id="t{|kPnL@P;87[;)P|;5="><field name="TEXT">display</field></shadow></value><value name="propValue"><block type="text" id="HZA,+A|BS,v#o72D_+K~"><field name="TEXT">none</field></block></value></block></statement><next><block type="controls_if" id="(7fVvEm^ESc1g+FX49BN"><value name="IF0"><block type="ui_common_blocks__get_component_by_id" id=")d2_1NOSWAA!ETt7w{TK" bl_meta="{&quot;label&quot;:&quot;Get component by id&quot;}"><field name="componentUid">'924202b19f0ef683e3940a99b258d565'</field></block></value><statement name="DO0"><block type="set_object_property" id="nMOxsew-ua{lum:]LNHq"><value name="object"><block type="ui_common_blocks__get_component_data_style" id="RW%N^5hZ9u^cjQIp[;mC" bl_meta="{&quot;label&quot;:&quot;Get component style&quot;}"><field name="componentUid">'924202b19f0ef683e3940a99b258d565'</field></block></value><value name="propName"><shadow type="text" id="@lX[2khCyOt+~xiWc%1q"><field name="TEXT">display</field></shadow></value><value name="propValue"><block type="text" id="%/+Fh+|E4i0oMZdca3?]"><field name="TEXT">flex</field></block></value></block></statement></block></next></block></next></block></next></block></next></block></next></block></next></block></statement></block></xml>