<xml xmlns="http://www.w3.org/1999/xhtml"><block type="root_block_ui_builder_page_onEnter_handler" id="|[{`_JO2:ow!+B=nAv$n" deletable="false" x="20" y="50"><statement name="statements_code"><block type="local_storage_delete" id="|*A(9;TCoW]NGogQBaV^"><value name="key"><shadow type="text" id="i.[cN_e]DEn.#YXf5w0t"><field name="TEXT">originLoad</field></shadow></value><next><block type="controls_if" id="!s:*e-7z4?3`N%PE4p8p"><value name="IF0"><block type="logic_negate" id="F]R`;qb_bH7(Y6(VkN.^"><value name="BOOL"><block type="get_object_property" id="FgEX!?Pv87Wn9UPt*YkO"><value name="prop_name"><shadow type="text" id="_UvgiV[szV`;W`!jjZdb"><field name="TEXT">pageRemove</field></shadow></value><value name="object"><block type="root_block_ui_builder_common__context_blocks_appData" id="B}]H1J%?m76;?PTFRE,V" bl_meta="{&quot;label&quot;:&quot;App Data&quot;}"></block></value></block></value></block></value><statement name="DO0"><block type="set_object_property" id="$+n^nMayv{(HS@T:H*Gk"><value name="object"><block type="root_block_ui_builder_common__context_blocks_appData" id="[GQRCjBJTO?N6.Y~/*3L" bl_meta="{&quot;label&quot;:&quot;App Data&quot;}"></block></value><value name="propName"><shadow type="text" id="^Q(BRBsyL+adOp@v?uq~"><field name="TEXT">pageRemove</field></shadow></value><value name="propValue"><block type="logic_boolean" id="EHkUGx=n.xoB`Jx(qbm="><field name="BOOL">TRUE</field></block></value></block></statement></block></next></block></statement></block></xml>