<xml xmlns="http://www.w3.org/1999/xhtml"><block type="root_block_ui_builder_page_onEnter_handler" id="|[{`_JO2:ow!+B=nAv$n" deletable="false" x="20" y="50"><statement name="statements_code"><block type="local_storage_delete" id="|*A(9;TCoW]NGogQBaV^"><value name="key"><shadow type="text" id="i.[cN_e]DEn.#YXf5w0t"><field name="TEXT">originLoad</field></shadow></value><next><block type="controls_if" id="!s:*e-7z4?3`N%PE4p8p"><value name="IF0"><block type="logic_negate" id="F]R`;qb_bH7(Y6(VkN.^"><value name="BOOL"><block type="get_object_property" id="FgEX!?Pv87Wn9UPt*YkO"><value name="prop_name"><shadow type="text" id="_UvgiV[szV`;W`!jjZdb"><field name="TEXT">pageRemove</field></shadow></value><value name="object"><block type="root_block_ui_builder_common__context_blocks_appData" id="B}]H1J%?m76;?PTFRE,V" bl_meta="{&quot;label&quot;:&quot;App Data&quot;}"></block></value></block></value></block></value><statement name="DO0"><block type="set_object_property" id="$+n^nMayv{(HS@T:H*Gk"><value name="object"><block type="root_block_ui_builder_common__context_blocks_appData" id="[GQRCjBJTO?N6.Y~/*3L" bl_meta="{&quot;label&quot;:&quot;App Data&quot;}"></block></value><value name="propName"><shadow type="text" id="^Q(BRBsyL+adOp@v?uq~"><field name="TEXT">pageRemove</field></shadow></value><value name="propValue"><block type="logic_boolean" id="EHkUGx=n.xoB`Jx(qbm="><field name="BOOL">TRUE</field></block></value></block></statement><next><block type="try_catch" id="FDCvY/YVtPD5Wm:Yg+bU"><statement name="try"><block type="variables_set" id="r,YReiixM(u68o!D_[E8"><field name="VAR">getCurrentVersion</field><value name="VALUE"><block type="codeless_function_block_696a14dd8d2f85be7023c2c4441a65a5" id="vvdVH}#tknBPu}BcrGlf" bl_meta="{&quot;fn&quot;:&quot;ProManagerAPI&quot;,&quot;label&quot;:&quot;Custom Function - ProManagerAPI&quot;}"><mutation has_output="true"></mutation><field name="connections_toggler">TRUE</field><value name="method"><block type="text" id="#E$l|W*8eW#5j2(`}6VU"><field name="TEXT">get</field></block></value><value name="path"><block type="text" id="+R8k]k}IJC[euCar^%!U"><field name="TEXT">/system/version/current</field></block></value></block></value><next><block type="set_object_property" id="ylbRx^6w*GP]G4sANB;{"><value name="object"><block type="root_block_ui_builder_common__context_blocks_pageData" id="nBlS6sp,0dzf5~FHyIy," bl_meta="{&quot;label&quot;:&quot;Page Data&quot;}"></block></value><value name="propName"><shadow type="text" id="txD|WldeX*|:xn@+6Hp^"><field name="TEXT">currentVersion</field></shadow></value><value name="propValue"><block type="variables_get" id="6JQK0sq:K%zWVpBMkX%("><field name="VAR">getCurrentVersion</field></block></value></block></next></block></statement><statement name="catch"><block type="text_print" id="wqB@;oyJ}l#+n_7DNw=Y"><value name="TEXT"><block type="variables_get" id="EP}o+E:A/6!-u:/`;Llh"><field name="VAR">error</field></block></value></block></statement><next><block type="try_catch" id="wm%a;QswcG14,?eL?W9S"><statement name="try"><block type="variables_set" id="W-;51snJ:a9qwU1cmZ4_"><field name="VAR">getVersionList</field><value name="VALUE"><block type="codeless_function_block_696a14dd8d2f85be7023c2c4441a65a5" id="f1Bd0#L$u4[nK-+D?|~C" bl_meta="{&quot;fn&quot;:&quot;ProManagerAPI&quot;,&quot;label&quot;:&quot;Custom Function - ProManagerAPI&quot;}"><mutation has_output="true"></mutation><field name="connections_toggler">TRUE</field><value name="method"><block type="text" id=",l]@#j*h3v*)9-(Vz?l]"><field name="TEXT">get</field></block></value><value name="path"><block type="text" id="0|cHCr1,f@yE2B/oG_mg"><field name="TEXT">/system/version/</field></block></value></block></value><next><block type="set_object_property" id="@wONn/FdvtE;0hc)FDW_"><value name="object"><block type="root_block_ui_builder_common__context_blocks_pageData" id="za0ep,}NchB^eZgf?zsa" bl_meta="{&quot;label&quot;:&quot;Page Data&quot;}"></block></value><value name="propName"><shadow type="text" id="9TN-??6}qR+LM#ts*IS5"><field name="TEXT">versions</field></shadow></value><value name="propValue"><block type="get_object_property" id="Dh}=I%L[rZ8IQ*}WuBR8"><value name="prop_name"><shadow type="text" id="gLmHHo@y.YhepdghiQ*q"><field name="TEXT">all</field></shadow></value><value name="object"><block type="variables_get" id="r1WiVQzK{c2S~GZmbB_2"><field name="VAR">getVersionList</field></block></value></block></value><next><block type="set_object_property" id="c8wPLS|i;apP~OF^l;(/"><value name="object"><block type="root_block_ui_builder_common__context_blocks_pageData" id="VYmRK+^,TgH0UUnqF|GD" bl_meta="{&quot;label&quot;:&quot;Page Data&quot;}"></block></value><value name="propName"><shadow type="text" id="siZmL@c@qK6]@}8:?(hG"><field name="TEXT">version</field></shadow></value><value name="propValue"><block type="get_object_property" id="Pm6#4%*IVCH:|,8u?v{@"><value name="prop_name"><shadow type="text" id="(di#Z:Pi4FsTrv/n+s[,"><field name="TEXT">latest</field></shadow></value><value name="object"><block type="variables_get" id="$#PLg*R%3y/xlx)!4;#u"><field name="VAR">getVersionList</field></block></value></block></value></block></next></block></next></block></statement><statement name="catch"><block type="text_print" id="[z7!-6AA+[1H4vXsY{NA"><value name="TEXT"><block type="variables_get" id="fT`h,:%w`If(WipiTpSI"><field name="VAR">error</field></block></value></block></statement></block></next></block></next></block></next></block></statement></block></xml>