<xml xmlns="http://www.w3.org/1999/xhtml"><block type="root_block_ui_builder_page_onEnter_handler" id="|[{`_JO2:ow!+B=nAv$n" deletable="false" x="47" y="91"><statement name="statements_code"><block type="local_storage_delete" id="|*A(9;TCoW]NGogQBaV^"><value name="key"><shadow type="text" id="i.[cN_e]DEn.#YXf5w0t"><field name="TEXT">originLoad</field></shadow></value><next><block type="controls_if" id="V]kg.J=|390gysR3(Uk?"><value name="IF0"><block type="logic_negate" id="y1_U%6u.V?Es[v8oo9l,"><value name="BOOL"><block type="get_object_property" id="ULefI)/IO!23S[v.g(c1"><value name="prop_name"><shadow type="text" id="e`FTwAo?AR.iV~E6@pW`"><field name="TEXT">pageRemove</field></shadow></value><value name="object"><block type="root_block_ui_builder_common__context_blocks_appData" id="@4@z.Z_Y(e)@ej!3|`*r" bl_meta="{&quot;label&quot;:&quot;App Data&quot;}"></block></value></block></value></block></value><statement name="DO0"><block type="controls_if" id="hUb;`[(S`-%+~DvgtLi:"><value name="IF0"><block type="ui_common_blocks__get_component_by_id" id="w.C[MQ+knmr;aEQ,-?c4" bl_meta="{&quot;label&quot;:&quot;Get component by id&quot;}"><field name="componentUid">'766bf461796308dbbad8e8489727e7c2'</field></block></value><statement name="DO0"><block type="ui_common_blocks__toggle_component_visibility" id="}PK-c,;K$AjT~Pg}jYu{" bl_meta="{&quot;label&quot;:&quot;Toggle component visibility&quot;}"><field name="componentUid">'766bf461796308dbbad8e8489727e7c2'</field><value name="visible"><block type="logic_boolean" id="qjP{Gd1C(pQ3yli:8LaM"><field name="BOOL">FALSE</field></block></value></block></statement><next><block type="controls_if" id="nV)v;ZQhDUdL,Kk;~Fnm"><value name="IF0"><block type="ui_common_blocks__get_component_by_id" id="U0K9]!($LlPsp`]K=NRu" bl_meta="{&quot;label&quot;:&quot;Get component by id&quot;}"><field name="componentUid">'d5fa63162372ef831775758dbd26acc5'</field></block></value><statement name="DO0"><block type="set_object_property" id="NX@Rd5]Fg/SoeCHm6PoV"><value name="object"><block type="ui_common_blocks__get_component_data_style" id="mN)H@~hC(PzsOKV6:,lD" bl_meta="{&quot;label&quot;:&quot;Get component style&quot;}"><field name="componentUid">'d5fa63162372ef831775758dbd26acc5'</field></block></value><value name="propName"><shadow type="text" id=":+9.K@Ru^2Kpf[s.BK$@"><field name="TEXT">display</field></shadow></value><value name="propValue"><block type="text" id="XHbQNau`*p,Td+*;~XgR"><field name="TEXT">flex</field></block></value></block></statement><next><block type="timer_wait" id="}:=0UQwm3tTO8T_{)-],"><value name="time"><shadow type="math_number" id="cvfke6LrcZv@t6J?NL{4"><field name="NUM">1000</field></shadow></value><next><block type="controls_if" id="w%`HlTIGk}ZkCNmPESWm"><value name="IF0"><block type="ui_common_blocks__get_component_by_id" id="%F]z-P)(E}-YpMuK_!ic" bl_meta="{&quot;label&quot;:&quot;Get component by id&quot;}"><field name="componentUid">'d5fa63162372ef831775758dbd26acc5'</field></block></value><statement name="DO0"><block type="set_object_property" id="?BgJ9@Tu%ug/R*ll]{NT"><value name="object"><block type="ui_common_blocks__get_component_data_style" id=",=~xV`f/)nTG|~F^uM,)" bl_meta="{&quot;label&quot;:&quot;Get component style&quot;}"><field name="componentUid">'d5fa63162372ef831775758dbd26acc5'</field></block></value><value name="propName"><shadow type="text" id="=RC$qy:B_)#AjpV^~.2:"><field name="TEXT">display</field></shadow></value><value name="propValue"><block type="text" id="JBZV?%gk+(543$r1egZn"><field name="TEXT">none</field></block></value></block></statement><next><block type="controls_if" id="Q$o?1LRMDYCr?R!/WrbA"><value name="IF0"><block type="ui_common_blocks__get_component_by_id" id="K$DE4$Rp_;H9-(DN5..N" bl_meta="{&quot;label&quot;:&quot;Get component by id&quot;}"><field name="componentUid">'766bf461796308dbbad8e8489727e7c2'</field></block></value><statement name="DO0"><block type="ui_common_blocks__toggle_component_visibility" id="CM}@FecVuP}J~taG]]fr" bl_meta="{&quot;label&quot;:&quot;Toggle component visibility&quot;}"><field name="componentUid">'766bf461796308dbbad8e8489727e7c2'</field><value name="visible"><block type="logic_boolean" id="D2i~#(oH0e#p#q.Xj]J]"><field name="BOOL">TRUE</field></block></value></block></statement><next><block type="set_object_property" id="w3y$Ll9[:KQL;|3f66ua"><value name="object"><block type="root_block_ui_builder_common__context_blocks_appData" id="iGmK-vA}f(FXIxIf$F[t" bl_meta="{&quot;label&quot;:&quot;App Data&quot;}"></block></value><value name="propName"><shadow type="text" id="rZUNn_0v;rHdF}$1;%|#"><field name="TEXT">pageRemove</field></shadow></value><value name="propValue"><block type="logic_boolean" id="NAzBHxX;sWSTU++7aE/I"><field name="BOOL">TRUE</field></block></value></block></next></block></next></block></next></block></next></block></next></block></statement><next><block type="controls_if" id=":hg0dm/cg{.Lmr{9l34j"><value name="IF0"><block type="get_object_property" id="M}7rybrcs)5V.y@K(0p%"><value name="prop_name"><shadow type="text" id=":`D/NT=xA2WqgFnV^.;w"><field name="TEXT">pageRemove</field></shadow></value><value name="object"><block type="root_block_ui_builder_common__context_blocks_appData" id="D]YFZXz=1a@y?U%V$v*s" bl_meta="{&quot;label&quot;:&quot;App Data&quot;}"></block></value></block></value><statement name="DO0"><block type="controls_if" id="j)XQ+@%?0C%2qB=o/0BW"><value name="IF0"><block type="ui_common_blocks__get_component_by_id" id="ak%9hvB#J8lE4yY:hnJn" bl_meta="{&quot;label&quot;:&quot;Get component by id&quot;}"><field name="componentUid">'766bf461796308dbbad8e8489727e7c2'</field></block></value><statement name="DO0"><block type="ui_common_blocks__toggle_component_visibility" id="2Dts$y*bf=4T4`EECUkj" bl_meta="{&quot;label&quot;:&quot;Toggle component visibility&quot;}"><field name="componentUid">'766bf461796308dbbad8e8489727e7c2'</field><value name="visible"><block type="logic_boolean" id=".A9$ncx_YYw$Ewce?h8x"><field name="BOOL">TRUE</field></block></value></block></statement></block></statement><next><block type="controls_if" id="cT0m~/J9:F9+kx@:wTwI"><value name="IF0"><block type="ui_common_blocks__get_component_by_id" id="TIZq1#*z{yp8-17Np9%j" bl_meta="{&quot;label&quot;:&quot;Get component by id&quot;}"><field name="componentUid">'924202b19f0ef683e3940a99b258d565'</field></block></value><statement name="DO0"><block type="set_object_property" id="Q{/ETM*iPZ-Br)lanOFp"><value name="object"><block type="ui_common_blocks__get_component_data_style" id="Gzp)U#})K?Pucv;y6ugF" bl_meta="{&quot;label&quot;:&quot;Get component style&quot;}"><field name="componentUid">'924202b19f0ef683e3940a99b258d565'</field></block></value><value name="propName"><shadow type="text" id="h3qa9Gl?E103p-wp[bUT"><field name="TEXT">display</field></shadow></value><value name="propValue"><block type="text" id="J9{v@)[C_h(=rEcMT2.}"><field name="TEXT">none</field></block></value></block></statement><next><block type="controls_if" id="N;GcB78qz0iP(}Y8A~?c"><value name="IF0"><block type="ui_common_blocks__get_component_by_id" id="Z5*l021aK#u^nwp?fYAD" bl_meta="{&quot;label&quot;:&quot;Get component by id&quot;}"><field name="componentUid">'4f334f9dc1010f33ff9a725c1781b1c7'</field></block></value><statement name="DO0"><block type="set_object_property" id="8lacT]c`Ue:cPiiLJ%1X"><value name="object"><block type="ui_common_blocks__get_component_data_style" id="KQTRERYvX69HQtU^}qZ[" bl_meta="{&quot;label&quot;:&quot;Get component style&quot;}"><field name="componentUid">'4f334f9dc1010f33ff9a725c1781b1c7'</field></block></value><value name="propName"><shadow type="text" id="wrnVnM%iM.vmgmq,8A)O"><field name="TEXT">display</field></shadow></value><value name="propValue"><block type="text" id=")+b8{hA,^)=uWZd,$G8y"><field name="TEXT">flex</field></block></value></block></statement><next><block type="try_catch" id="FDCvY/YVtPD5Wm:Yg+bU"><statement name="try"><block type="variables_set" id="r,YReiixM(u68o!D_[E8"><field name="VAR">getCurrentVersion</field><value name="VALUE"><block type="codeless_function_block_696a14dd8d2f85be7023c2c4441a65a5" id="vvdVH}#tknBPu}BcrGlf" bl_meta="{&quot;fn&quot;:&quot;ProManagerAPI&quot;,&quot;label&quot;:&quot;Custom Function - ProManagerAPI&quot;}"><mutation has_output="true"></mutation><field name="connections_toggler">TRUE</field><value name="method"><block type="text" id="#E$l|W*8eW#5j2(`}6VU"><field name="TEXT">get</field></block></value><value name="path"><block type="text" id="+R8k]k}IJC[euCar^%!U"><field name="TEXT">/system/version/current</field></block></value></block></value><next><block type="set_object_property" id="ylbRx^6w*GP]G4sANB;{"><value name="object"><block type="root_block_ui_builder_common__context_blocks_pageData" id="nBlS6sp,0dzf5~FHyIy," bl_meta="{&quot;label&quot;:&quot;Page Data&quot;}"></block></value><value name="propName"><shadow type="text" id="txD|WldeX*|:xn@+6Hp^"><field name="TEXT">currentVersion</field></shadow></value><value name="propValue"><block type="variables_get" id="6JQK0sq:K%zWVpBMkX%("><field name="VAR">getCurrentVersion</field></block></value></block></next></block></statement><statement name="catch"><block type="text_print" id="wqB@;oyJ}l#+n_7DNw=Y"><value name="TEXT"><block type="variables_get" id="EP}o+E:A/6!-u:/`;Llh"><field name="VAR">error</field></block></value></block></statement><next><block type="try_catch" id="wm%a;QswcG14,?eL?W9S"><statement name="try"><block type="variables_set" id="W-;51snJ:a9qwU1cmZ4_"><field name="VAR">getVersionList</field><value name="VALUE"><block type="codeless_function_block_696a14dd8d2f85be7023c2c4441a65a5" id="f1Bd0#L$u4[nK-+D?|~C" bl_meta="{&quot;fn&quot;:&quot;ProManagerAPI&quot;,&quot;label&quot;:&quot;Custom Function - ProManagerAPI&quot;}"><mutation has_output="true"></mutation><field name="connections_toggler">TRUE</field><value name="method"><block type="text" id=",l]@#j*h3v*)9-(Vz?l]"><field name="TEXT">get</field></block></value><value name="path"><block type="text" id="0|cHCr1,f@yE2B/oG_mg"><field name="TEXT">/system/version/</field></block></value></block></value><next><block type="set_object_property" id="aX3^@X2Q9@#_e[~r[DkV"><value name="object"><block type="root_block_ui_builder_common__context_blocks_pageData" id="=SyF3w@lDgy(q;}!_q~g" bl_meta="{&quot;label&quot;:&quot;Page Data&quot;}"></block></value><value name="propName"><shadow type="text" id="VY:.V*q4]N,q-v4+LJ%_"><field name="TEXT">versions</field></shadow></value><value name="propValue"><block type="list_sort_items" id="gn*4({*bzOorw`xRke,D"><field name="order">-1</field><field name="item">item</field><value name="list"><block type="get_object_property" id="9XI|wq03Mj]B@Gr1_fby"><value name="prop_name"><shadow type="text" id="eJ1m6)c3H#rE^!)nU:yt"><field name="TEXT">all</field></shadow></value><value name="object"><block type="variables_get" id="~m#3jcQs(fw]q|Lk)xNK"><field name="VAR">getVersionList</field></block></value></block></value><value name="sortByItem"><block type="variables_get" id=":c13V||b?U83UiRCP.l+"><field name="VAR">item</field></block></value></block></value><next><block type="set_object_property" id="c8wPLS|i;apP~OF^l;(/"><value name="object"><block type="root_block_ui_builder_common__context_blocks_pageData" id="VYmRK+^,TgH0UUnqF|GD" bl_meta="{&quot;label&quot;:&quot;Page Data&quot;}"></block></value><value name="propName"><shadow type="text" id="siZmL@c@qK6]@}8:?(hG"><field name="TEXT">version</field></shadow></value><value name="propValue"><block type="get_object_property" id="Pm6#4%*IVCH:|,8u?v{@"><value name="prop_name"><shadow type="text" id="(di#Z:Pi4FsTrv/n+s[,"><field name="TEXT">latest</field></shadow></value><value name="object"><block type="variables_get" id="$#PLg*R%3y/xlx)!4;#u"><field name="VAR">getVersionList</field></block></value></block></value></block></next></block></next></block></statement><statement name="catch"><block type="text_print" id="[z7!-6AA+[1H4vXsY{NA"><value name="TEXT"><block type="variables_get" id="fT`h,:%w`If(WipiTpSI"><field name="VAR">error</field></block></value></block></statement><next><block type="controls_if" id="RvKVk^I!/|r`.{|J{`%P"><value name="IF0"><block type="ui_common_blocks__get_component_by_id" id="Nv385p|(7t$V{YyFQ3LA" bl_meta="{&quot;label&quot;:&quot;Get component by id&quot;}"><field name="componentUid">'4f334f9dc1010f33ff9a725c1781b1c7'</field></block></value><statement name="DO0"><block type="set_object_property" id="pLxj[U%gmIQz?geDH8l6"><value name="object"><block type="ui_common_blocks__get_component_data_style" id="T-_]PijAY69k^?~4O|};" bl_meta="{&quot;label&quot;:&quot;Get component style&quot;}"><field name="componentUid">'4f334f9dc1010f33ff9a725c1781b1c7'</field></block></value><value name="propName"><shadow type="text" id="t{|kPnL@P;87[;)P|;5="><field name="TEXT">display</field></shadow></value><value name="propValue"><block type="text" id="HZA,+A|BS,v#o72D_+K~"><field name="TEXT">none</field></block></value></block></statement><next><block type="controls_if" id="(7fVvEm^ESc1g+FX49BN"><value name="IF0"><block type="ui_common_blocks__get_component_by_id" id=")d2_1NOSWAA!ETt7w{TK" bl_meta="{&quot;label&quot;:&quot;Get component by id&quot;}"><field name="componentUid">'924202b19f0ef683e3940a99b258d565'</field></block></value><statement name="DO0"><block type="set_object_property" id="nMOxsew-ua{lum:]LNHq"><value name="object"><block type="ui_common_blocks__get_component_data_style" id="RW%N^5hZ9u^cjQIp[;mC" bl_meta="{&quot;label&quot;:&quot;Get component style&quot;}"><field name="componentUid">'924202b19f0ef683e3940a99b258d565'</field></block></value><value name="propName"><shadow type="text" id="@lX[2khCyOt+~xiWc%1q"><field name="TEXT">display</field></shadow></value><value name="propValue"><block type="text" id="%/+Fh+|E4i0oMZdca3?]"><field name="TEXT">flex</field></block></value></block></statement></block></next></block></next></block></next></block></next></block></next></block></next></block></next></block></next></block></statement></block></xml>