<xml xmlns="http://www.w3.org/1999/xhtml"><block type="root_block_ui_builder_text_onContentAssignment_handler" id="z[}[+4Hd4#yqzUy+qT~=" deletable="false" x="20" y="50"><value name="return"><block type="get_object_property" id=",%rG#7#;bGn7aiQ%`-W+"><value name="prop_name"><shadow type="text" id="z$Q-z9wO;z)=0~2%!-/X"><field name="TEXT">status</field></shadow></value><value name="object"><block type="root_block_ui_builder_common__context_blocks_pageData" id="vFt{.^7GkQa!k%DC4iI^" bl_meta="{&quot;label&quot;:&quot;Page Data&quot;}"></block></value></block></value></block></xml>