<xml xmlns="http://www.w3.org/1999/xhtml"><block type="root_block_ui_builder_block_onClassListAssignment_handler" id="X9pqM6I?:s@w1)Vfjc}U" deletable="false" x="20" y="50"><statement name="statements_code"><block type="controls_if" id="1~h1E*Ybj!y*P?NqjM~E"><value name="IF0"><block type="get_object_property" id="~N@bQ;u=7B=YJn*QQCS;"><value name="prop_name"><shadow type="text" id="hx.aF/1Ce8%3ebQdjR#q"><field name="TEXT">menuError</field></shadow></value><value name="object"><block type="root_block_ui_builder_common__context_blocks_pageData" id="XM:%:(wYH%{ui-HZS6:h" bl_meta="{&quot;label&quot;:&quot;Page Data&quot;}"></block></value></block></value><statement name="DO0"><block type="codeless_function_block_8f16ba2ef5c9c7a7b32d569b3762f6c4" id="9tKbi8IyPko,cdi|@#@I" bl_meta="{&quot;fn&quot;:&quot;showMessage&quot;,&quot;label&quot;:&quot;Custom Function - showMessage&quot;}"><value name="pageData"><block type="root_block_ui_builder_common__context_blocks_pageData" id="(CZ!9JipsY66wDwY}t.?" bl_meta="{&quot;label&quot;:&quot;Page Data&quot;}"></block></value><value name="message"><block type="get_object_property" id=";lU^:RYO0NV6r/i_M1p|"><value name="prop_name"><shadow type="text" id="O)kq(Q`kO6;[jA[fHC!6"><field name="TEXT">menuError</field></shadow></value><value name="object"><block type="root_block_ui_builder_common__context_blocks_pageData" id="cN:]~;Y5r8+i*+k|1dWi" bl_meta="{&quot;label&quot;:&quot;Page Data&quot;}"></block></value></block></value><value name="color"><block type="text" id="o`eWWS3A|SF0bte!`];:"><field name="TEXT">#ffa500</field></block></value><value name="alert"><block type="ui_common_blocks__get_component_by_id" id=",^7KVtk;h/mUEFbeb4p6"><field name="componentUid">1921a9cd7ebbed5892b11a47806e6baa</field></block></value><value name="styleAlert"><block type="ui_common_blocks__get_component_data_style" id="#m)kcjT]?O@dFnO@1etP"><field name="componentUid">1921a9cd7ebbed5892b11a47806e6baa</field></block></value><value name="styleAlertText"><block type="ui_common_blocks__get_component_data_style" id="ptm`^;HAq,jQ_yVQI?1*"><field name="componentUid">4eda51021b746238c2714d9f1947b5c5</field></block></value></block></statement></block></statement><value name="return"><block type="lists_create_with" id=",(elnYtsrjMCgl96mV%2"><mutation items="1"></mutation><value name="ADD0"><block type="text" id="n:v`O)-07Q4(R2Wa,suZ"><field name="TEXT">ServerLogs</field></block></value></block></value></block></xml>