<xml xmlns="http://www.w3.org/1999/xhtml"><block type="root_block_ui_builder_button_onClassListAssignment_handler" id=",R~-F6uFZw^Pj+/~M@~%" deletable="false" x="20" y="50"><value name="return"><block type="logic_ternary" id="},C{4L)K?n--(bm@Z+TQ"><value name="IF"><block type="logic_compare" id="a9dB?S0v6SC1LBDkqtZW"><field name="OP">EQ</field><value name="A"><block type="get_object_property" id="hf.FMzME_RD4cRQe0Pqv" inline="false"><value name="prop_name"><shadow type="text" id="{}4yt+(VE)fhCtXNLc^N"><field name="TEXT">domain</field></shadow></value><value name="object"><block type="root_block_ui_builder_common__context_blocks_8df5e86e263721a17d2eb9a2f1451d2c_data" id="06BzqhMX{Wv4`bQL5u-y" bl_meta="{&quot;label&quot;:&quot;\&quot;ingress container\&quot; Repeater Data Item&quot;,&quot;dynamicListId&quot;:&quot;9f186f89932cdfe880554e43f4f916a1&quot;}"></block></value></block></value><value name="B"><block type="logic_null" id="w?8lOmw;p||,#=mvt+G3"></block></value></block></value><value name="THEN"><block type="lists_create_with" id="k:[rZ_kKYfSYDx~jjc4v"><mutation items="2"></mutation><value name="ADD0"><block type="text" id="FY/Wg0j-4o[Ci+sr:@T4"><field name="TEXT">SaveButton</field></block></value><value name="ADD1"><block type="text" id="7-^5~cO|g?3=j2I0y+tm"><field name="TEXT">ingress__disabled</field></block></value></block></value><value name="ELSE"><block type="lists_create_with" id=",Cf%PgQiyL.~~,,=MvMo"><mutation items="2"></mutation><value name="ADD0"><block type="text" id="LZQnB3}0NzIkTS]K{O?t"><field name="TEXT">SaveButton</field></block></value><value name="ADD1"><block type="text" id="N.+NsmM.4r-zmndj;XN%"><field name="TEXT">management__DeleteBtn</field></block></value></block></value></block></value></block></xml>