<xml xmlns="http://www.w3.org/1999/xhtml"><block type="root_block_ui_builder_page_onEnter_handler" id="T(H*cS|ld~v7Y}LkC,4F" deletable="false" x="20" y="50"><statement name="statements_code"><block type="local_storage_delete" id="|*A(9;TCoW]NGogQBaV^"><value name="key"><shadow type="text" id="i.[cN_e]DEn.#YXf5w0t"><field name="TEXT">originLoad</field></shadow></value><next><block type="controls_if" id="EsJjt^E1,9U@0}%+}yuZ"><value name="IF0"><block type="logic_negate" id="{^3=Kt{3-4yIC[l=0]zd"><value name="BOOL"><block type="get_object_property" id="wAAeUU=I}HT6gMIZ.gcU"><value name="prop_name"><shadow type="text" id="M,|R.(}NB3*jHTFcROz!"><field name="TEXT">pageRedis</field></shadow></value><value name="object"><block type="root_block_ui_builder_common__context_blocks_appData" id="%8/$@6{ekU)V(EbIDk]w" bl_meta="{&quot;label&quot;:&quot;App Data&quot;}"></block></value></block></value></block></value><statement name="DO0"><block type="controls_if" id="M#Y)vNZg`0oVRl#qo-%m"><value name="IF0"><block type="ui_common_blocks__get_component_by_id" id="W[IIoW16%jV.1dCqJ7kT" bl_meta="{&quot;label&quot;:&quot;Get component by id&quot;}"><field name="componentUid">'766bf461796308dbbad8e8489727e7c2'</field></block></value><statement name="DO0"><block type="ui_common_blocks__toggle_component_visibility" id="YM,QYMq3niiv6?#1ri{l" bl_meta="{&quot;label&quot;:&quot;Toggle component visibility&quot;}"><field name="componentUid">'766bf461796308dbbad8e8489727e7c2'</field><value name="visible"><block type="logic_boolean" id="N4`8,F.jr6J^2[O|iR*Z"><field name="BOOL">FALSE</field></block></value></block></statement><next><block type="controls_if" id="~{VC:GaF{evUWlhcTN6`"><value name="IF0"><block type="ui_common_blocks__get_component_by_id" id="cf$KD@s$nH90~DhYpnr+" bl_meta="{&quot;label&quot;:&quot;Get component by id&quot;}"><field name="componentUid">'98d2fb4586130cee7f8120193c5d4ccf'</field></block></value><statement name="DO0"><block type="set_object_property" id="`/00rxrG.PE[,]2U`(Js"><value name="object"><block type="ui_common_blocks__get_component_data_style" id="7f~J4`L$^n0=c!_W7Gb]" bl_meta="{&quot;label&quot;:&quot;Get component style&quot;}"><field name="componentUid">'98d2fb4586130cee7f8120193c5d4ccf'</field></block></value><value name="propName"><shadow type="text" id="tSNELnOI]B5+]:D!*)T~"><field name="TEXT">display</field></shadow></value><value name="propValue"><block type="text" id="^(#E*UchUM8O{48|mWKk"><field name="TEXT">flex</field></block></value></block></statement><next><block type="timer_wait" id="=i?Lx+|c*7*NT#H3^_:#"><value name="time"><shadow type="math_number" id="Z/D_4FR;hdil%ExB^suJ"><field name="NUM">1000</field></shadow></value><next><block type="controls_if" id="aJa)f+f%`TnN0IB],n{A"><value name="IF0"><block type="ui_common_blocks__get_component_by_id" id="GF.njED^T6XV=^qyrh]x" bl_meta="{&quot;label&quot;:&quot;Get component by id&quot;}"><field name="componentUid">'98d2fb4586130cee7f8120193c5d4ccf'</field></block></value><statement name="DO0"><block type="set_object_property" id="]j4dhEao.C)Yly|bS!W="><value name="object"><block type="ui_common_blocks__get_component_data_style" id=")zSujugD*0vGWNY0^C5`" bl_meta="{&quot;label&quot;:&quot;Get component style&quot;}"><field name="componentUid">'98d2fb4586130cee7f8120193c5d4ccf'</field></block></value><value name="propName"><shadow type="text" id="e!D$XKMo.:Jl8m1vpizO"><field name="TEXT">display</field></shadow></value><value name="propValue"><block type="text" id="0C^KrZ~b@?`HK*ud.vx+"><field name="TEXT">none</field></block></value></block></statement><next><block type="controls_if" id="[YICEiFB$UB7x*eBIm_K"><value name="IF0"><block type="ui_common_blocks__get_component_by_id" id="`cHFZCu1M;V[,sb#l!Ty" bl_meta="{&quot;label&quot;:&quot;Get component by id&quot;}"><field name="componentUid">'766bf461796308dbbad8e8489727e7c2'</field></block></value><statement name="DO0"><block type="ui_common_blocks__toggle_component_visibility" id="hCLI4hDpW#|bc#qsw|@Y" bl_meta="{&quot;label&quot;:&quot;Toggle component visibility&quot;}"><field name="componentUid">'766bf461796308dbbad8e8489727e7c2'</field><value name="visible"><block type="logic_boolean" id="-e8K[S*P~HH_IL`U}-T/"><field name="BOOL">TRUE</field></block></value></block></statement><next><block type="set_object_property" id="+C`jMp|+(Bx[VV[M14]("><value name="object"><block type="root_block_ui_builder_common__context_blocks_appData" id="Pc*#MDl-m3e:-:*~t=R7" bl_meta="{&quot;label&quot;:&quot;App Data&quot;}"></block></value><value name="propName"><shadow type="text" id="6`oz+te*Cvi.bLzcLeH@"><field name="TEXT">pageRedis</field></shadow></value><value name="propValue"><block type="logic_boolean" id="yoqP*kMHYW1](,cCNq^:"><field name="BOOL">TRUE</field></block></value></block></next></block></next></block></next></block></next></block></next></block></statement><next><block type="controls_if" id="Do~8U;%JqKF3sY^#[I5Q"><value name="IF0"><block type="get_object_property" id="@?H681lUVAO7{7wp]]Jh"><value name="prop_name"><shadow type="text" id="Tip#81QK$fC/a9gq)G5W"><field name="TEXT">pageRedis</field></shadow></value><value name="object"><block type="root_block_ui_builder_common__context_blocks_appData" id="|/^[:$aHNWq@XUsCX1S]" bl_meta="{&quot;label&quot;:&quot;App Data&quot;}"></block></value></block></value><statement name="DO0"><block type="controls_if" id="gdv{*gm52K^x}{+9(IQK"><value name="IF0"><block type="ui_common_blocks__get_component_by_id" id="@#sffR~=w|Xxca0[U2?P" bl_meta="{&quot;label&quot;:&quot;Get component by id&quot;}"><field name="componentUid">'766bf461796308dbbad8e8489727e7c2'</field></block></value><statement name="DO0"><block type="ui_common_blocks__toggle_component_visibility" id="T}HUtiga-hB{T]GDtzrN" bl_meta="{&quot;label&quot;:&quot;Toggle component visibility&quot;}"><field name="componentUid">'766bf461796308dbbad8e8489727e7c2'</field><value name="visible"><block type="logic_boolean" id="SQ{fayR~@t5Sm#/poh|v"><field name="BOOL">TRUE</field></block></value></block></statement></block></statement></block></next></block></next></block></statement></block></xml>