<xml xmlns="http://www.w3.org/1999/xhtml"><block type="root_block_ui_builder_block_onMounted_handler" id="JdO1=b!W:/*~4V0RY#%z" deletable="false" x="20" y="50"><statement name="statements_code"><block type="controls_if" id="@jH0|yVUpj/Ew@lT-WFF"><value name="IF0"><block type="ui_common_blocks__get_component_by_id" id="!l,$dV+v%sUvb3/d=j.o" bl_meta="{&quot;label&quot;:&quot;Get component by id&quot;}"><field name="componentUid">'924202b19f0ef683e3940a99b258d565'</field></block></value><statement name="DO0"><block type="set_object_property" id="Lu/aR3-7r~D^#/L?6)t["><value name="object"><block type="ui_common_blocks__get_component_data_style" id=":CgiF#UJpj_8Y;aL|S5t" bl_meta="{&quot;label&quot;:&quot;Get component style&quot;}"><field name="componentUid">'924202b19f0ef683e3940a99b258d565'</field></block></value><value name="propName"><shadow type="text" id="@lF[O~dO]0v7_)4p|wUA"><field name="TEXT">display</field></shadow></value><value name="propValue"><block type="text" id="+yjS8iTPpwR(R|%,/xcm"><field name="TEXT">none</field></block></value></block></statement><next><block type="controls_if" id="qK^PL6).dVUD-rBctDh["><value name="IF0"><block type="ui_common_blocks__get_component_by_id" id="P2$6@GA)PFvn$iQwT4|^" bl_meta="{&quot;label&quot;:&quot;Get component by id&quot;}"><field name="componentUid">'4f334f9dc1010f33ff9a725c1781b1c7'</field></block></value><statement name="DO0"><block type="set_object_property" id="/lesGj4Ig36jLq7NY:OH"><value name="object"><block type="ui_common_blocks__get_component_data_style" id="z,+8qSj,VY;aNyEj,lsQ" bl_meta="{&quot;label&quot;:&quot;Get component style&quot;}"><field name="componentUid">'4f334f9dc1010f33ff9a725c1781b1c7'</field></block></value><value name="propName"><shadow type="text" id="EpHZ%P:%d;Ex.?P.%OLd"><field name="TEXT">display</field></shadow></value><value name="propValue"><block type="text" id="}C1vLCew}i_nEW:WOsxz"><field name="TEXT">flex</field></block></value></block></statement><next><block type="set_object_property" id="n6Yv*JsT65MD`N#{}M#D"><value name="object"><block type="root_block_ui_builder_common__context_blocks_pageData" id="fk,#B-I?c{wwc0mD9hR:" bl_meta="{&quot;label&quot;:&quot;Page Data&quot;}"></block></value><value name="propName"><shadow type="text" id="H6$Jfb]90:L[@I(@C)?o"><field name="TEXT">description</field></shadow></value><value name="propValue"><block type="codeless_function_block_696a14dd8d2f85be7023c2c4441a65a5" id="OJzyKYT^#Fe[7Z07pJ~!" bl_meta="{&quot;fn&quot;:&quot;ProManagerAPI&quot;,&quot;label&quot;:&quot;Custom Function - ProManagerAPI&quot;}"><mutation has_output="true"></mutation><field name="connections_toggler">TRUE</field><value name="method"><block type="text" id="0=449=qjc|ja-AkFF;Ig"><field name="TEXT">get</field></block></value><value name="path"><block type="text" id=")xMa9+w)l{230Jdpo[wp"><field name="TEXT">/manage/configuration/redis/describe</field></block></value></block></value><next><block type="set_object_property" id="t,H1/jB9XML-m94GN5H4"><value name="object"><block type="root_block_ui_builder_common__context_blocks_pageData" id="%;(9!39qh`wD`HoAbypM" bl_meta="{&quot;label&quot;:&quot;Page Data&quot;}"></block></value><value name="propName"><shadow type="text" id="(pYAu`Vjn9TTAb_AbY}r"><field name="TEXT">redisContainer</field></shadow></value><value name="propValue"><block type="codeless_function_block_696a14dd8d2f85be7023c2c4441a65a5" id=",=CxhMoM+6Cr?cNRMyRf" bl_meta="{&quot;fn&quot;:&quot;ProManagerAPI&quot;,&quot;label&quot;:&quot;Custom Function - ProManagerAPI&quot;}"><mutation has_output="true"></mutation><field name="connections_toggler">TRUE</field><value name="method"><block type="text" id=";|oiIy(KY!F}{Oqa$x/d"><field name="TEXT">get</field></block></value><value name="path"><block type="text" id="?U:J_Q)CbV3#BtCnLz!5"><field name="TEXT">/manage/configuration/redis/config</field></block></value></block></value><next><block type="controls_if" id="6U9syjc]FEV3D]p8rA-!"><value name="IF0"><block type="ui_common_blocks__get_component_by_id" id="~h.{}2#1mt~A`%D5cn(D" bl_meta="{&quot;label&quot;:&quot;Get component by id&quot;}"><field name="componentUid">'4f334f9dc1010f33ff9a725c1781b1c7'</field></block></value><statement name="DO0"><block type="set_object_property" id="Ghj=+`5f!HP2@Quybh2."><value name="object"><block type="ui_common_blocks__get_component_data_style" id="1u]:u8qa8P_]8iqI(YJo" bl_meta="{&quot;label&quot;:&quot;Get component style&quot;}"><field name="componentUid">'4f334f9dc1010f33ff9a725c1781b1c7'</field></block></value><value name="propName"><shadow type="text" id="r^=_u[fn%+m-ooeMpRLO"><field name="TEXT">display</field></shadow></value><value name="propValue"><block type="text" id="Ce7YyLAQ:6q(M{PQS3uJ"><field name="TEXT">none</field></block></value></block></statement><next><block type="controls_if" id="xMn(Y.i;~|yD1`xJStF["><value name="IF0"><block type="ui_common_blocks__get_component_by_id" id="ObhAH+5xex(+aK;NeQ|1" bl_meta="{&quot;label&quot;:&quot;Get component by id&quot;}"><field name="componentUid">'924202b19f0ef683e3940a99b258d565'</field></block></value><statement name="DO0"><block type="set_object_property" id="KdALrDtI-t#to@54;dFN"><value name="object"><block type="ui_common_blocks__get_component_data_style" id="~q}Eo+Zu]tNuy]hrr+!r" bl_meta="{&quot;label&quot;:&quot;Get component style&quot;}"><field name="componentUid">'924202b19f0ef683e3940a99b258d565'</field></block></value><value name="propName"><shadow type="text" id="ctIUM-1,f_=hU%2~OL^8"><field name="TEXT">display</field></shadow></value><value name="propValue"><block type="text" id="m.jh+TsBp:0/F)o4X{!`"><field name="TEXT">flex</field></block></value></block></statement></block></next></block></next></block></next></block></next></block></next></block></statement></block></xml>