<xml xmlns="http://www.w3.org/1999/xhtml"><block type="root_block_ui_builder_button_onClick_handler" id="0gU-}1WvC7I7%wHVRT{6" deletable="false" x="20" y="50"><statement name="statements_code"><block type="try_catch" id="sJM.Jq/aiiwl~/V~Mg`1"><statement name="try"><block type="controls_if" id="3:vk.ceXMT;U9KHF#SL4"><value name="IF0"><block type="logic_compare" id="BEon??R9U^#];_)Q(B5f" inline="false"><field name="OP">EQ</field><value name="A"><block type="get_object_property" id="?KX(@u)M2DUSV@aFZ+8b"><value name="prop_name"><shadow type="text" id="s*^`D?SF~(`z;k*6_%Y2"><field name="TEXT">removePro</field></shadow></value><value name="object"><block type="root_block_ui_builder_common__context_blocks_pageData" id="9XAa4Q7sqUmG~)ZU4S%F" bl_meta="{&quot;label&quot;:&quot;Page Data&quot;}"></block></value></block></value><value name="B"><block type="text" id="D,NFM~_a3_*{*{vc{}!N"><field name="TEXT">DELETE Backendless Pro</field></block></value></block></value><statement name="DO0"><block type="codeless_function_block_696a14dd8d2f85be7023c2c4441a65a5" id="PuCZzeA[s(]f#9KJx^gd" bl_meta="{&quot;fn&quot;:&quot;ProManagerAPI&quot;,&quot;label&quot;:&quot;Custom Function - ProManagerAPI&quot;}"><mutation has_output="false"></mutation><field name="connections_toggler">FALSE</field><value name="method"><block type="http_request_method" id="9{~!;.7|v{N/2i4|!{i6"><field name="method">delete</field></block></value><value name="path"><block type="text" id="/c+eNK{l[{vp#WXwg(Ig"><field name="TEXT">/install/delete</field></block></value><next><block type="ui_dynamic_category__app-router__goto_page" id="19ER[HbAc*07P7;zG_04" bl_meta="{&quot;label&quot;:&quot;Dynamic Block: Go To Page&quot;}"><value name="pageName"><shadow type="text" id="!BIEIuxz^,O3L?*N~hN+"><field name="TEXT">install</field></shadow></value></block></next></block></statement></block></statement><statement name="catch"><block type="ui_common_blocks__toggle_component_visibility" id="M`j0wc7BsjYrbEms`K(7" bl_meta="{&quot;label&quot;:&quot;Toggle component visibility&quot;}"><field name="componentUid">'ae42dd3544d537160fb2c47fb5a4f00e'</field><value name="visible"><block type="logic_boolean" id="X5,TRn2t;PpwJ6.64B0v"><field name="BOOL">TRUE</field></block></value><next><block type="text_print" id="1wvdK)EDoP~m)q1JJ6.["><value name="TEXT"><block type="variables_get" id="e)p)9dCqlW]jUHRa~q`7"><field name="VAR">error</field></block></value></block></next></block></statement></block></statement></block></xml>