<xml xmlns="http://www.w3.org/1999/xhtml"><block type="root_block_ui_builder_button_onStyleAssignment_handler" id="VKZ23-J=G+IuFxYoI@pD" deletable="false" x="20" y="50"><statement name="statements_code"><block type="controls_if" id="brej$7-SG*0Czh=QRrnr"><mutation else="1"></mutation><value name="IF0"><block type="get_object_property" id="K9C4_z#?2}x+5K((BOM9"><value name="prop_name"><shadow type="text" id="-@yJw!/C1!WV}{kx|($|"><field name="TEXT">btnRemoveDisabled</field></shadow></value><value name="object"><block type="root_block_ui_builder_common__context_blocks_pageData" id=",G%l=VwOA)JkS?L2?wjS" bl_meta="{&quot;label&quot;:&quot;Page Data&quot;}"></block></value></block></value><statement name="DO0"><block type="set_object_property" id="4D!Wx@Ydz7TgzZHyik=d"><value name="object"><block type="ui_common_blocks__get_component_data_style" id="E#QEP/a~{9/CL5;J.C-I" bl_meta="{&quot;label&quot;:&quot;Get component style&quot;}"><field name="componentUid">'d1bed328af1f6f344afc053369cdf082'</field></block></value><value name="propName"><shadow type="text" id="(g)NmS2(dINq7Dy!BP.1"><field name="TEXT">opacity</field></shadow></value><value name="propValue"><block type="math_number" id="1+OZ+tBWA7`9jLXO9zXK"><field name="NUM">0.65</field></block></value></block></statement><statement name="ELSE"><block type="set_object_property" id="@ffm1zSNeXhO.%1^+cS,"><value name="object"><block type="ui_common_blocks__get_component_data_style" id="C=I]_y9#0_onvjF1y}cg" bl_meta="{&quot;label&quot;:&quot;Get component style&quot;}"><field name="componentUid">'d1bed328af1f6f344afc053369cdf082'</field></block></value><value name="propName"><shadow type="text" id="d6+h0*{-cxoU#|-b~u:Y"><field name="TEXT">opacity</field></shadow></value><value name="propValue"><block type="math_number" id="pLy:g7*Cj0[^~DU@`)J@"><field name="NUM">1</field></block></value></block></statement></block></statement><value name="return"><block type="ui_common_blocks__get_component_data_style" id="[wk^Fx^MsN42^/2A+F~@" bl_meta="{&quot;label&quot;:&quot;Get component style&quot;}"><field name="componentUid">'d1bed328af1f6f344afc053369cdf082'</field></block></value></block></xml>