{
  "components": {
    "9f186f89932cdfe880554e43f4f916a1": {
      "id": "management container",
      "type": "block",
      "moduleType": "system",
      "moduleId": "block",
      "handlers": {
        "onMounted": {
          "usedCustomFunctions": [
            "696a14dd8d2f85be7023c2c4441a65a5"
          ]
        }
      }
    },
    "5a537424c7d5f0fa5c2169ba52cdc3b9": {
      "id": "management SaveBtn",
      "type": "button",
      "moduleType": "system",
      "moduleId": "button",
      "handlers": {
        "onClick": {
          "usedCustomFunctions": []
        }
      }
    },
    "b4ac65b40f178182007af4f16afe24d6": {
      "id": "management controls",
      "type": "block",
      "moduleType": "system",
      "moduleId": "block",
      "handlers": {
        "onMounted": {
          "usedCustomFunctions": []
        }
      }
    },
    "33a848b796b77f762a2122974b1af0aa": {
      "id": "management SaveRestartBtn",
      "type": "button",
      "moduleType": "system",
      "moduleId": "button",
      "handlers": {
        "onClick": {
          "usedCustomFunctions": []
        }
      }
    },
    "ea1df98b3023353c2169a1abea133c3b": {
      "id": "CreateUser CloseBtn",
      "type": "icon",
      "moduleType": "system",
      "moduleId": "icon",
      "handlers": {
        "onClick": {
          "usedCustomFunctions": []
        }
      }
    },
    "8f4c69df692fc0b15ebc79a8b25418e6": {
      "id": "management CreateUser",
      "type": "button",
      "moduleType": "system",
      "moduleId": "button",
      "handlers": {
        "onClick": {
          "usedCustomFunctions": []
        }
      }
    },
    "363a0a2a92aa5bcb62b17eba85b1d7a8": {
      "id": "CreateUser__CreateBtn",
      "type": "button",
      "moduleType": "system",
      "moduleId": "button",
      "handlers": {
        "onClick": {
          "usedCustomFunctions": [
            "696a14dd8d2f85be7023c2c4441a65a5",
            "8f16ba2ef5c9c7a7b32d569b3762f6c4"
          ]
        }
      }
    },
    "0681c698ed65058599f21cdecce92e8d": {
      "id": "InputName",
      "type": "input",
      "moduleType": "system",
      "moduleId": "input",
      "handlers": {
        "onChange": {
          "dependencies": []
        }
      }
    },
    "a6868ac85ed520f809ceb0b4830d26ed": {
      "id": "InputPassword",
      "type": "input",
      "moduleType": "system",
      "moduleId": "input",
      "handlers": {
        "onChange": {
          "dependencies": []
        }
      }
    },
    "45d92809be072fc19a6f16beadcb1cd3": {
      "id": "InputConfirm",
      "type": "input",
      "moduleType": "system",
      "moduleId": "input",
      "handlers": {
        "onChange": {
          "dependencies": []
        }
      }
    },
    "b4398d5c0048d80587b9664d8f5eac11": {
      "id": "CreateUser form",
      "type": "form",
      "moduleType": "system",
      "moduleId": "form",
      "handlers": {
        "onMounted": {
          "usedCustomFunctions": []
        }
      }
    },
    "page": {
      "type": "page",
      "moduleType": "system",
      "moduleId": "page",
      "handlers": {
        "onLeave": {
          "dependencies": []
        },
        "onEnter": {
          "dependencies": []
        }
      }
    },
    "8927183bdee3889fa44288bf76731ebd": {
      "id": "ModalConfirm CloseBtn",
      "type": "icon",
      "moduleType": "system",
      "moduleId": "icon",
      "handlers": {
        "onClick": {
          "usedCustomFunctions": []
        }
      }
    },
    "8238b1fa04db49ac4312630541517244": {
      "id": "ModalConfirm btn cancel",
      "type": "button",
      "moduleType": "system",
      "moduleId": "button",
      "handlers": {
        "onClick": {
          "usedCustomFunctions": []
        }
      }
    },
    "e27668188bad5334c6aa19d148437bbe": {
      "id": "ModalConfirm btn delete",
      "type": "button",
      "moduleType": "system",
      "moduleId": "button",
      "handlers": {
        "onClick": {
          "usedCustomFunctions": [
            "696a14dd8d2f85be7023c2c4441a65a5",
            "8f16ba2ef5c9c7a7b32d569b3762f6c4"
          ]
        }
      }
    },
    "bff4d8ac579f78a648132998464e4919": {
      "id": "ModalConfirm",
      "type": "block",
      "moduleType": "system",
      "moduleId": "block",
      "handlers": {
        "onClick": {
          "usedCustomFunctions": []
        }
      }
    },
    "6b0596ebe49ddb2479778e1710a582ae": {
      "id": "ModalConfirm message",
      "type": "text",
      "moduleType": "system",
      "moduleId": "text",
      "handlers": {
        "onContentAssignment": {
          "usedCustomFunctions": []
        }
      }
    },
    "1744db9f250d6ba85e3435fc3be3660e": {
      "id": "CreateUser",
      "type": "block",
      "moduleType": "system",
      "moduleId": "block",
      "handlers": {
        "onClick": {
          "usedCustomFunctions": []
        }
      }
    }
  },
  "dataBinding": {},
  "usedComponentTypes": [
    "block",
    "r_eecdebf7a73f3c5e1cffd6bc92dbd289",
    "r_dcac843a154c1eb2e28a4a08b5d34fec",
    "text",
    "button",
    "icon",
    "form",
    "input"
  ],
  "style": {},
  "attrs": {},
  "pods": {}
}