<xml xmlns="http://www.w3.org/1999/xhtml"><block type="root_block_ui_builder_button_onClick_handler" id="@u|@Cc+@cozsugJuP,LS" deletable="false" x="20" y="50"><statement name="statements_code"><block type="set_object_property" id="MZF:(V#T=Ww^lf|zHB9?"><value name="object"><block type="root_block_ui_builder_common__context_blocks_pageData" id="R1QvXk-WP.nDo*4glVm~" bl_meta="{&quot;label&quot;:&quot;Page Data&quot;}"></block></value><value name="propName"><shadow type="text" id="s_=t%1|[oovvc$bhVTKZ"><field name="TEXT">downloadBtnDisabled</field></shadow></value><value name="propValue"><block type="logic_boolean" id="3jGacsia*Wk~g|rGIX`i"><field name="BOOL">TRUE</field></block></value><next><block type="set_object_property" id="`Gp~cCCL].se2}3|d)}K"><value name="object"><block type="root_block_ui_builder_common__context_blocks_pageData" id="SNh+X63-e;I3ao6JBUJW" bl_meta="{&quot;label&quot;:&quot;Page Data&quot;}"></block></value><value name="propName"><shadow type="text" id="k$Bg1w}}bc:-3`RS@@g9"><field name="TEXT">downloadBtnLabel</field></shadow></value><value name="propValue"><block type="text" id="7B7DQg+aM*4PK/[xWd-}"><field name="TEXT">Downloading...</field></block></value><next><block type="custom_js_code" id="w;,l?#pP8n?qwNOby{2}"><mutation output="false"><code>"var _global=\"object\"==typeof window&amp;&amp;window.window===window?window:\"object\"==typeof self&amp;&amp;self.self===self?self:\"object\"==typeof global&amp;&amp;global.global===global?global:this;function bom(e,t){return(void 0===t?t={autoBom:!1}:\"object\"!=typeof t&amp;&amp;(console.warn(\"Deprecated: Expected third argument to be a object\"),t={autoBom:!t}),t.autoBom&amp;&amp;/^\\s*(?:text\\/\\S*|application\\/xml|\\S*\\/\\S*\\+xml)\\s*;.*charset\\s*=\\s*utf-8/i.test(e.type))?new Blob([\"\\uFEFF\",e],{type:e.type}):e}function download(e,t,o){var n=new XMLHttpRequest;n.open(\"GET\",e),n.responseType=\"blob\",n.onload=function(){saveAs(n.response,t,o)},n.onerror=function(){console.error(\"could not download file\")},n.send()}function corsEnabled(e){var t=new XMLHttpRequest;t.open(\"HEAD\",e,!1);try{t.send()}catch(o){}return t.status&gt;=200&amp;&amp;t.status&lt;=299}function click(e){try{e.dispatchEvent(new MouseEvent(\"click\"))}catch(t){var o=document.createEvent(\"MouseEvents\");o.initMouseEvent(\"click\",!0,!0,window,0,0,0,80,20,!1,!1,!1,!1,0,null),e.dispatchEvent(o)}}var isMacOSWebView=_global.navigator&amp;&amp;/Macintosh/.test(navigator.userAgent)&amp;&amp;/AppleWebKit/.test(navigator.userAgent)&amp;&amp;!/Safari/.test(navigator.userAgent),saveAs=_global.saveAs||(\"object\"!=typeof window||window!==_global?function e(){}:\"download\"in HTMLAnchorElement.prototype&amp;&amp;!isMacOSWebView?function e(t,o,n){var a=_global.URL||_global.webkitURL,l=document.createElementNS(\"http://www.w3.org/1999/xhtml\",\"a\");o=o||t.name||\"download\",l.download=o,l.rel=\"noopener\",\"string\"==typeof t?(l.href=t,l.origin!==location.origin?corsEnabled(l.href)?download(t,o,n):click(l,l.target=\"_blank\"):click(l)):(l.href=a.createObjectURL(t),setTimeout(function(){a.revokeObjectURL(l.href)},4e4),setTimeout(function(){click(l)},0))}:\"msSaveOrOpenBlob\"in navigator?function e(t,o,n){if(o=o||t.name||\"download\",\"string\"==typeof t){if(corsEnabled(t))download(t,o,n);else{var a=document.createElement(\"a\");a.href=t,a.target=\"_blank\",setTimeout(function(){click(a)})}}else navigator.msSaveOrOpenBlob(bom(t,n),o)}:function e(t,o,n,a){if((a=a||open(\"\",\"_blank\"))&amp;&amp;(a.document.title=a.document.body.innerText=\"downloading...\"),\"string\"==typeof t)return download(t,o,n);var l=\"application/octet-stream\"===t.type,r=/constructor/i.test(_global.HTMLElement)||_global.safari,c=/CriOS\\/[\\d]+/.test(navigator.userAgent);if((c||l&amp;&amp;r||isMacOSWebView)&amp;&amp;\"undefined\"!=typeof FileReader){var i=new FileReader;i.onloadend=function(){var e=i.result;e=c?e:e.replace(/^data:[^;]*;/,\"data:attachment/file;\"),a?a.location.href=e:location=e,a=null},i.readAsDataURL(t)}else{var s=_global.URL||_global.webkitURL,d=s.createObjectURL(t);a?a.location=d:location.href=d,a=null,setTimeout(function(){s.revokeObjectURL(d)},4e4)}});_global.saveAs=saveAs.saveAs=saveAs,\"undefined\"!=typeof module&amp;&amp;(module.exports=saveAs);\n\nlet textForSave = logFileText;\nlet blob = new Blob([textForSave], { type: \"text/plain;charset=utf-8\" });\nsaveAs(blob, \"log-file.txt\");"</code></mutation><field name="name">save_log</field><next><block type="set_object_property" id="PJb.HWAs:EtDt?x`.1Y%"><value name="object"><block type="root_block_ui_builder_common__context_blocks_pageData" id="#Uo?|!47yv-*Ng@?dul^" bl_meta="{&quot;label&quot;:&quot;Page Data&quot;}"></block></value><value name="propName"><shadow type="text" id="L$xewR#E}nbR0FeDIO)Z"><field name="TEXT">downloadBtnLabel</field></shadow></value><value name="propValue"><block type="text" id="2d!TPOm|#Nwv2QOLD:X?"><field name="TEXT">Download</field></block></value><next><block type="set_object_property" id="D/y=*SOxEJd0;N[@{$-P"><value name="object"><block type="root_block_ui_builder_common__context_blocks_pageData" id="_)Hhhe7G(7dqo%`Pe2Rr" bl_meta="{&quot;label&quot;:&quot;Page Data&quot;}"></block></value><value name="propName"><shadow type="text" id="n)ySZc*dtcD;Ew?dc[_P"><field name="TEXT">downloadBtnDisabled</field></shadow></value><value name="propValue"><block type="logic_boolean" id="7`J~V~Wh1k?}a!~rV;7n"><field name="BOOL">FALSE</field></block></value></block></next></block></next></block></next></block></next></block></statement></block></xml>