<xml xmlns="http://www.w3.org/1999/xhtml"><block type="root_block_ui_builder_button_onLabelAssignment_handler" id="a$C`b`T!qF9/@^kNPFet" deletable="false" x="20" y="50"><statement name="statements_code"><block type="controls_if" id="5RcR1QO*2:q-r46Cd`Bk"><value name="IF0"><block type="logic_negate" id="Wz_,0[u{XfxWGcP`.Pzw"><value name="BOOL"><block type="get_object_property" id="KAglA[#jA$5RdFY=3(Xi"><value name="prop_name"><shadow type="text" id="v+N9S3xj{`W#+4TWVdAK"><field name="TEXT">downloadBtnLabel</field></shadow></value><value name="object"><block type="root_block_ui_builder_common__context_blocks_pageData" id="zFzna=3wZFw-NdZ)+R]x" bl_meta="{&quot;label&quot;:&quot;Page Data&quot;}"></block></value></block></value></block></value><statement name="DO0"><block type="set_object_property" id="GvG6q9O?yeGyQE86bj)B"><value name="object"><block type="root_block_ui_builder_common__context_blocks_pageData" id="_ou6t!tDBk)99.#qnb(M" bl_meta="{&quot;label&quot;:&quot;Page Data&quot;}"></block></value><value name="propName"><shadow type="text" id="e(Ks[nB{/AdK]{b:`r,i"><field name="TEXT">downloadBtnLabel</field></shadow></value><value name="propValue"><block type="text" id="VPUJQSFXxG2.gc=J_6z!"><field name="TEXT">Download</field></block></value></block></statement></block></statement><value name="return"><block type="get_object_property" id="YmGc0Va+*5+V4(y3s=pM"><value name="prop_name"><shadow type="text" id="mMFZ7ym*`hV1^J%gd21D"><field name="TEXT">downloadBtnLabel</field></shadow></value><value name="object"><block type="root_block_ui_builder_common__context_blocks_pageData" id="$[UM)lu/PKke}C41a7lR" bl_meta="{&quot;label&quot;:&quot;Page Data&quot;}"></block></value></block></value></block></xml>