<xml xmlns="http://www.w3.org/1999/xhtml"><block type="root_block_ui_builder_block_onClassListAssignment_handler" id="Jj|b(#td2kbOku.|JJPm" deletable="false" x="217" y="122"><statement name="statements_code"><block type="variables_set" id="`,Bz46|HZFuL7{$(PuYH"><field name="VAR">classList</field><value name="VALUE"><block type="lists_create_with" id="?swvg2Yja/^@%ylKr,DR"><mutation items="1"></mutation><value name="ADD0"><block type="text" id="VGISn8PFegU8cYgLi~6h"><field name="TEXT">aside__TabContentItem</field></block></value></block></value><next><block type="controls_if" id="vb-0-..d`YdFBaoY(oLo"><value name="IF0"><block type="logic_compare" id="N=XL#EuN+SyJx0Qt0LCZ"><field name="OP">EQ</field><value name="A"><block type="get_object_property" id="5=U7XUuuDOjC8O`TmblT"><value name="prop_name"><shadow type="text" id="yn@YhI@4Pc!%g$oby#dy"><field name="TEXT">pageServerStatus</field></shadow></value><value name="object"><block type="root_block_ui_builder_common__context_blocks_pageData" id="m9WMCk|U[A#%zsE+Bjz+" bl_meta="{&quot;label&quot;:&quot;Page Data&quot;}"></block></value></block></value><value name="B"><block type="text" id="%|E^9snGu))J3_fp/Y#?"><field name="TEXT">ServerStatus</field></block></value></block></value><statement name="DO0"><block type="variables_set" id="bOtG7P7Iv2jzLnB/SLD."><field name="VAR">classList</field><value name="VALUE"><block type="lists_create_with" id="`KL1}XWfFHWd_xd%y*!W"><mutation items="2"></mutation><value name="ADD0"><block type="text" id="%$4Q=qTH9mJdp+E(FUCL"><field name="TEXT">aside__TabContentItem</field></block></value><value name="ADD1"><block type="text" id="N{lv*:$Cp:iVzlvo/ETV"><field name="TEXT">aside__TabContentItem--active</field></block></value></block></value></block></statement></block></next></block></statement><value name="return"><block type="variables_get" id="e631s`0b5fgq7LX@Ug60"><field name="VAR">classList</field></block></value></block></xml>