<xml xmlns="http://www.w3.org/1999/xhtml"><block type="root_block_ui_builder_block_onClick_handler" id="bK}.VS]dU[+v#Mdc2}~Y" deletable="false" x="20" y="50"><statement name="statements_code"><block type="controls_if" id="vb-0-..d`YdFBaoY(oLo"><value name="IF0"><block type="logic_compare" id="#!95|?[A!-!wxbu0lFwF"><field name="OP">NEQ</field><value name="A"><block type="get_object_property" id="5=U7XUuuDOjC8O`TmblT"><value name="prop_name"><shadow type="text" id="yn@YhI@4Pc!%g$oby#dy"><field name="TEXT">pageServerStatus</field></shadow></value><value name="object"><block type="root_block_ui_builder_common__context_blocks_pageData" id="m9WMCk|U[A#%zsE+Bjz+" bl_meta="{&quot;label&quot;:&quot;Page Data&quot;}"></block></value></block></value><value name="B"><block type="text" id="I.4Jjnx?KKDd-wS:Fw,:"><field name="TEXT">ServerStatus</field></block></value></block></value><statement name="DO0"><block type="ui_dynamic_category__app-router__goto_page" id="N#-}2yw!M#:vpvzN3?~h" bl_meta="{&quot;label&quot;:&quot;Dynamic Block: Go To Page&quot;}"><value name="pageName"><shadow type="text" id="A)]Zr+f:Jv;OkKBcn|43"><field name="TEXT">serverStatus</field></shadow></value><value name="pageData"><block type="create_object" id="QrpMmT:JUF0xHO7LrsTL"><mutation><properties><item id="property" prop-name="pageServerStatus"></item></properties></mutation><value name="create_object_mutator_container_properties_stack_property0"><block type="text" id="1mMCQ#^EtA]u0x2oNQ%a"><field name="TEXT">ServerStatus</field></block></value></block></value></block></statement></block></statement></block></xml>