<xml xmlns="http://www.w3.org/1999/xhtml"><block type="root_block_ui_builder_icon_onClick_handler" id="B42#FEE1G[4fuL4dz(j5" deletable="false" x="20" y="50"><statement name="statements_code"><block type="set_object_property" id="PSa].iRNx09tp(#icMM!"><value name="object"><block type="ui_common_blocks__get_component_data_style" id="sM}[ta%R!D!Q6iOTtdqL" bl_meta="{&quot;label&quot;:&quot;Get component style&quot;}"><field name="componentUid">'bff4d8ac579f78a648132998464e4919'</field></block></value><value name="propName"><shadow type="text" id="mS{7T]LY~7_k3l_ei1b*"><field name="TEXT">visibility</field></shadow></value><value name="propValue"><block type="text" id="19jWh2QZ}c8MJZJyF#?."><field name="TEXT">hidden</field></block></value><next><block type="set_object_property" id="(CQ5+`c},g]5lZ!/oG5o"><value name="object"><block type="ui_common_blocks__get_component_data_style" id="X%!(m)5#g,w[))Gl9,|F" bl_meta="{&quot;label&quot;:&quot;Get component style&quot;}"><field name="componentUid">'bff4d8ac579f78a648132998464e4919'</field></block></value><value name="propName"><shadow type="text" id="9!Gtl(NT8hv?io.lUcrv"><field name="TEXT">opacity</field></shadow></value><value name="propValue"><block type="math_number" id="7A}8kj+-lPZlE)YQ,A]1"><field name="NUM">0</field></block></value></block></next></block></statement></block></xml>