<xml xmlns="http://www.w3.org/1999/xhtml"><block type="root_block_ui_builder_block_onClassListAssignment_handler" id="_sILO|{GP9-Y9_Y(Pkd!" deletable="false" x="20" y="50"><statement name="statements_code"><block type="variables_set" id="y}g90_sHS:nC},BikeZW"><field name="VAR">classList</field><value name="VALUE"><block type="lists_create_with" id="@JTt;xc.k!66RKc|?3F-"><mutation items="1"></mutation><value name="ADD0"><block type="text" id="I/l-9jjUwaFlr*90A~bU"><field name="TEXT">aside__TabContentItem</field></block></value></block></value><next><block type="controls_if" id="bI!KGsGo`7RWQaaB?R]s"><value name="IF0"><block type="logic_compare" id="4!By(=T,=WqD[xBf7th["><field name="OP">EQ</field><value name="A"><block type="get_object_property" id="N9=29*~uX6VefJi-!#@o"><value name="prop_name"><shadow type="text" id="KB=%iB@s$ji3Z~@f:hny"><field name="TEXT">pageUpgrade</field></shadow></value><value name="object"><block type="root_block_ui_builder_common__context_blocks_pageData" id="YD.I1@4sOM?-Qd+RETY9" bl_meta="{&quot;label&quot;:&quot;Page Data&quot;}"></block></value></block></value><value name="B"><block type="text" id="(aa%KVqk@r.`|5|*$gfD"><field name="TEXT">upgrade</field></block></value></block></value><statement name="DO0"><block type="variables_set" id="5:n,L8kM=LqQHNK`Z0Xc"><field name="VAR">classList</field><value name="VALUE"><block type="lists_create_with" id="lGr)o##yNVbcS^:ST0~Q"><mutation items="2"></mutation><value name="ADD0"><block type="text" id="*J}M7XevQb$6phE+c%n="><field name="TEXT">aside__TabContentItem</field></block></value><value name="ADD1"><block type="text" id="YN5j),SMR?_,#+.2uN4,"><field name="TEXT">aside__TabContentItem--active</field></block></value></block></value></block></statement></block></next></block></statement><value name="return"><block type="variables_get" id="h%sjDv;-aGmw{,.bbH]g"><field name="VAR">classList</field></block></value></block></xml>