<xml xmlns="http://www.w3.org/1999/xhtml"><block type="root_block_ui_builder_block_onClick_handler" id="hqjiLd6K~v`%lBGi:F=B" deletable="false" x="20" y="50"><statement name="statements_code"><block type="controls_if" id="9K,LyfvPt(#Ht(@~aHWX"><value name="IF0"><block type="logic_compare" id="BV^L_7Vf^=5r%GS(5Ou["><field name="OP">NEQ</field><value name="A"><block type="get_object_property" id="]I6)XMpj~:Zvq0mRir}z"><value name="prop_name"><shadow type="text" id="F@f*%b`dIN5l2!?,z1Gp"><field name="TEXT">pageUpgrade</field></shadow></value><value name="object"><block type="root_block_ui_builder_common__context_blocks_pageData" id="}dO_Y[vrWs=KVYmVIh_M" bl_meta="{&quot;label&quot;:&quot;Page Data&quot;}"></block></value></block></value><value name="B"><block type="text" id="P!9qyw5+G_KOx^c`bHo)"><field name="TEXT">upgrade</field></block></value></block></value><statement name="DO0"><block type="ui_dynamic_category__app-router__goto_page" id="q)a{Ls_JoFVxWX%|{Euc" bl_meta="{&quot;label&quot;:&quot;Dynamic Block: Go To Page&quot;}"><value name="pageName"><shadow type="text" id="+^jR?E*X!n!m;7A_{l#S"><field name="TEXT">upgrade</field></shadow></value><value name="pageData"><block type="create_object" id="}7[*WR#Hm6.s7gmq|Zd-"><mutation><properties><item id="property" prop-name="pageUpgrade"></item></properties></mutation><value name="create_object_mutator_container_properties_stack_property0"><block type="text" id="v29T*TbQIqkBAFngW18q"><field name="TEXT">upgrade</field></block></value></block></value></block></statement></block></statement></block></xml>