{
  "components": {
    "9051123f6b4f94ef192265039293d4cd": {
      "id": "UpgradeLogs ContentLogs",
      "type": "block",
      "moduleType": "system",
      "moduleId": "block",
      "handlers": {
        "onDynamicItemsAssignment": {
          "dependencies": []
        },
        "onBeforeUnmount": {
          "dependencies": []
        }
      }
    },
    "8bc4792e519b80bac6992c938c05b82a": {
      "id": "UpgradeLogs ContentItem",
      "type": "text",
      "moduleType": "system",
      "moduleId": "text",
      "handlers": {
        "onContentAssignment": {
          "dependencies": []
        }
      }
    },
    "page": {
      "type": "page",
      "moduleType": "system",
      "moduleId": "page",
      "handlers": {
        "onEnter": {
          "dependencies": []
        },
        "onLeave": {
          "dependencies": []
        }
      }
    },
    "924202b19f0ef683e3940a99b258d565": {
      "id": "Upgrade",
      "type": "block",
      "moduleType": "system",
      "moduleId": "block",
      "handlers": {
        "onClassListAssignment": {
          "dependencies": [
            "./functions/8f16ba2ef5c9c7a7b32d569b3762f6c4/code.js"
          ]
        }
      }
    }
  },
  "dataBinding": {},
  "usedComponentTypes": [
    "block",
    "r_eecdebf7a73f3c5e1cffd6bc92dbd289",
    "r_dcac843a154c1eb2e28a4a08b5d34fec",
    "text",
    "divider"
  ],
  "style": {},
  "attrs": {}
}