<xml xmlns="http://www.w3.org/1999/xhtml"><block type="root_block_ui_builder_button_onClick_handler" id="{:E3+UCqun,/W(n3PvB7" deletable="false" x="50" y="105"><statement name="statements_code"><block type="set_object_property" id="km1S4sz)wGsg7X|3zzr?"><value name="object"><block type="ui_common_blocks__get_component_data_store" id="FTs|E5@q+;[^2fZ=^R:x" bl_meta="{&quot;label&quot;:&quot;Get component data store&quot;}"><field name="componentUid">'b4398d5c0048d80587b9664d8f5eac11'</field></block></value><value name="propName"><shadow type="text" id="*{k0F!`(]8TcgW`mhz!}"><field name="TEXT">modalTitle</field></shadow></value><value name="propValue"><block type="text" id="VgBeqiq8e[Jox]#*X~Ck"><field name="TEXT">Create User</field></block></value><next><block type="set_object_property" id="kRhq?YWnY24/ok[5rC6*"><value name="object"><block type="ui_common_blocks__get_component_data_store" id="7Re|:a^TD~jUWDcsD8`s" bl_meta="{&quot;label&quot;:&quot;Get component data store&quot;}"><field name="componentUid">'b4398d5c0048d80587b9664d8f5eac11'</field></block></value><value name="propName"><shadow type="text" id="J;MvXn-]IgF4wXC6.#VD"><field name="TEXT">userNameDisabled</field></shadow></value><value name="propValue"><block type="logic_boolean" id="!Hy1WN(GpG|cythG2yGI"><field name="BOOL">FALSE</field></block></value><next><block type="set_object_property" id="fMrU~Y.sat!l?Pj^2,YZ"><value name="object"><block type="ui_common_blocks__get_component_data_store" id="8W|cN6VD#~rX5%e3*#%a" bl_meta="{&quot;label&quot;:&quot;Get component data store&quot;}"><field name="componentUid">'b4398d5c0048d80587b9664d8f5eac11'</field></block></value><value name="propName"><shadow type="text" id="{rA8MnS^@K)8`cL^B1[e"><field name="TEXT">createBtn</field></shadow></value><value name="propValue"><block type="text" id="[`NSeC!X]oZ,Zdiia?uy"><field name="TEXT">Create</field></block></value><next><block type="set_object_property" id="pv[GtJC:5HnQT_;|5U{z"><value name="object"><block type="ui_common_blocks__get_component_data_style" id="[WE}9hye:liXX.A6M%*E" bl_meta="{&quot;label&quot;:&quot;Get component style&quot;}"><field name="componentUid">'1744db9f250d6ba85e3435fc3be3660e'</field></block></value><value name="propName"><shadow type="text" id="7k-*(dEjg+QtH:}2q9C!"><field name="TEXT">visibility</field></shadow></value><value name="propValue"><block type="text" id="$@h89m2?!/hP}frYS+:A"><field name="TEXT">visible</field></block></value><next><block type="set_object_property" id="(tc@*N,XZ)SW^T)zL*tR"><value name="object"><block type="ui_common_blocks__get_component_data_style" id="!Ag:Q%JZi%ioXiqvce=:" bl_meta="{&quot;label&quot;:&quot;Get component style&quot;}"><field name="componentUid">'1744db9f250d6ba85e3435fc3be3660e'</field></block></value><value name="propName"><shadow type="text" id="#;fZ1)Q.k--/6+~?Kd*F"><field name="TEXT">opacity</field></shadow></value><value name="propValue"><block type="math_number" id=";q$G3o1U-9!$1cp7zE+a"><field name="NUM">1</field></block></value></block></next></block></next></block></next></block></next></block></statement></block></xml>