<xml xmlns="http://www.w3.org/1999/xhtml"><block type="root_block_ui_builder_block_onTooltipTextAssignment_handler" id="#e+%d1`3Gs}.Q[0[]0=X" deletable="false" x="20" y="50"><statement name="statements_code"><block type="controls_if" id=")yOly$#}XtT1IIpE~:tj"><value name="IF0"><block type="get_object_property" id=",_;u2)a$6A/iu_O)?CXM"><value name="prop_name"><shadow type="text" id="3-/=at`//$}Qc[QCnYSe"><field name="TEXT">description</field></shadow></value><value name="object"><block type="root_block_ui_builder_common__context_blocks_pageData" id="{4+2{X{l@_z_7[?M;)ne" bl_meta="{&quot;label&quot;:&quot;Page Data&quot;}"></block></value></block></value><statement name="DO0"><block type="variables_set" id="+.FQ8[U=FN[(q998n.vD"><field name="VAR">tooltip</field><value name="VALUE"><block type="codeless_function_block_4f8fe7d853c915840a67685fa058d83f" id="!rJg?qX1poV.6^=!c$UP" bl_meta="{&quot;fn&quot;:&quot;getTooltip&quot;,&quot;label&quot;:&quot;Custom Function - getTooltip&quot;}"><mutation has_output="true"></mutation><field name="connections_toggler">TRUE</field><value name="descriptionList"><block type="get_object_property" id="4~^|)8N?X.;1/PG`)(x%"><value name="prop_name"><shadow type="text" id="pAxO@VHUY$nH=Paor[|C"><field name="TEXT">description</field></shadow></value><value name="object"><block type="root_block_ui_builder_common__context_blocks_pageData" id="%rSea!~eTs5GDO?@P)AB" bl_meta="{&quot;label&quot;:&quot;Page Data&quot;}"></block></value></block></value><value name="name"><block type="text" id="F2R}y7?_uN`KH*2NYuyN"><field name="TEXT">ssl</field></block></value></block></value></block></statement><next><block type="variables_set" id="cD6C:ym=g7B9`5uj5^z1"><field name="VAR">newTooltip</field><value name="VALUE"><block type="custom_js_code" id="G5U,-_WI;2v0,Wp_h]OR"><mutation output="true"><arg arg-name="text"></arg><code>"let result = text.replace(/ssl/g, 'SSL')\n\nreturn result"</code></mutation><field name="name">textToUpperCase</field><value name="text"><block type="variables_get" id="pEKB):+mI|PVsdt7j{dt"><field name="VAR">tooltip</field></block></value></block></value></block></next></block></statement><value name="return"><block type="variables_get" id="qZH6v7^4;j{/{9(sc@}E"><field name="VAR">newTooltip</field></block></value></block></xml>