<xml xmlns="http://www.w3.org/1999/xhtml"><block type="root_block_ui_builder_block_onMounted_handler" id="h3+NHHcz@7I8lXEE-KzA" deletable="false" x="35" y="54"><statement name="statements_code"><block type="controls_if" id="=?%IOVggrOpyF(~}w4!{"><value name="IF0"><block type="ui_common_blocks__get_component_by_id" id="(q)ZgjFhN#b]Zp}np!(U" bl_meta="{&quot;label&quot;:&quot;Get component by id&quot;}"><field name="componentUid">'924202b19f0ef683e3940a99b258d565'</field></block></value><statement name="DO0"><block type="set_object_property" id="@]{mghlKD:Es5`o1p!2l"><value name="object"><block type="ui_common_blocks__get_component_data_style" id="@EkvCc(,9-/QyeI.m6PZ" bl_meta="{&quot;label&quot;:&quot;Get component style&quot;}"><field name="componentUid">'924202b19f0ef683e3940a99b258d565'</field></block></value><value name="propName"><shadow type="text" id="SdbO,rLH$[r0^bIRIYRh"><field name="TEXT">display</field></shadow></value><value name="propValue"><block type="text" id="+cJ+3LUZXkWByM-y^DXA"><field name="TEXT">none</field></block></value></block></statement><next><block type="controls_if" id="f8([ZV0,kG?Qly=BcpbB"><value name="IF0"><block type="ui_common_blocks__get_component_by_id" id="f[3;XbWYj,h5fHrI=(.@" bl_meta="{&quot;label&quot;:&quot;Get component by id&quot;}"><field name="componentUid">'4f334f9dc1010f33ff9a725c1781b1c7'</field></block></value><statement name="DO0"><block type="set_object_property" id="sz+?Dfam[~a0U,vt4E|g"><value name="object"><block type="ui_common_blocks__get_component_data_style" id="Nl.D:,A:NbFDW,P,}0-L" bl_meta="{&quot;label&quot;:&quot;Get component style&quot;}"><field name="componentUid">'4f334f9dc1010f33ff9a725c1781b1c7'</field></block></value><value name="propName"><shadow type="text" id="axYq5PAphDLnxJAdB5ZA"><field name="TEXT">display</field></shadow></value><value name="propValue"><block type="text" id="Ola]5,+f]*FCvt`5Z$cI"><field name="TEXT">flex</field></block></value></block></statement><next><block type="set_object_property" id="_tqz+f:KFK!]Q-6DlzQ`"><value name="object"><block type="root_block_ui_builder_common__context_blocks_pageData" id="$FAxZ(-O-ZBz@YfXRMx2" bl_meta="{&quot;label&quot;:&quot;Page Data&quot;}"></block></value><value name="propName"><shadow type="text" id="x@4:HINS4eDrO~qxiw|="><field name="TEXT">managementContainer</field></shadow></value><value name="propValue"><block type="codeless_function_block_696a14dd8d2f85be7023c2c4441a65a5" id="8//^?v,SVePDi8@?4i4y" bl_meta="{&quot;fn&quot;:&quot;ProManagerAPI&quot;,&quot;label&quot;:&quot;Custom Function - ProManagerAPI&quot;}"><mutation has_output="true"></mutation><field name="connections_toggler">TRUE</field><value name="method"><block type="text" id="!!h!+ziCE_nn9vxceM,T"><field name="TEXT">get</field></block></value><value name="path"><block type="text" id="!D}]MQv{3tKaVx/lDs=B"><field name="TEXT">/user</field></block></value></block></value><next><block type="variables_set" id="[!m[rIZ).4?yx_6BA(K["><field name="VAR">a</field><value name="VALUE"><block type="list_map_items" id="1DXDMZ*wW`p/I9=HQtyp"><field name="item">item</field><value name="list"><block type="get_object_property" id="*7k1p]|#6=%/iGW#_BGe"><value name="prop_name"><shadow type="text" id="bu![al}bg]q/1$OECzeP"><field name="TEXT">managementContainer</field></shadow></value><value name="object"><block type="root_block_ui_builder_common__context_blocks_pageData" id="S];AI4fYBb7qr]?TO;i6" bl_meta="{&quot;label&quot;:&quot;Page Data&quot;}"></block></value></block></value><statement name="code"><block type="set_object_property" id="oM=7dQy?{~I{oUKB5.2["><value name="object"><block type="variables_get" id="h.{iOtmB5}xG[(gl:MkS"><field name="VAR">item</field></block></value><value name="propName"><shadow type="text" id="jDyM3DGUUY2_x%)bJ!{l"><field name="TEXT">btnSetPassword</field></shadow></value><value name="propValue"><block type="text" id="!%HNiV`o]mapkup:]bU#"><field name="TEXT">Set password</field></block></value><next><block type="set_object_property" id="+);uJ8?319^T`~u`-M;7"><value name="object"><block type="variables_get" id="t.;#(cCN,;9A60W8FUY+"><field name="VAR">item</field></block></value><value name="propName"><shadow type="text" id="Qd|R4*%%nr6gE3OuwQk~"><field name="TEXT">btnDelete</field></shadow></value><value name="propValue"><block type="text" id="Ek6O%s-tqvv}^zfjk6KA"><field name="TEXT">Delete</field></block></value></block></next></block></statement></block></value><next><block type="set_object_property" id="{q],J$)ebw8Rdd4/m)P~"><value name="object"><block type="root_block_ui_builder_common__context_blocks_pageData" id="X|htn@BoXFj5ObM/Ejk*" bl_meta="{&quot;label&quot;:&quot;Page Data&quot;}"></block></value><value name="propName"><shadow type="text" id="oM!o^e.,`(E_S,5}K~!7"><field name="TEXT">noUserMessage</field></shadow></value><value name="propValue"><block type="logic_compare" id="^u4ll4uA#_CqxS_7weLt"><field name="OP">EQ</field><value name="A"><block type="lists_length" id="~IfHm(B*GamcNKH-I*JW"><value name="VALUE"><block type="get_object_property" id="%P*6Np3n+AFIMaa45L,;"><value name="prop_name"><shadow type="text" id="KNUhS-r2[]yr|%qtHS?6"><field name="TEXT">managementContainer</field></shadow></value><value name="object"><block type="root_block_ui_builder_common__context_blocks_pageData" id="IX7FBPsQzc,+iAtq-*)B" bl_meta="{&quot;label&quot;:&quot;Page Data&quot;}"></block></value></block></value></block></value><value name="B"><block type="math_number" id="f#6TIV%*5h;8F`.y]^c1"><field name="NUM">0</field></block></value></block></value><next><block type="set_object_property" id="fc,T;!WHb}cs]nJb`B~4"><value name="object"><block type="root_block_ui_builder_common__context_blocks_pageData" id="%_+,EAN!:Ot@u]ucqr^t" bl_meta="{&quot;label&quot;:&quot;Page Data&quot;}"></block></value><value name="propName"><shadow type="text" id="y[tWzcNaNte|!8rFPtDg"><field name="TEXT">userManagement</field></shadow></value><value name="propValue"><block type="logic_boolean" id="vNZ-T{.38NitM%1p#tv}"><field name="BOOL">TRUE</field></block></value><next><block type="controls_if" id="K.4a7R3t5Fh3A8r6ZTvf"><value name="IF0"><block type="ui_common_blocks__get_component_by_id" id="Eq2mq4f1V7$)]6f4A`(A" bl_meta="{&quot;label&quot;:&quot;Get component by id&quot;}"><field name="componentUid">'4f334f9dc1010f33ff9a725c1781b1c7'</field></block></value><statement name="DO0"><block type="set_object_property" id="Rs*2NEVbFG03eDNBHTCJ"><value name="object"><block type="ui_common_blocks__get_component_data_style" id="|B6knJT)WVzBeGo/brn+" bl_meta="{&quot;label&quot;:&quot;Get component style&quot;}"><field name="componentUid">'4f334f9dc1010f33ff9a725c1781b1c7'</field></block></value><value name="propName"><shadow type="text" id="lWM:kGV[6h9Ak/MOiJkC"><field name="TEXT">display</field></shadow></value><value name="propValue"><block type="text" id="XanCvN!{swNE~C?;Ow#w"><field name="TEXT">none</field></block></value></block></statement><next><block type="controls_if" id="(Vq[B[kS)]nCO1EsN*|,"><value name="IF0"><block type="ui_common_blocks__get_component_by_id" id="}jMGpIk^@U9Nybu)oxB{" bl_meta="{&quot;label&quot;:&quot;Get component by id&quot;}"><field name="componentUid">'924202b19f0ef683e3940a99b258d565'</field></block></value><statement name="DO0"><block type="set_object_property" id="KdALrDtI-t#to@54;dFN"><value name="object"><block type="ui_common_blocks__get_component_data_style" id="~q}Eo+Zu]tNuy]hrr+!r" bl_meta="{&quot;label&quot;:&quot;Get component style&quot;}"><field name="componentUid">'924202b19f0ef683e3940a99b258d565'</field></block></value><value name="propName"><shadow type="text" id="ctIUM-1,f_=hU%2~OL^8"><field name="TEXT">display</field></shadow></value><value name="propValue"><block type="text" id="m.jh+TsBp:0/F)o4X{!`"><field name="TEXT">flex</field></block></value></block></statement></block></next></block></next></block></next></block></next></block></next></block></next></block></next></block></statement></block></xml>