<xml xmlns="http://www.w3.org/1999/xhtml"><block type="root_block_ui_builder_block_onClick_handler" id="{Y+AU!|i0PX0b8f*3H`]" deletable="false" x="20" y="50"><statement name="statements_code"><block type="controls_if" id="dk)PFl^uvWt_?9Y#)Djc"><value name="IF0"><block type="list_contains" id="m+*qQnLmhfBmZcjG7]TA"><value name="list"><block type="ui_common_blocks__get_component_classes" id="{2Au0TXg$fY)te`RSKcs" bl_meta="{&quot;label&quot;:&quot;Get component classes&quot;}"><field name="componentUid">'ee3841a4181ee45f1b4401031351092b'</field></block></value><value name="item"><block type="text" id="8TvFo9-afI`,0k%,U=(g"><field name="TEXT">UpgradeControl__icon--rotated</field></block></value></block></value><statement name="DO0"><block type="controls_if" id="Ead1;lxW]O7LT4zsuQCG"><value name="IF0"><block type="logic_compare" id="!ww])hi+#3lxmC7)`WMf"><field name="OP">NEQ</field><value name="A"><block type="get_object_property" id="]!?9dV9%0Dv@P?KgKEwM" inline="false"><value name="prop_name"><shadow type="text" id="g23v{Y+QD)h/7}*u6Zj!"><field name="TEXT">target</field></shadow></value><value name="object"><block type="root_block_ui_builder_block_onClick_handler_context_blocks_event" id="(%jGjXAN1y*O[vO3!O|G" bl_meta="{&quot;label&quot;:&quot;Event&quot;}"></block></value></block></value><value name="B"><block type="get_object_property" id="`vO/sJi7or_wFdbc$3o~" inline="false"><value name="prop_name"><shadow type="text" id="289!=2*S|6)(*ibZUL5t"><field name="TEXT">el</field></shadow></value><value name="object"><block type="ui_common_blocks__get_component_by_id" id="~}%v~xV;HIzp0sA8BT%u" bl_meta="{&quot;label&quot;:&quot;Get component by id&quot;}"><field name="componentUid">'5f46bc085427795650463585f3135dfb'</field></block></value></block></value></block></value><statement name="DO0"><block type="list_remove_item" id="zC|:fKR!3##;GD#NoIwK"><mutation has_output="false"></mutation><field name="connections_toggler">FALSE</field><value name="list"><block type="ui_common_blocks__get_component_classes" id="JO=c%%}Av`HRpCI!^|NP" bl_meta="{&quot;label&quot;:&quot;Get component classes&quot;}"><field name="componentUid">'ee3841a4181ee45f1b4401031351092b'</field></block></value><value name="item"><block type="text" id="Hsk$OOApcX.fv@wLTIXp"><field name="TEXT">UpgradeControl__icon--rotated</field></block></value><value name="comparator"><shadow type="text" id="naaSE_lp^`Z;eb5V7C)b"><field name="TEXT"></field></shadow></value><next><block type="list_remove_item" id="~.7b6P6+xItZ*L_dGzM{"><mutation has_output="false"></mutation><field name="connections_toggler">FALSE</field><value name="list"><block type="ui_common_blocks__get_component_classes" id="x9YeVMR~0(]m8}@#zfiW" bl_meta="{&quot;label&quot;:&quot;Get component classes&quot;}"><field name="componentUid">'cd0aa986266406caac51787fc262311a'</field></block></value><value name="item"><block type="text" id="kM2t3J[gxSfZ~A%biG;C"><field name="TEXT">UpgradeControl__results--open</field></block></value><value name="comparator"><shadow type="text" id="T7Nn=tIKDcYo4hO-06(5"><field name="TEXT"></field></shadow></value></block></next></block></statement></block></statement></block></statement></block></xml>