<xml xmlns="http://www.w3.org/1999/xhtml"><block type="root_block_ui_builder_input_onFocus_handler" id="f!}rtA-lZ/q-:}y_;!PM" deletable="false" x="20" y="50"><statement name="statements_code"><block type="controls_if" id="k:Jg0wiC?MUA#74-{w/["><value name="IF0"><block type="logic_operation" id=")X}+T3Q#Qzi27PSCZu*," inline="false"><field name="OP">AND</field><value name="A"><block type="logic_negate" id="1Dd%C*=T)98:.(2isCl/"><value name="BOOL"><block type="list_contains" id="##vg-8aw!V0PWX*s,ZAP"><value name="list"><block type="ui_common_blocks__get_component_classes" id="pC^8tsy#zNSxp-:)$#9i" bl_meta="{&quot;label&quot;:&quot;Get component classes&quot;}"><field name="componentUid">'0bb8b95410de45982f75d608ad7b0f66'</field></block></value><value name="item"><block type="text" id=";FlCi40oWI1/xeBEZuy5"><field name="TEXT">InputWrapper__icon--rotated</field></block></value></block></value></block></value><value name="B"><block type="logic_negate" id="+xsV=J,p6A$HPr/?AEnw"><value name="BOOL"><block type="list_contains" id="0Vv){:FW:UD=KJm6ebO,"><value name="list"><block type="ui_common_blocks__get_component_classes" id=".g9jkWtH[LIa*p_04Nzg" bl_meta="{&quot;label&quot;:&quot;Get component classes&quot;}"><field name="componentUid">'43de92c3d9013b8c2e6e6b62e1f4df5d'</field></block></value><value name="item"><block type="text" id="g6lS]S)*(iLv`@BBD2pv"><field name="TEXT">InputWrapper__select--open</field></block></value></block></value></block></value></block></value><statement name="DO0"><block type="list_add_item" id="Ieu77;V1WPmeS;WykK?P"><mutation has_output="false"></mutation><field name="connections_toggler">FALSE</field><value name="list"><block type="ui_common_blocks__get_component_classes" id="aXkgsRX^Xfez7#o+3F9+" bl_meta="{&quot;label&quot;:&quot;Get component classes&quot;}"><field name="componentUid">'0bb8b95410de45982f75d608ad7b0f66'</field></block></value><value name="value"><block type="text" id="E#k5v@`+kq_;4|xQv84Z"><field name="TEXT">InputWrapper__icon--rotated</field></block></value><next><block type="list_add_item" id=".Y3wP-G_2:s!*RHaNl9j"><mutation has_output="false"></mutation><field name="connections_toggler">FALSE</field><value name="list"><block type="ui_common_blocks__get_component_classes" id="[h]DfRvCjx(7Dl.uewv(" bl_meta="{&quot;label&quot;:&quot;Get component classes&quot;}"><field name="componentUid">'43de92c3d9013b8c2e6e6b62e1f4df5d'</field></block></value><value name="value"><block type="text" id="+_.@f%yEpcQ7@F7e_.hI"><field name="TEXT">InputWrapper__select--open</field></block></value></block></next></block></statement></block></statement></block></xml>