<xml xmlns="http://www.w3.org/1999/xhtml"><block type="root_block_ui_builder_button_onClick_handler" id="ny)ep5R-FqbxjZwpe9Jm" deletable="false" x="20" y="50"><statement name="statements_code"><block type="set_object_property" id="6jES~r44Vg1Z!PWhyZq*"><value name="object"><block type="ui_common_blocks__get_component_data_store" id="s2ai|QYDTmdY-dfCRvs." bl_meta="{&quot;label&quot;:&quot;Get component data store&quot;}"><field name="componentUid">'b4398d5c0048d80587b9664d8f5eac11'</field></block></value><value name="propName"><shadow type="text" id="89|w7@d{}$a9b:^YpN)e"><field name="TEXT">userName</field></shadow></value><value name="propValue"><block type="text" id="FMr)Z}NQ}_0Q+NHCMZwt"><field name="TEXT"></field></block></value><next><block type="set_object_property" id=",d:`|(AxEC?Juhkr4?@("><value name="object"><block type="ui_common_blocks__get_component_data_store" id="xkp@GC{+u*7P%!Z|]!S6" bl_meta="{&quot;label&quot;:&quot;Get component data store&quot;}"><field name="componentUid">'b4398d5c0048d80587b9664d8f5eac11'</field></block></value><value name="propName"><shadow type="text" id="GkzZUoWsjfhnB(wq6`nK"><field name="TEXT">password</field></shadow></value><value name="propValue"><block type="text" id="6IaC|70eE$0gSaPLYP?3"><field name="TEXT"></field></block></value><next><block type="set_object_property" id="J:qwt%5!S9,#R-=KfG/a"><value name="object"><block type="ui_common_blocks__get_component_data_store" id="wmPrOy?]l!ynwrfrWql?" bl_meta="{&quot;label&quot;:&quot;Get component data store&quot;}"><field name="componentUid">'b4398d5c0048d80587b9664d8f5eac11'</field></block></value><value name="propName"><shadow type="text" id=")jvhBo#pB1o}aZru)s^S"><field name="TEXT">confirmPassword</field></shadow></value><value name="propValue"><block type="text" id="Aoc1*wDk-|hwf9BH{,~z"><field name="TEXT"></field></block></value><next><block type="set_object_property" id="gq]i4W3$_t3trJjnvgaF"><value name="object"><block type="ui_common_blocks__get_component_data_style" id="_^,M^NFFqi.f!i{-R0k%" bl_meta="{&quot;label&quot;:&quot;Get component style&quot;}"><field name="componentUid">'1744db9f250d6ba85e3435fc3be3660e'</field></block></value><value name="propName"><shadow type="text" id="t$Kok,mv|WJ?!GU!=CXs"><field name="TEXT">visibility</field></shadow></value><value name="propValue"><block type="text" id="F0P1u-2PHj]V3BSh?|:o"><field name="TEXT">hidden</field></block></value><next><block type="set_object_property" id="rw_gBWNwdz7C9YaUMt7P"><value name="object"><block type="ui_common_blocks__get_component_data_style" id="%K[e2c7h9/J/ccu{i_k6" bl_meta="{&quot;label&quot;:&quot;Get component style&quot;}"><field name="componentUid">'1744db9f250d6ba85e3435fc3be3660e'</field></block></value><value name="propName"><shadow type="text" id="g)bl93q3JgB:YXR]T2GL"><field name="TEXT">opacity</field></shadow></value><value name="propValue"><block type="math_number" id="?}M4vG6ty-@DY*_$k1y1"><field name="NUM">0</field></block></value><next><block type="ui_common_blocks__toggle_component_visibility" id="WmQubtcC}xngSM4z,tee" bl_meta="{&quot;label&quot;:&quot;Toggle component visibility&quot;}"><field name="componentUid">'42fc2f835fa3bf01cbaf06e27b5b5e3b'</field><value name="visible"><block type="logic_boolean" id=":9NB}Yy!y`^ys)jW,K0b"><field name="BOOL">FALSE</field></block></value><next><block type="ui_common_blocks__toggle_component_visibility" id="32)5x*h3LF%XZEI)-tZR" bl_meta="{&quot;label&quot;:&quot;Toggle component visibility&quot;}"><field name="componentUid">'d50a1aa5921ba06c583457a897f2a8f7'</field><value name="visible"><block type="logic_boolean" id="u`7,LmmrJOv,aFi6gb#`"><field name="BOOL">FALSE</field></block></value><next><block type="ui_common_blocks__toggle_component_visibility" id="yVQ#+ysIKft9(^)=pn*n" bl_meta="{&quot;label&quot;:&quot;Toggle component visibility&quot;}"><field name="componentUid">'400fba0802880a93bb759cb7cbb9123f'</field><value name="visible"><block type="logic_boolean" id="V2k%Y{S@!^)RCt8myObx"><field name="BOOL">FALSE</field></block></value><next><block type="ui_common_blocks__toggle_component_visibility" id="{HI{5A]r~3rEcJRwJaSA" bl_meta="{&quot;label&quot;:&quot;Toggle component visibility&quot;}"><field name="componentUid">'76b375976525da5784a688f366843054'</field><value name="visible"><block type="logic_boolean" id=";Sk]EvlChJL|nW$`EN(_"><field name="BOOL">FALSE</field></block></value></block></next></block></next></block></next></block></next></block></next></block></next></block></next></block></next></block></statement></block></xml>