<xml xmlns="http://www.w3.org/1999/xhtml"><block type="root_block_ui_builder_page_onEnter_handler" id="NA%V}q}w9Ts-q9a^TcMd" deletable="false" x="20" y="50"><statement name="statements_code"><block type="local_storage_delete" id="|*A(9;TCoW]NGogQBaV^"><value name="key"><shadow type="text" id="i.[cN_e]DEn.#YXf5w0t"><field name="TEXT">originLoad</field></shadow></value><next><block type="controls_if" id="]glQV5e6h~3{4]kY??J*"><value name="IF0"><block type="logic_operation" id="/iyGwza7rxBs7.v`NP+x"><field name="OP">AND</field><value name="A"><block type="logic_negate" id="#AXnw^cG{MOL4(7{%F:t"><value name="BOOL"><block type="get_object_property" id="$.+IT1Uwdq*oS2Fu7nYO" inline="false"><value name="prop_name"><shadow type="text" id="8sd`^Xsex#XFb2Yj9;q3"><field name="TEXT">logUpgradeData</field></shadow></value><value name="object"><block type="root_block_ui_builder_common__context_blocks_appData" id=")vyx~IbL+L@5}:()(#e{" bl_meta="{&quot;label&quot;:&quot;App Data&quot;}"></block></value></block></value></block></value><value name="B"><block type="get_object_property" id="*brR..6|mVDu_We,zwZY" inline="false"><value name="prop_name"><shadow type="text" id="irG(/5v*2pXM]h)N$_g-"><field name="TEXT">jobName</field></shadow></value><value name="object"><block type="root_block_ui_builder_common__context_blocks_pageData" id="-TBX:a{K]8/;;|uP=3Rk" bl_meta="{&quot;label&quot;:&quot;Page Data&quot;}"></block></value></block></value></block></value><statement name="DO0"><block type="set_object_property" id="|p[:`S#v?^gN`J3JU4Bq"><value name="object"><block type="root_block_ui_builder_common__context_blocks_appData" id="9?iHlN$J7.?-;pNydYE{" bl_meta="{&quot;label&quot;:&quot;App Data&quot;}"></block></value><value name="propName"><shadow type="text" id="avQTR)pcwCt2od*gK5nk"><field name="TEXT">logUpgradeData</field></shadow></value><value name="propValue"><block type="lists_create_with" id=".Jmx?Rip%%2.AP8;djvL"><mutation items="0"></mutation></block></value><next><block type="set_object_property" id="v7{1j^/K[b0`_i(ub[%_"><value name="object"><block type="root_block_ui_builder_common__context_blocks_appData" id="e,#L,k+Tm*E$^{:;5N:P" bl_meta="{&quot;label&quot;:&quot;App Data&quot;}"></block></value><value name="propName"><shadow type="text" id="SexYAM2~X@RDvP)adJNg"><field name="TEXT">opensScketUpgrade</field></shadow></value><value name="propValue"><block type="custom_js_code" id="hehmxcN)7lERSfksVxZr"><mutation output="true"><arg arg-name="logsArray"></arg><arg arg-name="serviceName"></arg><arg arg-name="podName"></arg><code>"const io = await BackendlessUI.requireModule('https://cdn.jsdelivr.net/npm/socket.io-client@4.4.0/dist/socket.io.min.js');\n\n  socketUpgrade = io.connect('http://localhost:5051', { transports : ['websocket'] });\n\n  socketUpgrade.on (`${serviceName}-log`, function (data) {\n    logsArray.push (data);\n  });\n        \n  socketUpgrade.emit ('service-logs:subscribe', {\n    \"serviceName\":`${serviceName}`,\n    \"podName\":`${podName}`,\n    \"channelName\": `${serviceName}-log`\n  });\n  \n  \n  return socketUpgrade"</code></mutation><field name="name">getSocketUpgradeData</field><value name="logsArray"><block type="get_object_property" id=".2zTA^gV@8uu+BK@M,C`"><value name="prop_name"><shadow type="text" id="J(@Ru/Prj}+Pp`ZGZ^Ne"><field name="TEXT">logUpgradeData</field></shadow></value><value name="object"><block type="root_block_ui_builder_common__context_blocks_appData" id="N1;r%P!jcs!vOXAFd-kj" bl_meta="{&quot;label&quot;:&quot;App Data&quot;}"></block></value></block></value><value name="serviceName"><block type="get_object_property" id="wlgu|IGxf^wHL=;hz)^z" inline="false"><value name="prop_name"><shadow type="text" id="niXH;qQ4wV+*nBfG2lYT"><field name="TEXT">jobName</field></shadow></value><value name="object"><block type="root_block_ui_builder_common__context_blocks_pageData" id="d7P6PN^I#LJ~vZ?iv`;/" bl_meta="{&quot;label&quot;:&quot;Page Data&quot;}"></block></value></block></value><value name="podName"><block type="get_object_property" id="_j$^gYHX7U~K}S=a[}#2" inline="false"><value name="prop_name"><shadow type="text" id="CXv(n}@_ui*ZW1mio^*p"><field name="TEXT">podName</field></shadow></value><value name="object"><block type="root_block_ui_builder_common__context_blocks_pageData" id="hgXlAqKg*nr3@Nx]f_C{" bl_meta="{&quot;label&quot;:&quot;Page Data&quot;}"></block></value></block></value></block></value><next><block type="set_object_property" id="u|E5?FDC~o7[ZcI+l!zi"><value name="object"><block type="root_block_ui_builder_common__context_blocks_appData" id="OY/xX7{gm6uR5ipU;LWD" bl_meta="{&quot;label&quot;:&quot;App Data&quot;}"></block></value><value name="propName"><shadow type="text" id="[Hb3$3R22;oT%EU:Y#A4"><field name="TEXT">previousServiceUpgrade</field></shadow></value><value name="propValue"><block type="get_object_property" id="I`jqHb`B[,iq*hdH}iTo"><value name="prop_name"><shadow type="text" id="Lt{o2`!*w7@[$0~A.Iat"><field name="TEXT">jobName</field></shadow></value><value name="object"><block type="root_block_ui_builder_common__context_blocks_pageData" id="I%HxOpL+P5,f/Ban50Sv" bl_meta="{&quot;label&quot;:&quot;Page Data&quot;}"></block></value></block></value></block></next></block></next></block></statement></block></next></block></statement></block></xml>