<xml xmlns="http://www.w3.org/1999/xhtml"><block type="root_block_ui_builder_page_onEnter_handler" id="NA%V}q}w9Ts-q9a^TcMd" deletable="false" x="26" y="68"><statement name="statements_code"><block type="local_storage_delete" id="|*A(9;TCoW]NGogQBaV^"><value name="key"><shadow type="text" id="i.[cN_e]DEn.#YXf5w0t"><field name="TEXT">originLoad</field></shadow></value><next><block type="custom_js_code" id="6+kgZ_I0J^=WjT_.Ho,V"><mutation output="false"><code>"// logClear = false;\nlogStopFollow = false;\nlogOriginalText = '';\nlogFileText = ''"</code></mutation><field name="name">init_custom_logic</field><next><block type="set_object_property" id="Al+_g5jNI%TZ*!90pl+@"><value name="object"><block type="root_block_ui_builder_common__context_blocks_pageData" id=".BRa?Tk4gYmR|I[Fr3P-" bl_meta="{&quot;label&quot;:&quot;Page Data&quot;}"></block></value><value name="propName"><shadow type="text" id="A]M8tE%?Y/y4J?~+Yc@*"><field name="TEXT">followBtnLabel</field></shadow></value><value name="propValue"><block type="text" id="AVzmF4xf*,v,M@?g2GMr"><field name="TEXT">Pause Log Updates</field></block></value><next><block type="set_object_property" id="9y3Ybi1%auLJ.+PE7gS9"><value name="object"><block type="root_block_ui_builder_common__context_blocks_pageData" id="gUx)Fz_,m!RS.:;v9$`M" bl_meta="{&quot;label&quot;:&quot;Page Data&quot;}"></block></value><value name="propName"><shadow type="text" id="~GVWkL~F%FN{h5G3Hk/u"><field name="TEXT">downloadBtnLabel</field></shadow></value><value name="propValue"><block type="text" id="POB.)(bZp7N=Qv05a8*}"><field name="TEXT">Download</field></block></value><next><block type="controls_if" id="13vkvgF8{%G%cc~}F?9G"><value name="IF0"><block type="logic_negate" id="r$a/)bnh$t]:dAB!t-cz"><value name="BOOL"><block type="get_object_property" id="W9H[a:V`ou5ozg]b%NRh"><value name="prop_name"><shadow type="text" id="j@a}W`%w3gC1r0@|BPbT"><field name="TEXT">opensScketUpgrade</field></shadow></value><value name="object"><block type="root_block_ui_builder_common__context_blocks_appData" id="2o`Z?n?nNXSNsQ-Ct.DL" bl_meta="{&quot;label&quot;:&quot;App Data&quot;}"></block></value></block></value></block></value><statement name="DO0"><block type="controls_if" id="bSKyTg^Acn3{cdhn#gi_"><value name="IF0"><block type="logic_operation" id="@lt}lf.9W_F,#I/Gny1S" inline="false"><field name="OP">AND</field><value name="A"><block type="get_object_property" id=")L}tz[={@H4pdJ[AtwHM" inline="false"><value name="prop_name"><shadow type="text" id="@rb*^TVT~Djr%BRiHeY7"><field name="TEXT">podName</field></shadow></value><value name="object"><block type="root_block_ui_builder_common__context_blocks_pageData" id=":)uuS^-}7okrs{x==2L=" bl_meta="{&quot;label&quot;:&quot;Page Data&quot;}"></block></value></block></value><value name="B"><block type="get_object_property" id="mS=%52lR$8X?;f`~xk5+" inline="false"><value name="prop_name"><shadow type="text" id="Ix:7HdWCZ/G;,~}?t@]q"><field name="TEXT">jobName</field></shadow></value><value name="object"><block type="root_block_ui_builder_common__context_blocks_pageData" id="T(:YrBZu;wSRsUc7YDKs" bl_meta="{&quot;label&quot;:&quot;Page Data&quot;}"></block></value></block></value></block></value><statement name="DO0"><block type="set_object_property" id=":n8(hG-Wnwylh!p.wh,D"><value name="object"><block type="root_block_ui_builder_common__context_blocks_appData" id="+7|4b9.khmH]Ksck_hUE" bl_meta="{&quot;label&quot;:&quot;App Data&quot;}"></block></value><value name="propName"><shadow type="text" id="CwUbT1OB?WMOX[5z8C#/"><field name="TEXT">opensScketUpgrade</field></shadow></value><value name="propValue"><block type="codeless_function_block_b57fda13679c94ef267a4d8c86ef896c" id="gA7,0.9==m#lgVgl/8$2" bl_meta="{&quot;fn&quot;:&quot;openSocketUpgrade&quot;,&quot;label&quot;:&quot;Custom Function - openSocketUpgrade&quot;}"><mutation has_output="true"></mutation><field name="connections_toggler">TRUE</field><value name="serviceName"><block type="get_object_property" id="7v$7W;|4n2FFgCy4.B5y" inline="false"><value name="prop_name"><shadow type="text" id="@wn^bkm$q.!hHpSBk[r/"><field name="TEXT">jobName</field></shadow></value><value name="object"><block type="root_block_ui_builder_common__context_blocks_pageData" id="soR@ZzElY02yE#{MDZ/J" bl_meta="{&quot;label&quot;:&quot;Page Data&quot;}"></block></value></block></value><value name="podName"><block type="get_object_property" id="zA|qo@i.Fc.zU?B%ij`U" inline="false"><value name="prop_name"><shadow type="text" id="SFCxc%(+Bj6$Llvo,w(F"><field name="TEXT">podName</field></shadow></value><value name="object"><block type="root_block_ui_builder_common__context_blocks_pageData" id="WpbM+=m:tNs26:ND-CXa" bl_meta="{&quot;label&quot;:&quot;Page Data&quot;}"></block></value></block></value></block></value><next><block type="set_object_property" id="|a]$+[E;4%=8|`C}d8#Q"><value name="object"><block type="root_block_ui_builder_common__context_blocks_appData" id="zOW@%:X2NgM|EUR/Uu(~" bl_meta="{&quot;label&quot;:&quot;App Data&quot;}"></block></value><value name="propName"><shadow type="text" id="(ZA`o6b]+yub4W$l.R{j"><field name="TEXT">previousServiceUpgrade</field></shadow></value><value name="propValue"><block type="get_object_property" id=";6Qz*:cQkI9p3c!ML_!O"><value name="prop_name"><shadow type="text" id="DJjedbIH8!OOTQ$DCG3x"><field name="TEXT">jobName</field></shadow></value><value name="object"><block type="root_block_ui_builder_common__context_blocks_pageData" id="U.G5jZ)~(}yS-b8X.D3n" bl_meta="{&quot;label&quot;:&quot;Page Data&quot;}"></block></value></block></value></block></next></block></statement></block></statement></block></next></block></next></block></next></block></next></block></statement></block></xml>