<xml xmlns="http://www.w3.org/1999/xhtml"><block type="root_block_ui_builder_button_onClick_handler" id="?$g(%o1~6L9c|t^E(:8K" deletable="false" x="20" y="50"><statement name="statements_code"><block type="custom_js_code" id="mR4AkA6hA}T$BZ)0J:6:"><mutation output="false"><code>"const body = document.querySelector('body');\nbody.style.overflow = 'hidden';"</code></mutation><field name="name">hideScrollbar</field><next><block type="ui_common_blocks__set_component_data_store" id="^Pe*@p#1fl.)F7Gje-rx" bl_meta="{&quot;label&quot;:&quot;Set component data store&quot;}"><field name="componentUid">'b4398d5c0048d80587b9664d8f5eac11'</field><value name="dataModel"><block type="create_object" id="K*d2XwL]@jR~WUZeg#m5"><mutation><properties><item id="property" prop-name="type"></item><item id="property" prop-name="domain"></item><item id="property" prop-name="btnLabel"></item><item id="property" prop-name="descriptionType"></item><item id="property" prop-name="descriptionDomain"></item><item id="property" prop-name="descriptionCertificate"></item><item id="property" prop-name="certificates"></item><item id="property" prop-name="certName"></item><item id="property" prop-name="repeaterItem"></item></properties></mutation><value name="create_object_mutator_container_properties_stack_property0"><block type="get_object_property" id="_yE]-3rb==(M`19;kXhs" inline="false"><value name="prop_name"><shadow type="text" id="2%gAturK#{k$e4z(IGqi"><field name="TEXT">type</field></shadow></value><value name="object"><block type="root_block_ui_builder_common__context_blocks_8df5e86e263721a17d2eb9a2f1451d2c_data" id="xF/VWU8=cb!pT?c{Im{Y" bl_meta="{&quot;label&quot;:&quot;\&quot;ingress container\&quot; Repeater Data Item&quot;,&quot;dynamicListId&quot;:&quot;9f186f89932cdfe880554e43f4f916a1&quot;}"></block></value></block></value><value name="create_object_mutator_container_properties_stack_property1"><block type="get_object_property" id="55L^M,Yh4w^zCbU-I~JJ" inline="false"><value name="prop_name"><shadow type="text" id="mJE{I$_2}I7]KVgB+N@]"><field name="TEXT">domain</field></shadow></value><value name="object"><block type="root_block_ui_builder_common__context_blocks_8df5e86e263721a17d2eb9a2f1451d2c_data" id="EAD7EgT8w3^lX3xZQg[4" bl_meta="{&quot;label&quot;:&quot;\&quot;ingress container\&quot; Repeater Data Item&quot;,&quot;dynamicListId&quot;:&quot;9f186f89932cdfe880554e43f4f916a1&quot;}"></block></value></block></value><value name="create_object_mutator_container_properties_stack_property2"><block type="logic_ternary" id="f3SfoA,NYKn~hFS[+b(_"><value name="IF"><block type="logic_compare" id="-P;%DH68:xXws$q+$:Fh" inline="false"><field name="OP">EQ</field><value name="A"><block type="get_object_property" id="m^cz0k$=/cxY=sW9+Oz%" inline="false"><value name="prop_name"><shadow type="text" id="Js#Y+s}x4M+?F(!hRfGQ"><field name="TEXT">domain</field></shadow></value><value name="object"><block type="root_block_ui_builder_common__context_blocks_8df5e86e263721a17d2eb9a2f1451d2c_data" id="XcO8:%J`rf.Yjd593`rl" bl_meta="{&quot;label&quot;:&quot;\&quot;ingress container\&quot; Repeater Data Item&quot;,&quot;dynamicListId&quot;:&quot;9f186f89932cdfe880554e43f4f916a1&quot;}"></block></value></block></value><value name="B"><block type="logic_null" id="{J@?}g%%^}9fWEJP[TT!"></block></value></block></value><value name="THEN"><block type="text" id="HvI*:{wMwO)sx/[[6Mr-"><field name="TEXT">Create</field></block></value><value name="ELSE"><block type="text" id="UGPQ{U0__W0qecPUjFyz"><field name="TEXT">Update</field></block></value></block></value><value name="create_object_mutator_container_properties_stack_property3"><block type="get_object_property" id="lW%PnbPq;~}JDx6x_b1%" inline="false"><value name="prop_name"><shadow type="text" id="lAfpryj$rpiibdSS,Vw!"><field name="TEXT">typeDescription</field></shadow></value><value name="object"><block type="root_block_ui_builder_common__context_blocks_8df5e86e263721a17d2eb9a2f1451d2c_data" id="q9ph7?1I3NJ0hkv;cy=x" bl_meta="{&quot;label&quot;:&quot;\&quot;ingress container\&quot; Repeater Data Item&quot;,&quot;dynamicListId&quot;:&quot;9f186f89932cdfe880554e43f4f916a1&quot;}"></block></value></block></value><value name="create_object_mutator_container_properties_stack_property4"><block type="get_object_property" id="-Bq=F2nr3cc2tefPct12" inline="false"><value name="prop_name"><shadow type="text" id="T)7xr}WiM:5XiH-Tgq}i"><field name="TEXT">domainDescription</field></shadow></value><value name="object"><block type="root_block_ui_builder_common__context_blocks_8df5e86e263721a17d2eb9a2f1451d2c_data" id=",2-.^Qlv1clgP.Puug|:" bl_meta="{&quot;label&quot;:&quot;\&quot;ingress container\&quot; Repeater Data Item&quot;,&quot;dynamicListId&quot;:&quot;9f186f89932cdfe880554e43f4f916a1&quot;}"></block></value></block></value><value name="create_object_mutator_container_properties_stack_property5"><block type="get_object_property" id="hwtLU0Jht(~2Rs!8pfFf" inline="false"><value name="prop_name"><shadow type="text" id="qQ8y9A:6Jux!Tec*G/vm"><field name="TEXT">certNameDescription</field></shadow></value><value name="object"><block type="root_block_ui_builder_common__context_blocks_8df5e86e263721a17d2eb9a2f1451d2c_data" id="Y;j)X8Wp=!pdVB!!d:.^" bl_meta="{&quot;label&quot;:&quot;\&quot;ingress container\&quot; Repeater Data Item&quot;,&quot;dynamicListId&quot;:&quot;9f186f89932cdfe880554e43f4f916a1&quot;}"></block></value></block></value><value name="create_object_mutator_container_properties_stack_property6"><block type="get_object_property" id="PDz+%)H]/)A6TxQq,[lW"><value name="prop_name"><shadow type="text" id="Me%B-S,E,xT|(0u6^zaE"><field name="TEXT">certificates</field></shadow></value><value name="object"><block type="root_block_ui_builder_common__context_blocks_pageData" id="DFK||8BS4)Z}fct5Cx,v" bl_meta="{&quot;label&quot;:&quot;Page Data&quot;}"></block></value></block></value><value name="create_object_mutator_container_properties_stack_property7"><block type="text" id="m)o~p+`1H,e0;A,EK_2F"><field name="TEXT">NO SSL</field></block></value><value name="create_object_mutator_container_properties_stack_property8"><block type="root_block_ui_builder_common__context_blocks_8df5e86e263721a17d2eb9a2f1451d2c_data" id="wn`8,aKPe^PnITwuVWT," bl_meta="{&quot;label&quot;:&quot;\&quot;ingress container\&quot; Repeater Data Item&quot;,&quot;dynamicListId&quot;:&quot;9f186f89932cdfe880554e43f4f916a1&quot;}"></block></value></block></value><next><block type="set_object_property" id="gq]i4W3$_t3trJjnvgaF"><value name="object"><block type="ui_common_blocks__get_component_data_style" id="_^,M^NFFqi.f!i{-R0k%" bl_meta="{&quot;label&quot;:&quot;Get component style&quot;}"><field name="componentUid">'1744db9f250d6ba85e3435fc3be3660e'</field></block></value><value name="propName"><shadow type="text" id="t$Kok,mv|WJ?!GU!=CXs"><field name="TEXT">visibility</field></shadow></value><value name="propValue"><block type="text" id="F0P1u-2PHj]V3BSh?|:o"><field name="TEXT">visible</field></block></value><next><block type="set_object_property" id="rw_gBWNwdz7C9YaUMt7P"><value name="object"><block type="ui_common_blocks__get_component_data_style" id="%K[e2c7h9/J/ccu{i_k6" bl_meta="{&quot;label&quot;:&quot;Get component style&quot;}"><field name="componentUid">'1744db9f250d6ba85e3435fc3be3660e'</field></block></value><value name="propName"><shadow type="text" id="g)bl93q3JgB:YXR]T2GL"><field name="TEXT">opacity</field></shadow></value><value name="propValue"><block type="math_number" id="?}M4vG6ty-@DY*_$k1y1"><field name="NUM">1</field></block></value></block></next></block></next></block></next></block></statement></block></xml>