<xml xmlns="http://www.w3.org/1999/xhtml"><block type="root_block_ui_builder_button_onLabelAssignment_handler" id="km/XNSl^4EMCFW}4Vu|$" deletable="false" x="20" y="50"><value name="return"><block type="logic_ternary" id="jHa|fQxwJGRI38y!/z-O"><value name="IF"><block type="logic_compare" id="a9dB?S0v6SC1LBDkqtZW"><field name="OP">EQ</field><value name="A"><block type="get_object_property" id="hf.FMzME_RD4cRQe0Pqv" inline="false"><value name="prop_name"><shadow type="text" id="{}4yt+(VE)fhCtXNLc^N"><field name="TEXT">domain</field></shadow></value><value name="object"><block type="root_block_ui_builder_common__context_blocks_8df5e86e263721a17d2eb9a2f1451d2c_data" id="06BzqhMX{Wv4`bQL5u-y" bl_meta="{&quot;label&quot;:&quot;\&quot;ingress container\&quot; Repeater Data Item&quot;,&quot;dynamicListId&quot;:&quot;9f186f89932cdfe880554e43f4f916a1&quot;}"></block></value></block></value><value name="B"><block type="logic_null" id="w?8lOmw;p||,#=mvt+G3"></block></value></block></value><value name="THEN"><block type="text" id="kW]c6J9[XtNX3;`L6K+l"><field name="TEXT">Create</field></block></value><value name="ELSE"><block type="text" id="Qrgdg3J9j(c$D7+J7k^w"><field name="TEXT">Update</field></block></value></block></value></block></xml>