<xml xmlns="http://www.w3.org/1999/xhtml"><block type="root_block_ui_builder_block_onMounted_handler" id="JdO1=b!W:/*~4V0RY#%z" deletable="false" x="20" y="50"><statement name="statements_code"><block type="controls_if" id="z$6X!Z%0G;}FJ-33dFPm"><value name="IF0"><block type="dynamic_context_blocks__get_component_by_id" id="RqYD4w=Is/]:n/U+=ou."><field name="componentUid">924202b19f0ef683e3940a99b258d565</field></block></value><statement name="DO0"><block type="set_object_property" id="SE{09F^NfXq1w-%lb_1F"><value name="object"><block type="dynamic_context_blocks__get_component_data_style" id="8wXP+1TZ^hTD`[diP7X@"><field name="componentUid">924202b19f0ef683e3940a99b258d565</field></block></value><value name="propName"><shadow type="text" id="+AC(dP|VR6+`Rs@alR7:"><field name="TEXT">display</field></shadow></value><value name="propValue"><block type="text" id="uc$jCmZTxL;9g40f6dp1"><field name="TEXT">none</field></block></value></block></statement><next><block type="controls_if" id="v3|ZJ1dm9!Tzu|7|r0dX"><value name="IF0"><block type="dynamic_context_blocks__get_component_by_id" id="n9Aci~/50OLqAK9nKXVg"><field name="componentUid">4f334f9dc1010f33ff9a725c1781b1c7</field></block></value><statement name="DO0"><block type="set_object_property" id="STVNmbquDMT^ZQ6^#Vt."><value name="object"><block type="dynamic_context_blocks__get_component_data_style" id="yaysfBC{1}Ja/8ewdcgb"><field name="componentUid">4f334f9dc1010f33ff9a725c1781b1c7</field></block></value><value name="propName"><shadow type="text" id="y+i$pX1yJy0LLHQEve*@"><field name="TEXT">display</field></shadow></value><value name="propValue"><block type="text" id="@=,}LC9-s_SzphRhla6?"><field name="TEXT">flex</field></block></value></block></statement><next><block type="set_object_property" id="n6Yv*JsT65MD`N#{}M#D"><value name="object"><block type="root_block_ui_builder_common__context_blocks_pageData" id="fk,#B-I?c{wwc0mD9hR:" bl_meta="{&quot;label&quot;:&quot;Page Data&quot;}"></block></value><value name="propName"><shadow type="text" id="H6$Jfb]90:L[@I(@C)?o"><field name="TEXT">description</field></shadow></value><value name="propValue"><block type="codeless_function_block_696a14dd8d2f85be7023c2c4441a65a5" id="OJzyKYT^#Fe[7Z07pJ~!" bl_meta="{&quot;fn&quot;:&quot;ProManagerAPI&quot;,&quot;label&quot;:&quot;Custom Function - ProManagerAPI&quot;}"><value name="method"><block type="text" id="0=449=qjc|ja-AkFF;Ig"><field name="TEXT">get</field></block></value><value name="path"><block type="text" id=")xMa9+w)l{230Jdpo[wp"><field name="TEXT">/manage/configuration/data/describe</field></block></value></block></value><next><block type="set_object_property" id="FK6=,tReKYqxMs;QCME9"><value name="object"><block type="root_block_ui_builder_common__context_blocks_pageData" id="fVG-eK@8+D5La[)jR3x[" bl_meta="{&quot;label&quot;:&quot;Page Data&quot;}"></block></value><value name="propName"><shadow type="text" id="4Ry5m$`4!Bsl8QCOXgIW"><field name="TEXT">dataContainer</field></shadow></value><value name="propValue"><block type="lists_create_with" id="NG.$$=}C`2R=8p6]:kq4"><mutation items="1"></mutation><value name="ADD0"><block type="codeless_function_block_696a14dd8d2f85be7023c2c4441a65a5" id="D#],}K6pA`h)fCbhC1W/" bl_meta="{&quot;fn&quot;:&quot;ProManagerAPI&quot;,&quot;label&quot;:&quot;Custom Function - ProManagerAPI&quot;}"><value name="method"><block type="text" id="1s}EeIvwR/WYUBy+3NtW"><field name="TEXT">get</field></block></value><value name="path"><block type="text" id="G$Wtc9`P.D(zRPi6VH19"><field name="TEXT">/manage/configuration/data/config</field></block></value></block></value></block></value><next><block type="controls_if" id="=~m_C}s^uNOq-@CCbqiF"><value name="IF0"><block type="dynamic_context_blocks__get_component_by_id" id="_/J8M(WW@8-u*n^ufx5Q"><field name="componentUid">4f334f9dc1010f33ff9a725c1781b1c7</field></block></value><statement name="DO0"><block type="set_object_property" id="Rs*2NEVbFG03eDNBHTCJ"><value name="object"><block type="dynamic_context_blocks__get_component_data_style" id="|B6knJT)WVzBeGo/brn+"><field name="componentUid">4f334f9dc1010f33ff9a725c1781b1c7</field></block></value><value name="propName"><shadow type="text" id="lWM:kGV[6h9Ak/MOiJkC"><field name="TEXT">display</field></shadow></value><value name="propValue"><block type="text" id="XanCvN!{swNE~C?;Ow#w"><field name="TEXT">none</field></block></value></block></statement><next><block type="controls_if" id="$DY{794DE[q734ie+Q3y"><value name="IF0"><block type="dynamic_context_blocks__get_component_by_id" id="ZA*?=e|nM3/Md_-WDE0Z"><field name="componentUid">924202b19f0ef683e3940a99b258d565</field></block></value><statement name="DO0"><block type="set_object_property" id="KdALrDtI-t#to@54;dFN"><value name="object"><block type="dynamic_context_blocks__get_component_data_style" id="~q}Eo+Zu]tNuy]hrr+!r"><field name="componentUid">924202b19f0ef683e3940a99b258d565</field></block></value><value name="propName"><shadow type="text" id="ctIUM-1,f_=hU%2~OL^8"><field name="TEXT">display</field></shadow></value><value name="propValue"><block type="text" id="m.jh+TsBp:0/F)o4X{!`"><field name="TEXT">flex</field></block></value></block></statement></block></next></block></next></block></next></block></next></block></next></block></statement></block></xml>