<xml xmlns="http://www.w3.org/1999/xhtml"><block type="root_block_ui_builder_block_onClick_handler" id="8s}u%Fm60koF^CuCAI;O" deletable="false" x="20" y="50"><statement name="statements_code"><block type="set_object_property" id="79sCV,4]9StgB33;c|i]"><value name="object"><block type="get_object_property" id="+.l@}/-tfEn*%fJ60s%P"><value name="prop_name"><shadow type="text" id="h:+z{t}5e}*F3?;!H0qr"><field name="TEXT">el</field></shadow></value><value name="object"><block type="ui_common_blocks__get_component_by_id" id="9#n-(!@6n2A1z^%,dd{W" bl_meta="{&quot;label&quot;:&quot;Get component by id&quot;}"><field name="componentUid">'57c1dbc34b1c989c67cdeee5b059df3e'</field></block></value></block></value><value name="propName"><shadow type="text" id="XA#;NIGK4{Cg*wxuOv$k"><field name="TEXT">type</field></shadow></value><value name="propValue"><block type="text" id="cqHam6(q#bvl-{~.{VeB"><field name="TEXT">password</field></block></value><next><block type="ui_common_blocks__toggle_component_visibility" id="Yi(4b+kbZTw=;|0x(XIv" bl_meta="{&quot;label&quot;:&quot;Toggle component visibility&quot;}"><field name="componentUid">'1141d4fc2d5edd8b5c43756bf938fa9b'</field><value name="visible"><block type="logic_boolean" id="#xBVYR!!/4KNW]uu/@}8"><field name="BOOL">TRUE</field></block></value><next><block type="ui_common_blocks__toggle_component_visibility" id="2Wf?1(8zQdN(.Xa/i`GM" bl_meta="{&quot;label&quot;:&quot;Toggle component visibility&quot;}"><field name="componentUid">'09bad8b3e533875c7a5218a158c3ee48'</field><value name="visible"><block type="logic_boolean" id="x[G_F!5lE}wR0tkEDZDN"><field name="BOOL">FALSE</field></block></value></block></next></block></next></block></statement></block></xml>