<xml xmlns="http://www.w3.org/1999/xhtml"><block type="root_block_ui_builder_block_onMounted_handler" id="W#sn36^yX)G[%S^O|9(H" deletable="false" x="20" y="50"><statement name="statements_code"><block type="set_object_property" id="%z`f]?zQ2J%q3`tEA%R}"><value name="object"><block type="root_block_ui_builder_common__context_blocks_8df5e86e263721a17d2eb9a2f1451d2c_data" id="4!JZTn+~g0gy7AnWDm3|" bl_meta="{&quot;label&quot;:&quot;\&quot;management container\&quot; Repeater Data Item&quot;,&quot;dynamicListId&quot;:&quot;9f186f89932cdfe880554e43f4f916a1&quot;}"></block></value><value name="propName"><shadow type="text" id=".-]pD4P`y.XX]iVp~2E;"><field name="TEXT">btnSetPassword</field></shadow></value><value name="propValue"><block type="text" id="~.LnsV$h[E88QiSf*?!%"><field name="TEXT">Set password</field></block></value><next><block type="set_object_property" id="PPT@7D6tzQqbGYryS/_1"><value name="object"><block type="root_block_ui_builder_common__context_blocks_8df5e86e263721a17d2eb9a2f1451d2c_data" id="[_/qz!+stIklN(S~Vj?+" bl_meta="{&quot;label&quot;:&quot;\&quot;management container\&quot; Repeater Data Item&quot;,&quot;dynamicListId&quot;:&quot;9f186f89932cdfe880554e43f4f916a1&quot;}"></block></value><value name="propName"><shadow type="text" id="nl@R-Jq`AY+!uclME-@_"><field name="TEXT">btnDelete</field></shadow></value><value name="propValue"><block type="text" id="tD#CKS]{PQ0L0_[E~tiE"><field name="TEXT">Delete</field></block></value></block></next></block></statement></block></xml>