<xml xmlns="http://www.w3.org/1999/xhtml"><block type="root_block_ui_builder_link_onTargetPathAssignment_handler" id="/D^o+3`e{-e9S^=.*c.m" deletable="false" x="20" y="50"><value name="return"><block type="text_join" id="^r5VO@[#p9og0fC`_}Ib"><mutation items="2"></mutation><value name="ADD0"><block type="get_object_property" id="jrt1(lFyQJ8_[@%_/SfV"><value name="prop_name"><shadow type="text" id="+.?_=,-SFr*$O_2V8o_U"><field name="TEXT">currentOrigin</field></shadow></value><value name="object"><block type="root_block_ui_builder_common__context_blocks_pageData" id="@(RO0%(,2!}@iRs06|2A" bl_meta="{&quot;label&quot;:&quot;Page Data&quot;}"></block></value></block></value><value name="ADD1"><block type="text" id="DRXxI2v]Z)g9dl3r{Fdg"><field name="TEXT">/services/manage/configuration/logs/all</field></block></value></block></value></block></xml>