<xml xmlns="http://www.w3.org/1999/xhtml"><block type="root_block_ui_builder_input_onChange_handler" id="$7,/]!Fs_}3(fsT]vU4v" deletable="false" x="20" y="50"><statement name="statements_code"><block type="controls_if" id="AW-:f)67@d}!{t^svWl9"><value name="IF0"><block type="get_object_property" id="v!;2-v!^k6nIHG4z$kOp"><value name="prop_name"><shadow type="text" id="|(|)9drJ)0U-Tt7RW5^R"><field name="TEXT">required</field></shadow></value><value name="object"><block type="lists_getIndex" id="pqDD8VEJ#mNT}sPfDuaT"><mutation statement="false" at="false"></mutation><field name="MODE">GET</field><field name="WHERE">FIRST</field><value name="VALUE"><block type="list_filter_items" id="1#[PI9!PqI?n(_K,U@F~"><field name="item">item</field><value name="list"><block type="get_object_property" id="rx7:!wvlIe$]pXPsO#*o"><value name="prop_name"><shadow type="text" id="F8yU;Q^BRBJ)O]GrVt8c"><field name="TEXT">description</field></shadow></value><value name="object"><block type="root_block_ui_builder_common__context_blocks_pageData" id="E4.3el,DZAI!r/Y+l,8}" bl_meta="{&quot;label&quot;:&quot;Page Data&quot;}"></block></value></block></value><value name="returnCode"><block type="logic_compare" id=".91+l@yOMs8.c|=mbz:i"><field name="OP">EQ</field><value name="A"><block type="get_object_property" id="Tqj.C.m+T(kPS(Np;+ez"><value name="prop_name"><shadow type="text" id="wYFijxFew:/kc^@SLlPJ"><field name="TEXT">name</field></shadow></value><value name="object"><block type="variables_get" id="oC;_Z298uXfJAHLN?Ml*"><field name="VAR">item</field></block></value></block></value><value name="B"><block type="text" id=";!:WG6A:3{yE`K-G4k?#"><field name="TEXT">Max counters retrieve size</field></block></value></block></value></block></value></block></value></block></value><statement name="DO0"><block type="controls_if" id="!1id4N?xh8Mt-0w8T`L,"><mutation else="1"></mutation><value name="IF0"><block type="root_block_ui_builder_input_onChange_handler_context_blocks_value" id="E?X6#NJ(]z_qxm~Y?@eq" bl_meta="{&quot;label&quot;:&quot;Changed Value&quot;}"></block></value><statement name="DO0"><block type="dynamic_context_blocks__toggle_component_visibility" id="#SlqR$4BU)`NTRD~c=nE"><field name="componentUid">f6024c35a4be53e6b64b776ba73ce95c</field><value name="visible"><block type="logic_boolean" id="bp!o%m1r!E.14)5An)(t"><field name="BOOL">FALSE</field></block></value></block></statement><statement name="ELSE"><block type="dynamic_context_blocks__toggle_component_visibility" id=":X-Zv~dF(#28#IizN/e4"><field name="componentUid">f6024c35a4be53e6b64b776ba73ce95c</field><value name="visible"><block type="logic_boolean" id=":]k5]h,}PCUrr~.0:c0|"><field name="BOOL">TRUE</field></block></value></block></statement></block></statement></block></statement></block></xml>