<xml xmlns="http://www.w3.org/1999/xhtml"><block type="root_block_ui_builder_block_onMounted_handler" id="h3+NHHcz@7I8lXEE-KzA" deletable="false" x="35" y="54"><statement name="statements_code"><block type="controls_if" id="=?%IOVggrOpyF(~}w4!{"><value name="IF0"><block type="ui_common_blocks__get_component_by_id" id="(q)ZgjFhN#b]Zp}np!(U" bl_meta="{&quot;label&quot;:&quot;Get component by id&quot;}"><field name="componentUid">'924202b19f0ef683e3940a99b258d565'</field></block></value><statement name="DO0"><block type="set_object_property" id="@]{mghlKD:Es5`o1p!2l"><value name="object"><block type="ui_common_blocks__get_component_data_style" id="@EkvCc(,9-/QyeI.m6PZ" bl_meta="{&quot;label&quot;:&quot;Get component style&quot;}"><field name="componentUid">'924202b19f0ef683e3940a99b258d565'</field></block></value><value name="propName"><shadow type="text" id="SdbO,rLH$[r0^bIRIYRh"><field name="TEXT">display</field></shadow></value><value name="propValue"><block type="text" id="+cJ+3LUZXkWByM-y^DXA"><field name="TEXT">none</field></block></value></block></statement><next><block type="controls_if" id="/vGH0;%ky)xG8g4;V:%!"><value name="IF0"><block type="ui_common_blocks__get_component_by_id" id=".z.qn/6v=F@(pFEz!AXq" bl_meta="{&quot;label&quot;:&quot;Get component by id&quot;}"><field name="componentUid">'4f334f9dc1010f33ff9a725c1781b1c7'</field></block></value><statement name="DO0"><block type="controls_if" id="+VC1Z)Z2cRG,zI#YRJD@"><mutation else="1"></mutation><value name="IF0"><block type="logic_negate" id="Sq0/k(^F:G[tXdgRq]]|"><value name="BOOL"><block type="get_object_property" id="zCCBm$5|W1Rm3.G,%d`0"><value name="prop_name"><shadow type="text" id="SGNYbSU]C@Rw,UENh;ZY"><field name="TEXT">pageUserManagement</field></shadow></value><value name="object"><block type="root_block_ui_builder_common__context_blocks_appData" id="a#J]4k@Ex}9RBcQ${1P+" bl_meta="{&quot;label&quot;:&quot;App Data&quot;}"></block></value></block></value></block></value><statement name="DO0"><block type="set_object_property" id="Pn0#;SBM]Xn7WkmK*MP4"><value name="object"><block type="ui_common_blocks__get_component_data_style" id="9aYH?~?5P(;bnAPS`s~?" bl_meta="{&quot;label&quot;:&quot;Get component style&quot;}"><field name="componentUid">'4f334f9dc1010f33ff9a725c1781b1c7'</field></block></value><value name="propName"><shadow type="text" id=";n/u!!IIsBG-VrFAVM_!"><field name="TEXT">display</field></shadow></value><value name="propValue"><block type="text" id="1(GQa%2+Mb+.!%quX_tF"><field name="TEXT">flex</field></block></value><next><block type="timer_wait" id="NlOy)(GDh%GL*zG/AAxT"><value name="time"><shadow type="math_number" id="O!ncEXquNE3z!G{pw;lv"><field name="NUM">1000</field></shadow></value></block></next></block></statement><statement name="ELSE"><block type="set_object_property" id="EKN}|t9YG*7MVl:gpTk}"><value name="object"><block type="ui_common_blocks__get_component_data_style" id="UwFVR@QQ/1PL$+K;M-*P" bl_meta="{&quot;label&quot;:&quot;Get component style&quot;}"><field name="componentUid">'4f334f9dc1010f33ff9a725c1781b1c7'</field></block></value><value name="propName"><shadow type="text" id="kHFp}k|q5;6O6XUJJiKs"><field name="TEXT">display</field></shadow></value><value name="propValue"><block type="text" id="/QiB`2@:U1}4KGI[NVT:"><field name="TEXT">flex</field></block></value></block></statement></block></statement><next><block type="set_object_property" id="_tqz+f:KFK!]Q-6DlzQ`"><value name="object"><block type="root_block_ui_builder_common__context_blocks_pageData" id="$FAxZ(-O-ZBz@YfXRMx2" bl_meta="{&quot;label&quot;:&quot;Page Data&quot;}"></block></value><value name="propName"><shadow type="text" id="x@4:HINS4eDrO~qxiw|="><field name="TEXT">managementContainer</field></shadow></value><value name="propValue"><block type="codeless_function_block_696a14dd8d2f85be7023c2c4441a65a5" id="8//^?v,SVePDi8@?4i4y" bl_meta="{&quot;fn&quot;:&quot;ProManagerAPI&quot;,&quot;label&quot;:&quot;Custom Function - ProManagerAPI&quot;}"><mutation has_output="true"></mutation><field name="connections_toggler">TRUE</field><value name="method"><block type="text" id="!!h!+ziCE_nn9vxceM,T"><field name="TEXT">get</field></block></value><value name="path"><block type="text" id="!D}]MQv{3tKaVx/lDs=B"><field name="TEXT">/user</field></block></value></block></value><next><block type="set_object_property" id="{q],J$)ebw8Rdd4/m)P~"><value name="object"><block type="root_block_ui_builder_common__context_blocks_pageData" id="X|htn@BoXFj5ObM/Ejk*" bl_meta="{&quot;label&quot;:&quot;Page Data&quot;}"></block></value><value name="propName"><shadow type="text" id="oM!o^e.,`(E_S,5}K~!7"><field name="TEXT">noUserMessage</field></shadow></value><value name="propValue"><block type="logic_compare" id="^u4ll4uA#_CqxS_7weLt"><field name="OP">EQ</field><value name="A"><block type="lists_length" id="~IfHm(B*GamcNKH-I*JW"><value name="VALUE"><block type="get_object_property" id="%P*6Np3n+AFIMaa45L,;"><value name="prop_name"><shadow type="text" id="KNUhS-r2[]yr|%qtHS?6"><field name="TEXT">managementContainer</field></shadow></value><value name="object"><block type="root_block_ui_builder_common__context_blocks_pageData" id="IX7FBPsQzc,+iAtq-*)B" bl_meta="{&quot;label&quot;:&quot;Page Data&quot;}"></block></value></block></value></block></value><value name="B"><block type="math_number" id="f#6TIV%*5h;8F`.y]^c1"><field name="NUM">0</field></block></value></block></value><next><block type="set_object_property" id="fc,T;!WHb}cs]nJb`B~4"><value name="object"><block type="root_block_ui_builder_common__context_blocks_pageData" id="%_+,EAN!:Ot@u]ucqr^t" bl_meta="{&quot;label&quot;:&quot;Page Data&quot;}"></block></value><value name="propName"><shadow type="text" id="y[tWzcNaNte|!8rFPtDg"><field name="TEXT">userManagement</field></shadow></value><value name="propValue"><block type="logic_boolean" id="vNZ-T{.38NitM%1p#tv}"><field name="BOOL">TRUE</field></block></value><next><block type="controls_if" id="K.4a7R3t5Fh3A8r6ZTvf"><value name="IF0"><block type="ui_common_blocks__get_component_by_id" id="Eq2mq4f1V7$)]6f4A`(A" bl_meta="{&quot;label&quot;:&quot;Get component by id&quot;}"><field name="componentUid">'4f334f9dc1010f33ff9a725c1781b1c7'</field></block></value><statement name="DO0"><block type="set_object_property" id="Rs*2NEVbFG03eDNBHTCJ"><value name="object"><block type="ui_common_blocks__get_component_data_style" id="|B6knJT)WVzBeGo/brn+" bl_meta="{&quot;label&quot;:&quot;Get component style&quot;}"><field name="componentUid">'4f334f9dc1010f33ff9a725c1781b1c7'</field></block></value><value name="propName"><shadow type="text" id="lWM:kGV[6h9Ak/MOiJkC"><field name="TEXT">display</field></shadow></value><value name="propValue"><block type="text" id="XanCvN!{swNE~C?;Ow#w"><field name="TEXT">none</field></block></value></block></statement><next><block type="controls_if" id="(Vq[B[kS)]nCO1EsN*|,"><value name="IF0"><block type="ui_common_blocks__get_component_by_id" id="}jMGpIk^@U9Nybu)oxB{" bl_meta="{&quot;label&quot;:&quot;Get component by id&quot;}"><field name="componentUid">'924202b19f0ef683e3940a99b258d565'</field></block></value><statement name="DO0"><block type="set_object_property" id="KdALrDtI-t#to@54;dFN"><value name="object"><block type="ui_common_blocks__get_component_data_style" id="~q}Eo+Zu]tNuy]hrr+!r" bl_meta="{&quot;label&quot;:&quot;Get component style&quot;}"><field name="componentUid">'924202b19f0ef683e3940a99b258d565'</field></block></value><value name="propName"><shadow type="text" id="ctIUM-1,f_=hU%2~OL^8"><field name="TEXT">display</field></shadow></value><value name="propValue"><block type="text" id="m.jh+TsBp:0/F)o4X{!`"><field name="TEXT">flex</field></block></value></block></statement></block></next></block></next></block></next></block></next></block></next></block></next></block></statement></block></xml>