<xml xmlns="http://www.w3.org/1999/xhtml"><block type="root_block_ui_builder_block_onDynamicItemsAssignment_handler" id="|^{1P_.fyx$js}mfBfL?" deletable="false" x="20" y="50"><value name="return"><block type="get_object_property" id="10JIsG;1*.9s=KCDv?s|"><value name="prop_name"><shadow type="text" id="h?`saX5YQG0(ug?fwX[/"><field name="TEXT">test</field></shadow></value><value name="object"><block type="root_block_ui_builder_common__context_blocks_appData" id="he|_xlD)S9MRbANHhvSD" bl_meta="{&quot;label&quot;:&quot;App Data&quot;}"></block></value></block></value></block></xml>