<xml xmlns="http://www.w3.org/1999/xhtml"><block type="root_block_ui_builder_text_onClassListAssignment_handler" id="2$}My%A)wy4jDP.XJnWk" deletable="false" x="20" y="50"><statement name="statements_code"><block type="variables_set" id="`ZT2(R/4POzw@#PB,nta"><field name="VAR">classList</field><value name="VALUE"><block type="lists_create_with" id="Z(d/smg8(eukhkDNCd_B"><mutation items="1"></mutation><value name="ADD0"><block type="text" id="Ka!_Px~|%|Ny(vVGzLUx"><field name="TEXT">ServerStatus__StopAllBtn</field></block></value></block></value><next><block type="controls_if" id="%yaj.*Qk3-/%B+3m5DUq"><value name="IF0"><block type="get_object_property" id="l3]-=%Dupjzv)]PpSSgO"><value name="prop_name"><shadow type="text" id="Z`WJ2hwsv(fd2E~Fh~.l"><field name="TEXT">groupActionList</field></shadow></value><value name="object"><block type="root_block_ui_builder_common__context_blocks_pageData" id="DNNH}IA|}-JB)il`qKO@"></block></value></block></value><statement name="DO0"><block type="controls_if" id="2|#%!b}`a_)IMUWW(x9."><value name="IF0"><block type="logic_compare" id="DHC}y(=3Ae_rI`HbQ!2h"><field name="OP">NEQ</field><value name="A"><block type="lists_length" id=":O_x?}8^z~pBz@96f!i#"><value name="VALUE"><block type="get_object_property" id="#k)B_`?+l#w2`R{$,ZRf"><value name="prop_name"><shadow type="text" id="v{Q-6bD0)n=+QIi#)}MO"><field name="TEXT">groupActionList</field></shadow></value><value name="object"><block type="root_block_ui_builder_common__context_blocks_pageData" id="8il{!]a3Mf?%UskOCf^k"></block></value></block></value></block></value><value name="B"><block type="math_number" id="beA,lO.i8M!~|USgaj+E"><field name="NUM">0</field></block></value></block></value><statement name="DO0"><block type="variables_set" id="Eru9}B3FsQy%7#3$|]Uu"><field name="VAR">classList</field><value name="VALUE"><block type="lists_create_with" id="$Cba*Y.o*G|a%rVvI,DT"><mutation items="2"></mutation><value name="ADD0"><block type="text" id="*=9??HcM6_vK;VW2L:2p"><field name="TEXT">ServerStatus__StopAllBtn bl-text</field></block></value><value name="ADD1"><block type="text" id="I6SY!,itm`lbFunL-uri"><field name="TEXT">ServerStatus__StopAllBtn--active</field></block></value></block></value></block></statement></block></statement></block></next></block></statement><value name="return"><block type="variables_get" id="a(zClADtXoVva7ZX+gTY"><field name="VAR">classList</field></block></value></block></xml>