<xml xmlns="http://www.w3.org/1999/xhtml"><block type="root_block_ui_builder_block_onClick_handler" id="yT~pn#=lr},qRF[u)-q?" deletable="false" x="20" y="50"><statement name="statements_code"><block type="set_object_property" id="-FfbM^n-mo6X^,W8g4{0"><value name="object"><block type="root_block_ui_builder_common__context_blocks_cc6c067e2b46da2502deb333245ebfc6_data" id="Pq.o,%cA:dh(%6BDMrWY" bl_meta="{&quot;label&quot;:&quot;\&quot;ServerLogs controls\&quot; Data&quot;}"></block></value><value name="propName"><shadow type="text" id=".xb@2tAtFTY!r]ZXya.O"><field name="TEXT">stopBtnLabel</field></shadow></value><value name="propValue"><block type="text" id="H4[Js@CSYV-.n^]3jj]7"><field name="TEXT">Stop</field></block></value><next><block type="set_object_property" id="Q9nB3!:$D0$%yzFkWHU2"><value name="object"><block type="root_block_ui_builder_common__context_blocks_cc6c067e2b46da2502deb333245ebfc6_data" id="aUDR!:l;9m$050r?`Kj]" bl_meta="{&quot;label&quot;:&quot;\&quot;ServerLogs controls\&quot; Data&quot;}"></block></value><value name="propName"><shadow type="text" id="i6ECX6%`k*vrKdf;fw}}"><field name="TEXT">restartBtnLabel</field></shadow></value><value name="propValue"><block type="text" id="+9-i[4o4hFv((p+PN9M-"><field name="TEXT">Restarting...</field></block></value><next><block type="set_object_property" id="2!:,,L=zsj0-BN-OG_yO"><value name="object"><block type="root_block_ui_builder_common__context_blocks_pageData" id="dd8M*L4u$.o`?{X-k)P|" bl_meta="{&quot;label&quot;:&quot;Page Data&quot;}"></block></value><value name="propName"><shadow type="text" id=".3tUhFu5/mR~)UeXj/;."><field name="TEXT">restarting</field></shadow></value><value name="propValue"><block type="logic_boolean" id="x5u`{V3}Lp5^Qt5Lr/R^"><field name="BOOL">TRUE</field></block></value><next><block type="text_print" id="@Dw87~I2rgzw$qB6j!_q"><value name="TEXT"><shadow type="text" id="IuGEakhn%kGk?EDw$(Ei"><field name="TEXT">abc</field></shadow><block type="codeless_function_block_696a14dd8d2f85be7023c2c4441a65a5" id="7w60^#`9y$`**w0%;D49" bl_meta="{&quot;fn&quot;:&quot;ProManagerAPI&quot;,&quot;label&quot;:&quot;Custom Function - ProManagerAPI&quot;}"><mutation has_output="true"></mutation><field name="connections_toggler">TRUE</field><value name="method"><block type="text" id="]{pr?dr:4jy6jPSiaw;Y"><field name="TEXT">put</field></block></value><value name="path"><block type="text" id="{Qs!$40$GKL4hi1I}N8B"><field name="TEXT">/manage/state</field></block></value><value name="body"><block type="create_object" id="T5f!qMk+s^f5K$An([5x"><mutation><properties><item id="property" prop-name="serviceName"></item><item id="property" prop-name="state"></item><item id="property" prop-name="hidden"></item></properties></mutation><value name="create_object_mutator_container_properties_stack_property0"><block type="get_object_property" id="Hof.0:I/9G~!O2//U_$w"><value name="prop_name"><shadow type="text" id="I.pf0MT5ZOYUk#0oed%l"><field name="TEXT">serviceName</field></shadow></value><value name="object"><block type="root_block_ui_builder_common__context_blocks_pageData" id="NeR*h8Yl?AZ2*kaIIeOi" bl_meta="{&quot;label&quot;:&quot;Page Data&quot;}"></block></value></block></value><value name="create_object_mutator_container_properties_stack_property1"><block type="text" id="c!Jq94CXho8P-f(hLpk+"><field name="TEXT">restart</field></block></value><value name="create_object_mutator_container_properties_stack_property2"><block type="logic_boolean" id="zO*S)HwIu*8idqCr@2k6"><field name="BOOL">FALSE</field></block></value></block></value></block></value></block></next></block></next></block></next></block></statement></block></xml>