<xml xmlns="http://www.w3.org/1999/xhtml"><block type="root_block_ui_builder_block_onDisplayAssignment_handler" id="/yYW1Sb9zk6!abBK4y!C" deletable="false" x="20" y="50"><statement name="statements_code"><block type="variables_set" id="h~0Q]DgSlhCpIMLK(4Kv"><field name="VAR">visible</field><value name="VALUE"><block type="logic_boolean" id="YUSX5%6@/-;-/6q}ue:F"><field name="BOOL">TRUE</field></block></value><next><block type="controls_if" id="Sx^a~`3`Xd$dPX:xeRdy"><value name="IF0"><block type="get_object_property" id="vJTb.ME`6[~A@g:l*W/r"><value name="prop_name"><shadow type="text" id="MXrd{[oBMncA;09#U[Ho"><field name="TEXT">statusData</field></shadow></value><value name="object"><block type="root_block_ui_builder_common__context_blocks_cc6c067e2b46da2502deb333245ebfc6_data" id="|u/Ebdg/pd_D.2OO8oO@" bl_meta="{&quot;label&quot;:&quot;ServerLogs controls Data&quot;}"></block></value></block></value><statement name="DO0"><block type="variables_set" id="n*(cC4Dt{}zPw?={y3Q,"><field name="VAR">currentService</field><value name="VALUE"><block type="list_filter_items" id="j@bze=52TMcHIH^rIF`l"><field name="item">service</field><value name="list"><block type="get_object_property" id="uDfh){[8rn6Ge^~)U^ft"><value name="prop_name"><shadow type="text" id="qkB?N^$a@1)%%?Zye/V]"><field name="TEXT">statusData</field></shadow></value><value name="object"><block type="root_block_ui_builder_common__context_blocks_cc6c067e2b46da2502deb333245ebfc6_data" id="6}PayU:1.{rm05u+6p_!" bl_meta="{&quot;label&quot;:&quot;ServerLogs controls Data&quot;}"></block></value></block></value><value name="returnCode"><block type="logic_compare" id="cy!TYfu/sz-p2oS;-=3v"><field name="OP">EQ</field><value name="A"><block type="get_object_property" id="e{.X)x`8;uwbbO3t8yQC" inline="false"><value name="prop_name"><shadow type="text" id="ofpZhy$F-fOkEYWuk!Rq"><field name="TEXT">name</field></shadow></value><value name="object"><block type="variables_get" id="yYYgG*:tsaVLi+y;WR%q"><field name="VAR">service</field></block></value></block></value><value name="B"><block type="get_object_property" id=",EC$H}10ner{A)JX_[.(" inline="false"><value name="prop_name"><shadow type="text" id="x5A8h$J$#JR]X4,)jjRC"><field name="TEXT">serviceName</field></shadow></value><value name="object"><block type="root_block_ui_builder_common__context_blocks_pageData" id="5O;)GCYvC~:1Toyqp_.E" bl_meta="{&quot;label&quot;:&quot;Page Data&quot;}"></block></value></block></value></block></value></block></value><next><block type="variables_set" id="ia,R+j?Vbc#:5L`Iik*-"><field name="VAR">currentStatus</field><value name="VALUE"><block type="get_object_property" id="4hmDF0=pF_Cee;IKrI%K"><value name="prop_name"><shadow type="text" id="VUI1#pg~*Jzx2Bhs[F$z"><field name="TEXT">status</field></shadow></value><value name="object"><block type="lists_getIndex" id="nxpFXi|k}@nB!fh5gI6%"><mutation statement="false" at="false"></mutation><field name="MODE">GET</field><field name="WHERE">FIRST</field><value name="VALUE"><block type="variables_get" id="biFfWuv@DODl)(G4-+-9"><field name="VAR">currentService</field></block></value></block></value></block></value><next><block type="controls_if" id="j$x+q1J^R[%w3T{oIU//"><value name="IF0"><block type="logic_compare" id="q[Vu6]C$WBExSexQ80{p"><field name="OP">EQ</field><value name="A"><block type="variables_get" id="1#/VclNHPs6^?{Tq)QzC"><field name="VAR">currentStatus</field></block></value><value name="B"><block type="text" id="`zy%L!pD0m)z3vwBD6]j"><field name="TEXT">stopped</field></block></value></block></value><statement name="DO0"><block type="set_object_property" id="Q9nB3!:$D0$%yzFkWHU2"><value name="object"><block type="root_block_ui_builder_common__context_blocks_cc6c067e2b46da2502deb333245ebfc6_data" id="aUDR!:l;9m$050r?`Kj]" bl_meta="{&quot;label&quot;:&quot;ServerLogs controls Data&quot;}"></block></value><value name="propName"><shadow type="text" id="i6ECX6%`k*vrKdf;fw}}"><field name="TEXT">restartBtnLabel</field></shadow></value><value name="propValue"><block type="text" id="+9-i[4o4hFv((p+PN9M-"><field name="TEXT">Restart</field></block></value><next><block type="variables_set" id="V:pbc`SIgND~}`%gH$~$"><field name="VAR">visible</field><value name="VALUE"><block type="logic_boolean" id="MU`Yw]gztLCZ{S%BRAyq"><field name="BOOL">FALSE</field></block></value></block></next></block></statement><next><block type="controls_if" id="ZZe)vS%I!d)F;p$!$5ia"><value name="IF0"><block type="logic_compare" id="M$u^o6rE71c5Lb0[IhI5"><field name="OP">EQ</field><value name="A"><block type="variables_get" id="E%;~$T,}*Ja`u@bD(T5E"><field name="VAR">currentStatus</field></block></value><value name="B"><block type="text" id="=9ssBL`uCC[@D@,Q!8h-"><field name="TEXT">notInstalled</field></block></value></block></value><statement name="DO0"><block type="set_object_property" id="Bh:6,LHV!|0)cEjz=uS7"><value name="object"><block type="root_block_ui_builder_common__context_blocks_cc6c067e2b46da2502deb333245ebfc6_data" id="po8Oae,P8wV`Wt@OBsZJ" bl_meta="{&quot;label&quot;:&quot;ServerLogs controls Data&quot;}"></block></value><value name="propName"><shadow type="text" id="N|Usx|AUz?rA?nO4ftL["><field name="TEXT">restartBtnLabel</field></shadow></value><value name="propValue"><block type="text" id=":Ya8^I5]e9GYV|H/O/?o"><field name="TEXT">Restart</field></block></value><next><block type="variables_set" id="J7@Ahi(60`6bO=v3yM@K"><field name="VAR">visible</field><value name="VALUE"><block type="logic_boolean" id="Ttt-.X6ik?mAJi;tks:o"><field name="BOOL">FALSE</field></block></value></block></next></block></statement><next><block type="controls_if" id="f50J9!/tqot*uQ+}.K#i"><value name="IF0"><block type="logic_compare" id="#0d%mM*tUC./6@ORC{-H"><field name="OP">EQ</field><value name="A"><block type="variables_get" id="zoudfGbA*RgZfzQ[{Q|#"><field name="VAR">currentStatus</field></block></value><value name="B"><block type="text" id="s*gL|qPheoeXT$_-JNpp"><field name="TEXT">complete</field></block></value></block></value><statement name="DO0"><block type="set_object_property" id="#3}s2}2yGUjKC4#;:{_S"><value name="object"><block type="root_block_ui_builder_common__context_blocks_cc6c067e2b46da2502deb333245ebfc6_data" id="R=AX71P8%PUfc;cq4%89" bl_meta="{&quot;label&quot;:&quot;ServerLogs controls Data&quot;}"></block></value><value name="propName"><shadow type="text" id="m!7|*NK!}6cFI_{?5iR5"><field name="TEXT">restartBtnLabel</field></shadow></value><value name="propValue"><block type="text" id=")a1aV`W|dVK_9f^P_vbX"><field name="TEXT">Restart</field></block></value><next><block type="variables_set" id="nkRh#Kg`/c_Qws?UbGne"><field name="VAR">visible</field><value name="VALUE"><block type="logic_boolean" id="HDdz6;C%~G*[5!-Wj0It"><field name="BOOL">FALSE</field></block></value></block></next></block></statement><next><block type="controls_if" id="{/*b#r9cDcI8P!rP^bYV"><value name="IF0"><block type="get_object_property" id="U0{|-{H+eBWr1D/cCg-H"><value name="prop_name"><shadow type="text" id="z[5H!Vgj+JbZS82/Yk/="><field name="TEXT">restarting</field></shadow></value><value name="object"><block type="root_block_ui_builder_common__context_blocks_pageData" id="bZl.`Ca_OY(Z=0-ecPmD" bl_meta="{&quot;label&quot;:&quot;Page Data&quot;}"></block></value></block></value><statement name="DO0"><block type="controls_if" id="OL#.T[$JV|v._2kL~/;C"><value name="IF0"><block type="logic_compare" id="e{]@T5F:==_oZ8jQPUr["><field name="OP">EQ</field><value name="A"><block type="variables_get" id="my@cHjXomg8RJ=J5M|gX"><field name="VAR">currentStatus</field></block></value><value name="B"><block type="text" id="4LsJvbeC1rlJ9s$23+_c"><field name="TEXT">changing</field></block></value></block></value><statement name="DO0"><block type="set_object_property" id="^qpwa-37q{-lV]vH*_j#"><value name="object"><block type="root_block_ui_builder_common__context_blocks_pageData" id="uL(tRA5`7Vg0G;q~{|x]" bl_meta="{&quot;label&quot;:&quot;Page Data&quot;}"></block></value><value name="propName"><shadow type="text" id="Q,tiZ~{Tt{nXH=F#vK_t"><field name="TEXT">changed</field></shadow></value><value name="propValue"><block type="logic_boolean" id="OOt3oNjiqay41~PC}$OL"><field name="BOOL">TRUE</field></block></value></block></statement><next><block type="controls_if" id=";!DHTeKR%MxWY2BLoM]1"><value name="IF0"><block type="logic_compare" id="`3z@J*ehj7Lt_jCxTMz4"><field name="OP">EQ</field><value name="A"><block type="variables_get" id="?#t|MneGn/sQ*}wNSLFf"><field name="VAR">currentStatus</field></block></value><value name="B"><block type="text" id="?7O!4-=L}Ka1ClBD;,EJ"><field name="TEXT">running</field></block></value></block></value><statement name="DO0"><block type="controls_if" id="+c=Ut}hp+P9:3BcNjS5?"><value name="IF0"><block type="get_object_property" id="?^r*n}U1p[MN:ts_K*33"><value name="prop_name"><shadow type="text" id="Ov|hw!t)mis,i|2;Xcr+"><field name="TEXT">changed</field></shadow></value><value name="object"><block type="root_block_ui_builder_common__context_blocks_pageData" id="r%S|w+C{R0@1S8q.ln0z" bl_meta="{&quot;label&quot;:&quot;Page Data&quot;}"></block></value></block></value><statement name="DO0"><block type="set_object_property" id="ePYXA!M:Kk,uT`60?,ix"><value name="object"><block type="root_block_ui_builder_common__context_blocks_pageData" id="*zL?0[U:+@U,zAsYwta7" bl_meta="{&quot;label&quot;:&quot;Page Data&quot;}"></block></value><value name="propName"><shadow type="text" id="8efS5stg!@Q]i:+,D{Vr"><field name="TEXT">restarting</field></shadow></value><value name="propValue"><block type="logic_boolean" id="3e+|61I(`0RvSp|Zz^Y|"><field name="BOOL">FALSE</field></block></value><next><block type="set_object_property" id="d9rZ1M^;{94Bn%3.]-e["><value name="object"><block type="root_block_ui_builder_common__context_blocks_pageData" id="#9Pn[tm{7yjNQP-=w3pl" bl_meta="{&quot;label&quot;:&quot;Page Data&quot;}"></block></value><value name="propName"><shadow type="text" id="V!#([5Qatr.fL}A{Obp/"><field name="TEXT">changed</field></shadow></value><value name="propValue"><block type="logic_boolean" id=":R_l#FcGki8V8EOUil3m"><field name="BOOL">FALSE</field></block></value><next><block type="set_object_property" id="-RM1Dai-;7+~qVj_Sa`G"><value name="object"><block type="root_block_ui_builder_common__context_blocks_cc6c067e2b46da2502deb333245ebfc6_data" id="4lEV!!PXniy2W9/zk4Jw" bl_meta="{&quot;label&quot;:&quot;ServerLogs controls Data&quot;}"></block></value><value name="propName"><shadow type="text" id="Al!3X;@MydU_FSr[-RSH"><field name="TEXT">restartBtnLabel</field></shadow></value><value name="propValue"><block type="text" id="aH)S+N|GZ#DWNT3B|,1]"><field name="TEXT">Restart</field></block></value></block></next></block></next></block></statement></block></statement></block></next></block></statement></block></next></block></next></block></next></block></next></block></next></block></statement></block></next></block></statement><value name="return"><block type="variables_get" id="oWoI=eEhWKvF)g,:=TkU"><field name="VAR">visible</field></block></value></block></xml>