<xml xmlns="http://www.w3.org/1999/xhtml"><block type="root_block_ui_builder_block_onMounted_handler" id="Fv8i2@r~6vS1}wu/@b=%" deletable="false" x="20" y="50"><statement name="statements_code"><block type="set_object_property" id="Q9nB3!:$D0$%yzFkWHU2"><value name="object"><block type="root_block_ui_builder_common__context_blocks_cc6c067e2b46da2502deb333245ebfc6_data" id="aUDR!:l;9m$050r?`Kj]" bl_meta="{&quot;label&quot;:&quot;\&quot;ServerLogs controls\&quot; Data&quot;}"></block></value><value name="propName"><shadow type="text" id="i6ECX6%`k*vrKdf;fw}}"><field name="TEXT">restartBtnLabel</field></shadow></value><value name="propValue"><block type="text" id="+9-i[4o4hFv((p+PN9M-"><field name="TEXT">Restart</field></block></value></block></statement></block></xml>