<xml xmlns="http://www.w3.org/1999/xhtml"><block type="root_block_ui_builder_block_onScroll_handler" id="Zqn8[vnkf,s;Z=gdP+ey" deletable="false" x="20" y="50"><statement name="statements_code"><block type="controls_if" id="||Ej(tpj}*p%p5[m;Vze"><value name="IF0"><block type="logic_compare" id=")^{1Tk)B_X7W9*xLPSB|"><field name="OP">GT</field><value name="A"><block type="root_block_ui_builder_block_onScroll_handler_context_blocks_scrollBottom" id="g#N_98n6h.z}%^O8F/v^" bl_meta="{&quot;label&quot;:&quot;Scroll Bottom&quot;}"></block></value><value name="B"><block type="math_number" id="RE/73yxe2x:h!Z.D;Xy."><field name="NUM">10</field></block></value></block></value><statement name="DO0"><block type="custom_js_code" id="gy{(?n*7}KMbo#/G+PBn"><mutation output="false"><code>"logStopFollow = true\nreturn logStopFollow"</code></mutation><field name="name">logStopFollow</field></block></statement></block></statement></block></xml>