<xml xmlns="http://www.w3.org/1999/xhtml"><block type="root_block_ui_builder_text_onContentAssignment_handler" id="yZ@+K9_9vKNrd)nb3K!u" deletable="false" x="20" y="50"><value name="return"><block type="logic_ternary" id="vl:rsM:P,!P=:XWQ`nS*"><value name="IF"><block type="get_object_property" id="QL2]rX%_eB/t/86Qk};4"><value name="prop_name"><shadow type="text" id="o/`gKJd00f`!4`E*,ss4"><field name="TEXT">repeaterItem</field></shadow></value><value name="object"><block type="root_block_ui_builder_common__context_blocks_bff4d8ac579f78a648132998464e4919_data" id="hk0tlNEy-MnosNP^YH++" bl_meta="{&quot;label&quot;:&quot;\&quot;ModalConfirm\&quot; Data&quot;}"></block></value></block></value><value name="THEN"><block type="text_join" id=":Rv58u06m)gKgegUo1/t"><mutation items="3"></mutation><value name="ADD0"><block type="text" id="cU!X-7A9WUsWt$1mJpta"><field name="TEXT">Are you sure you want to delete: </field></block></value><value name="ADD1"><block type="logic_ternary" id="HoQNAOMKb%^a:_TgNC*m"><value name="IF"><block type="logic_compare" id="=H$*L^IlvH_L;~4x-?;m"><field name="OP">EQ</field><value name="A"><block type="get_object_property" id=")d^w;K;{l#/2D51v53~f"><value name="prop_name"><shadow type="text" id="74x?KgZZ*ZHOj{yKVMEa"><field name="TEXT">type</field></shadow></value><value name="object"><block type="get_object_property" id="6$1@bz!Crk%Psavn*6|A" inline="false"><value name="prop_name"><shadow type="text" id="5C5A)^#Q_gdAKCSBHVY:"><field name="TEXT">repeaterItem</field></shadow></value><value name="object"><block type="root_block_ui_builder_common__context_blocks_bff4d8ac579f78a648132998464e4919_data" id="iI|NENY05UpyBnKUi4]@" bl_meta="{&quot;label&quot;:&quot;\&quot;ModalConfirm\&quot; Data&quot;}"></block></value></block></value></block></value><value name="B"><block type="text" id="Wq#tAka$`m?o`}Iy-.Ep"><field name="TEXT">rt</field></block></value></block></value><value name="THEN"><block type="text" id=";cJ|GF(Ta[TKRESSDJjY"><field name="TEXT">Real-time</field></block></value><value name="ELSE"><block type="text_changeCase" id=")?_tzR0}l-Mck0+!ux6V"><field name="CASE">TITLECASE</field><value name="TEXT"><shadow type="text" id=".]3:U#Rnz?wYd!{EWRUr"><field name="TEXT">abc</field></shadow><block type="get_object_property" id="abyTv0S;;:ygpLd+t4V["><value name="prop_name"><shadow type="text" id="BpOR[5UGqWw|D16ry2s("><field name="TEXT">type</field></shadow></value><value name="object"><block type="get_object_property" id="CZ4I6M1)#^w9@.BM`7qN" inline="false"><value name="prop_name"><shadow type="text" id="cN56rZv5hyp;A4j_[,2~"><field name="TEXT">repeaterItem</field></shadow></value><value name="object"><block type="root_block_ui_builder_common__context_blocks_bff4d8ac579f78a648132998464e4919_data" id="R1gM/5QIMQ!*,W.YWup*" bl_meta="{&quot;label&quot;:&quot;\&quot;ModalConfirm\&quot; Data&quot;}"></block></value></block></value></block></value></block></value></block></value><value name="ADD2"><block type="text" id="9A]x;c[p1/yjc@2Q1?,["><field name="TEXT">?</field></block></value></block></value><value name="ELSE"><block type="text" id="hgG1qL1R7kL_b)jl{vx4"><field name="TEXT"></field></block></value></block></value></block></xml>