<xml xmlns="http://www.w3.org/1999/xhtml"><block type="root_block_ui_builder_block_onMounted_handler" id="JdO1=b!W:/*~4V0RY#%z" deletable="false" x="20" y="50"><statement name="statements_code"><block type="controls_if" id="=?%IOVggrOpyF(~}w4!{"><value name="IF0"><block type="ui_common_blocks__get_component_by_id" id="(q)ZgjFhN#b]Zp}np!(U" bl_meta="{&quot;label&quot;:&quot;Get component by id&quot;}"><field name="componentUid">'924202b19f0ef683e3940a99b258d565'</field></block></value><statement name="DO0"><block type="set_object_property" id="@]{mghlKD:Es5`o1p!2l"><value name="object"><block type="ui_common_blocks__get_component_data_style" id="@EkvCc(,9-/QyeI.m6PZ" bl_meta="{&quot;label&quot;:&quot;Get component style&quot;}"><field name="componentUid">'924202b19f0ef683e3940a99b258d565'</field></block></value><value name="propName"><shadow type="text" id="SdbO,rLH$[r0^bIRIYRh"><field name="TEXT">display</field></shadow></value><value name="propValue"><block type="text" id="+cJ+3LUZXkWByM-y^DXA"><field name="TEXT">none</field></block></value></block></statement><next><block type="controls_if" id="/vGH0;%ky)xG8g4;V:%!"><value name="IF0"><block type="ui_common_blocks__get_component_by_id" id=".z.qn/6v=F@(pFEz!AXq" bl_meta="{&quot;label&quot;:&quot;Get component by id&quot;}"><field name="componentUid">'4f334f9dc1010f33ff9a725c1781b1c7'</field></block></value><statement name="DO0"><block type="set_object_property" id="Pn0#;SBM]Xn7WkmK*MP4"><value name="object"><block type="ui_common_blocks__get_component_data_style" id="9aYH?~?5P(;bnAPS`s~?" bl_meta="{&quot;label&quot;:&quot;Get component style&quot;}"><field name="componentUid">'4f334f9dc1010f33ff9a725c1781b1c7'</field></block></value><value name="propName"><shadow type="text" id=";n/u!!IIsBG-VrFAVM_!"><field name="TEXT">display</field></shadow></value><value name="propValue"><block type="text" id="1(GQa%2+Mb+.!%quX_tF"><field name="TEXT">flex</field></block></value></block></statement><next><block type="variables_set" id="r=n`H-t@}f}nNSjzZW/:"><field name="VAR">voidData</field><value name="VALUE"><block type="lists_create_with" id="^7dle:8Mu;s[8.BU^!VF"><mutation items="3"></mutation><value name="ADD0"><block type="create_object" id="Y6-Mgz}koJPJ=lpmHFis"><mutation><properties><item id="property" prop-name="domain"></item><item id="property" prop-name="type"></item><item id="property" prop-name="sslEnabled"></item></properties></mutation><value name="create_object_mutator_container_properties_stack_property0"><block type="logic_null" id="ik20n}qsB60*f0OZ*nou"></block></value><value name="create_object_mutator_container_properties_stack_property1"><block type="text" id="Jz0*~Vb3|?`(GGdP+5zJ"><field name="TEXT">api</field></block></value><value name="create_object_mutator_container_properties_stack_property2"><block type="logic_null" id="UFv$WrgK*Z)I,r2?%tQD"></block></value></block></value><value name="ADD1"><block type="create_object" id="V~i+VyaBbx9pqmPLXO/_"><mutation><properties><item id="property" prop-name="domain"></item><item id="property" prop-name="type"></item><item id="property" prop-name="sslEnabled"></item></properties></mutation><value name="create_object_mutator_container_properties_stack_property0"><block type="logic_null" id="1:d#W#!QOcoo8*.9m8+Q"></block></value><value name="create_object_mutator_container_properties_stack_property1"><block type="text" id="#(:3fR)xxm($1PATrq4K"><field name="TEXT">console</field></block></value><value name="create_object_mutator_container_properties_stack_property2"><block type="logic_null" id="AHNHgaZdXY3y71Bm-Zs]"></block></value></block></value><value name="ADD2"><block type="create_object" id="Y_G|;S!3jhQ$jP;l^S6g"><mutation><properties><item id="property" prop-name="domain"></item><item id="property" prop-name="type"></item><item id="property" prop-name="sslEnabled"></item></properties></mutation><value name="create_object_mutator_container_properties_stack_property0"><block type="logic_null" id=";BY^g5:nP47mqH$Ri~R="></block></value><value name="create_object_mutator_container_properties_stack_property1"><block type="text" id="DtPTUG06m?V=Xh]rK0(Q"><field name="TEXT">rt</field></block></value><value name="create_object_mutator_container_properties_stack_property2"><block type="logic_null" id="TtIv0:6fFlp3z].w4,p9"></block></value></block></value></block></value><next><block type="variables_set" id="T~4.,y43~-(sR1(a`P~|"><field name="VAR">descriptions</field><value name="VALUE"><block type="codeless_function_block_696a14dd8d2f85be7023c2c4441a65a5" id="zw;FKBavJ]PZt~[Ry?}3" bl_meta="{&quot;fn&quot;:&quot;ProManagerAPI&quot;,&quot;label&quot;:&quot;Custom Function - ProManagerAPI&quot;}"><mutation has_output="true"></mutation><field name="connections_toggler">TRUE</field><value name="method"><block type="text" id="$EON/J?VA.*7U7KGD#=e"><field name="TEXT">get</field></block></value><value name="path"><block type="text" id="Y-ci:t`/G~S8[q@aqoBe"><field name="TEXT">/manage/loadbalancer/ingress/describe</field></block></value></block></value><next><block type="variables_set" id="W.!DFx)UKs25~+tr/c}{"><field name="VAR">serverData</field><value name="VALUE"><block type="codeless_function_block_696a14dd8d2f85be7023c2c4441a65a5" id="rjn,W,Lm])IVd~@_GYU=" bl_meta="{&quot;fn&quot;:&quot;ProManagerAPI&quot;,&quot;label&quot;:&quot;Custom Function - ProManagerAPI&quot;}"><mutation has_output="true"></mutation><field name="connections_toggler">TRUE</field><value name="method"><block type="text" id="RIju!8+Jgv|g59q@%0TI"><field name="TEXT">get</field></block></value><value name="path"><block type="text" id="DclkLJH?gNe?WeFG5{0I"><field name="TEXT">/manage/loadbalancer/ingress</field></block></value></block></value><next><block type="variables_set" id="IJW;Y{HcZJ%.|dqI/fe/"><field name="VAR">mainData</field><value name="VALUE"><block type="list_map_items" id="dr82^kWV?gF$[sj.RwqQ"><field name="item">item</field><value name="list"><block type="variables_get" id="{~4tP.`}1_KP|p1po/{m"><field name="VAR">voidData</field></block></value><statement name="code"><block type="controls_forEach" id="ja:@};c0C5MD?0=G@y~:"><field name="VAR">j</field><value name="LIST"><block type="variables_get" id="sybNrJ(Q2S+yWY)W?xk."><field name="VAR">serverData</field></block></value><statement name="DO"><block type="controls_if" id="vrS`9hA=-*n(rn?,fV.0"><value name="IF0"><block type="logic_compare" id="82Hov:m.Ff1{CE2dPL|S"><field name="OP">EQ</field><value name="A"><block type="get_object_property" id="QLUpm6$`|D5s%=(01GT|" inline="false"><value name="prop_name"><shadow type="text" id="0fz@3zgkp1php2zXETYQ"><field name="TEXT">type</field></shadow></value><value name="object"><block type="variables_get" id="8|X9,+3Z;o5..2$]pVh,"><field name="VAR">item</field></block></value></block></value><value name="B"><block type="get_object_property" id="}v[cyFTkxhd~RNYsYOHx" inline="false"><value name="prop_name"><shadow type="text" id="b3R%vNSK46nGLySOUf|U"><field name="TEXT">type</field></shadow></value><value name="object"><block type="variables_get" id="pm{!m}Ht%tDma$=vaek4"><field name="VAR">j</field></block></value></block></value></block></value><statement name="DO0"><block type="set_object_property" id="VIAk_sJQH#m8#VEP[Xs2"><value name="object"><block type="variables_get" id="O5ud?/bWK%]Ck$Rh4Uvu"><field name="VAR">item</field></block></value><value name="propName"><shadow type="text" id="bAPZa.^NX]sMxg*t0XY1"><field name="TEXT">domain</field></shadow></value><value name="propValue"><block type="get_object_property" id="|$](!ChtIN3ZPNY12@OV"><value name="prop_name"><shadow type="text" id="_k)0U7fX,pe:`*_#MrX6"><field name="TEXT">domain</field></shadow></value><value name="object"><block type="variables_get" id="Ys^H_/Mpv,9F!.JP!=8$"><field name="VAR">j</field></block></value></block></value><next><block type="set_object_property" id="~jJOak?VEMK=Dr@xN~VW"><value name="object"><block type="variables_get" id="v5x!dAzrB0fd!l(M%4(9"><field name="VAR">item</field></block></value><value name="propName"><shadow type="text" id="8/u}TbLmWn6F9)1DpKTT"><field name="TEXT">sslEnabled</field></shadow></value><value name="propValue"><block type="get_object_property" id="--010VCuak%wb!.aJ$2d"><value name="prop_name"><shadow type="text" id="0:#ELm-YiB~%05pZJR!|"><field name="TEXT">sslEnabled</field></shadow></value><value name="object"><block type="variables_get" id="19jN2yhmY#R~VfK`mUS}"><field name="VAR">j</field></block></value></block></value></block></next></block></statement></block></statement><next><block type="controls_forEach" id="jfF`c`K*_(x+[ur?P/=T"><field name="VAR">j</field><value name="LIST"><block type="variables_get" id="+[r3@yG$pdX$14fg;wIz"><field name="VAR">descriptions</field></block></value><statement name="DO"><block type="set_object_property" id="zJ9oE)r!rf*l7XO+TSq2"><value name="object"><block type="variables_get" id="_^;ZiTF%fsF4R7(IpqjW"><field name="VAR">item</field></block></value><value name="propName"><shadow type="text" id="f7^6p@J@N+S`m+XA.mG|"><field name="TEXT"></field></shadow><block type="text_join" id="+Bt[Cpis:rn*-Ij`Lnxj"><mutation items="2"></mutation><value name="ADD0"><block type="get_object_property" id="zCp?MTxd4NyyX5Ftu$2P"><value name="prop_name"><shadow type="text" id="j8($~e}bd{8]!sYXuZ*W"><field name="TEXT">name</field></shadow></value><value name="object"><block type="variables_get" id="+|:Mw.zLQ=,9ePHoCs!3"><field name="VAR">j</field></block></value></block></value><value name="ADD1"><block type="text" id="V=0rMUVpQjokj7{q}uH_"><field name="TEXT">Description</field></block></value></block></value><value name="propValue"><block type="get_object_property" id="B1sZfJ[Mwz2]:W9|[~#0"><value name="prop_name"><shadow type="text" id="D!sVNqa1/(VR.`UZ~qH:"><field name="TEXT">description</field></shadow></value><value name="object"><block type="variables_get" id="Mcs2z4G30{+h%1o2p/!p"><field name="VAR">j</field></block></value></block></value></block></statement></block></next></block></statement><value name="returnCode"><block type="variables_get" id=";dass4tyu60OA|F1$a3W"><field name="VAR">item</field></block></value></block></value><next><block type="ui_common_blocks__set_component_dynamic_list_items" id="sDn=m%DD;R!L{V/R$p2*" bl_meta="{&quot;label&quot;:&quot;Set component repeater data&quot;}"><field name="componentUid">'9f186f89932cdfe880554e43f4f916a1'</field><value name="listItems"><block type="variables_get" id="-0lmEq4?%peG2/*$yFCF"><field name="VAR">mainData</field></block></value><next><block type="controls_if" id="K.4a7R3t5Fh3A8r6ZTvf"><value name="IF0"><block type="ui_common_blocks__get_component_by_id" id="Eq2mq4f1V7$)]6f4A`(A" bl_meta="{&quot;label&quot;:&quot;Get component by id&quot;}"><field name="componentUid">'4f334f9dc1010f33ff9a725c1781b1c7'</field></block></value><statement name="DO0"><block type="set_object_property" id="Rs*2NEVbFG03eDNBHTCJ"><value name="object"><block type="ui_common_blocks__get_component_data_style" id="|B6knJT)WVzBeGo/brn+" bl_meta="{&quot;label&quot;:&quot;Get component style&quot;}"><field name="componentUid">'4f334f9dc1010f33ff9a725c1781b1c7'</field></block></value><value name="propName"><shadow type="text" id="lWM:kGV[6h9Ak/MOiJkC"><field name="TEXT">display</field></shadow></value><value name="propValue"><block type="text" id="XanCvN!{swNE~C?;Ow#w"><field name="TEXT">none</field></block></value></block></statement><next><block type="controls_if" id="(Vq[B[kS)]nCO1EsN*|,"><value name="IF0"><block type="ui_common_blocks__get_component_by_id" id="}jMGpIk^@U9Nybu)oxB{" bl_meta="{&quot;label&quot;:&quot;Get component by id&quot;}"><field name="componentUid">'924202b19f0ef683e3940a99b258d565'</field></block></value><statement name="DO0"><block type="set_object_property" id="KdALrDtI-t#to@54;dFN"><value name="object"><block type="ui_common_blocks__get_component_data_style" id="~q}Eo+Zu]tNuy]hrr+!r" bl_meta="{&quot;label&quot;:&quot;Get component style&quot;}"><field name="componentUid">'924202b19f0ef683e3940a99b258d565'</field></block></value><value name="propName"><shadow type="text" id="ctIUM-1,f_=hU%2~OL^8"><field name="TEXT">display</field></shadow></value><value name="propValue"><block type="text" id="m.jh+TsBp:0/F)o4X{!`"><field name="TEXT">flex</field></block></value></block></statement></block></next></block></next></block></next></block></next></block></next></block></next></block></next></block></next></block></statement></block></xml>