<xml xmlns="http://www.w3.org/1999/xhtml"><block type="root_block_ui_builder_block_onClick_handler" id="^!eMO}jo_,x^Jg_k~ML0" deletable="false" x="-395" y="45"><statement name="statements_code"><block type="controls_if" id="=s|c#^A,2~XkYuir5rrH"><value name="IF0"><block type="logic_operation" id="m4ah+IMrD?1c2#X[WIG~"><field name="OP">OR</field><value name="A"><block type="logic_compare" id="K53ju?Q*O(i[7?V?e*gO"><field name="OP">EQ</field><value name="A"><block type="get_object_property" id="iYx3y|,OhhO8BH9W1Z{!" inline="false"><value name="prop_name"><shadow type="text" id="6A(t#V:lL,p^R2hi4g?g"><field name="TEXT">status</field></shadow></value><value name="object"><block type="root_block_ui_builder_common__context_blocks_e9118d25f3628ca2aa41dd74e6510651_data" id="ipE%I7v3kk|]*g-2IwcS"></block></value></block></value><value name="B"><block type="text" id="|G[d57S,cxb_Af|S*I+r"><field name="TEXT">running</field></block></value></block></value><value name="B"><block type="logic_compare" id="p5izI~lSsFJ[6A!Xz,K~"><field name="OP">EQ</field><value name="A"><block type="get_object_property" id="ZkUs#*]D2:Xnz;Uln5+f" inline="false"><value name="prop_name"><shadow type="text" id="5U,+G7W78G)D6_?+f`Qd"><field name="TEXT">status</field></shadow></value><value name="object"><block type="root_block_ui_builder_common__context_blocks_e9118d25f3628ca2aa41dd74e6510651_data" id="TzMZKOn~iy438TtgZd(|"></block></value></block></value><value name="B"><block type="text" id="O-]#/hOAGhg=NXE%.XFC"><field name="TEXT">changing</field></block></value></block></value></block></value><statement name="DO0"><block type="text_print" id="@Dw87~I2rgzw$qB6j!_q"><value name="TEXT"><shadow type="text" id="IuGEakhn%kGk?EDw$(Ei"><field name="TEXT">abc</field></shadow><block type="codeless_function_block_696a14dd8d2f85be7023c2c4441a65a5" id="7w60^#`9y$`**w0%;D49"><value name="method"><block type="text" id="]{pr?dr:4jy6jPSiaw;Y"><field name="TEXT">put</field></block></value><value name="path"><block type="text" id="{Qs!$40$GKL4hi1I}N8B"><field name="TEXT">/manage/state</field></block></value><value name="body"><block type="create_object" id="T5f!qMk+s^f5K$An([5x"><mutation><properties><item id="property" prop-name="serviceName"></item><item id="property" prop-name="state"></item><item id="property" prop-name="hidden"></item></properties></mutation><value name="create_object_mutator_container_properties_stack_property0"><block type="get_object_property" id="Hof.0:I/9G~!O2//U_$w"><value name="prop_name"><shadow type="text" id="I.pf0MT5ZOYUk#0oed%l"><field name="TEXT">name</field></shadow></value><value name="object"><block type="root_block_ui_builder_common__context_blocks_e9118d25f3628ca2aa41dd74e6510651_data" id="o`#nl]`u~c4:5pMQ-n_H"></block></value></block></value><value name="create_object_mutator_container_properties_stack_property1"><block type="text" id="c!Jq94CXho8P-f(hLpk+"><field name="TEXT">stop</field></block></value><value name="create_object_mutator_container_properties_stack_property2"><block type="logic_boolean" id="zO*S)HwIu*8idqCr@2k6"><field name="BOOL">FALSE</field></block></value></block></value></block></value></block></statement></block></statement></block></xml>