<xml xmlns="http://www.w3.org/1999/xhtml"><block type="root_block_ui_builder_block_onMounted_handler" id="Tpd(jc+qFWIL93gF_$Vy" deletable="false" x="20" y="50"><statement name="statements_code"><block type="controls_if" id="z$6X!Z%0G;}FJ-33dFPm"><value name="IF0"><block type="ui_common_blocks__get_component_by_id" id="RqYD4w=Is/]:n/U+=ou." bl_meta="{&quot;label&quot;:&quot;Get component by id&quot;}"><field name="componentUid">'924202b19f0ef683e3940a99b258d565'</field></block></value><statement name="DO0"><block type="set_object_property" id="SE{09F^NfXq1w-%lb_1F"><value name="object"><block type="ui_common_blocks__get_component_data_style" id="8wXP+1TZ^hTD`[diP7X@" bl_meta="{&quot;label&quot;:&quot;Get component style&quot;}"><field name="componentUid">'924202b19f0ef683e3940a99b258d565'</field></block></value><value name="propName"><shadow type="text" id="+AC(dP|VR6+`Rs@alR7:"><field name="TEXT">display</field></shadow></value><value name="propValue"><block type="text" id="uc$jCmZTxL;9g40f6dp1"><field name="TEXT">none</field></block></value></block></statement><next><block type="controls_if" id="v3|ZJ1dm9!Tzu|7|r0dX"><value name="IF0"><block type="ui_common_blocks__get_component_by_id" id="n9Aci~/50OLqAK9nKXVg" bl_meta="{&quot;label&quot;:&quot;Get component by id&quot;}"><field name="componentUid">'4f334f9dc1010f33ff9a725c1781b1c7'</field></block></value><statement name="DO0"><block type="controls_if" id="!s:*e-7z4?3`N%PE4p8p"><mutation else="1"></mutation><value name="IF0"><block type="logic_negate" id="F]R`;qb_bH7(Y6(VkN.^"><value name="BOOL"><block type="get_object_property" id="FgEX!?Pv87Wn9UPt*YkO"><value name="prop_name"><shadow type="text" id="_UvgiV[szV`;W`!jjZdb"><field name="TEXT">pageEmail</field></shadow></value><value name="object"><block type="root_block_ui_builder_common__context_blocks_appData" id="B}]H1J%?m76;?PTFRE,V" bl_meta="{&quot;label&quot;:&quot;App Data&quot;}"></block></value></block></value></block></value><statement name="DO0"><block type="set_object_property" id="pxR-vPu0mqduE/}j?#xE"><value name="object"><block type="ui_common_blocks__get_component_data_style" id="ri!qc16EeA5]du*us5K=" bl_meta="{&quot;label&quot;:&quot;Get component style&quot;}"><field name="componentUid">'4f334f9dc1010f33ff9a725c1781b1c7'</field></block></value><value name="propName"><shadow type="text" id=":ub-;5~;coJcF*tj}@6("><field name="TEXT">display</field></shadow></value><value name="propValue"><block type="text" id="W,a-m`{t2;:_-ba*KBW0"><field name="TEXT">flex</field></block></value><next><block type="timer_wait" id="@Eak9lZd[ZGS8d6x;cc6"><value name="time"><shadow type="math_number" id="!hYnoMsjv:GQVdO?@9%m"><field name="NUM">1000</field></shadow></value></block></next></block></statement><statement name="ELSE"><block type="set_object_property" id="STVNmbquDMT^ZQ6^#Vt."><value name="object"><block type="ui_common_blocks__get_component_data_style" id="yaysfBC{1}Ja/8ewdcgb" bl_meta="{&quot;label&quot;:&quot;Get component style&quot;}"><field name="componentUid">'4f334f9dc1010f33ff9a725c1781b1c7'</field></block></value><value name="propName"><shadow type="text" id="y+i$pX1yJy0LLHQEve*@"><field name="TEXT">display</field></shadow></value><value name="propValue"><block type="text" id="@=,}LC9-s_SzphRhla6?"><field name="TEXT">flex</field></block></value></block></statement></block></statement><next><block type="set_object_property" id="n6Yv*JsT65MD`N#{}M#D"><value name="object"><block type="root_block_ui_builder_common__context_blocks_pageData" id="fk,#B-I?c{wwc0mD9hR:" bl_meta="{&quot;label&quot;:&quot;Page Data&quot;}"></block></value><value name="propName"><shadow type="text" id="H6$Jfb]90:L[@I(@C)?o"><field name="TEXT">description</field></shadow></value><value name="propValue"><block type="codeless_function_block_696a14dd8d2f85be7023c2c4441a65a5" id="OJzyKYT^#Fe[7Z07pJ~!" bl_meta="{&quot;fn&quot;:&quot;ProManagerAPI&quot;,&quot;label&quot;:&quot;Custom Function - ProManagerAPI&quot;}"><mutation has_output="true"></mutation><field name="connections_toggler">TRUE</field><value name="method"><block type="text" id="0=449=qjc|ja-AkFF;Ig"><field name="TEXT">get</field></block></value><value name="path"><block type="text" id=")xMa9+w)l{230Jdpo[wp"><field name="TEXT">/manage/configuration/mail/describe</field></block></value></block></value><next><block type="text_print" id=")*$pOVU[.gY+^?b9lBT~"><value name="TEXT"><shadow type="text" id="#z/,Eu!c%(PdYNzNn[g="><field name="TEXT">abc</field></shadow><block type="get_object_property" id="j@1X{R2iv=N_6[YkCNU3"><value name="prop_name"><shadow type="text" id="W.FW-tP`++(2T|d+AROD"><field name="TEXT">description</field></shadow></value><value name="object"><block type="root_block_ui_builder_common__context_blocks_pageData" id="Yq}cv=ABZ.+We8nqvWVq" bl_meta="{&quot;label&quot;:&quot;Page Data&quot;}"></block></value></block></value><next><block type="set_object_property" id="p0yLw/oHNENVcT0FD_g8"><value name="object"><block type="root_block_ui_builder_common__context_blocks_pageData" id="E-h/z9j*s9{w=Xf:,##`" bl_meta="{&quot;label&quot;:&quot;Page Data&quot;}"></block></value><value name="propName"><shadow type="text" id="1!HV9P7HfW(y?+i}8flL"><field name="TEXT">dataContainer</field></shadow></value><value name="propValue"><block type="lists_create_with" id="=%5hf5)_kqnn};FhT|$L"><mutation items="1"></mutation><value name="ADD0"><block type="codeless_function_block_696a14dd8d2f85be7023c2c4441a65a5" id="zIsH~ukC;Qe0vOe2yTr=" bl_meta="{&quot;fn&quot;:&quot;ProManagerAPI&quot;,&quot;label&quot;:&quot;Custom Function - ProManagerAPI&quot;}"><mutation has_output="true"></mutation><field name="connections_toggler">TRUE</field><value name="method"><block type="text" id="SG{YE~JQL3|}PgRy=qnS"><field name="TEXT">get</field></block></value><value name="path"><block type="text" id="dwUb,Mr82gmmpV^.(H4]"><field name="TEXT">/manage/configuration/mail</field></block></value></block></value></block></value><next><block type="text_print" id=":/1oS32leEr#lm^XxHi@"><value name="TEXT"><shadow type="text" id="#z/,Eu!c%(PdYNzNn[g="><field name="TEXT">abc</field></shadow><block type="get_object_property" id="$XQWB.bvE1;KKO^dN|Ia"><value name="prop_name"><shadow type="text" id="GzODL(#a(G=s(5I}O1Ut"><field name="TEXT">dataContainer</field></shadow></value><value name="object"><block type="root_block_ui_builder_common__context_blocks_pageData" id="?.WN(~dF!LevUWRRF|/6" bl_meta="{&quot;label&quot;:&quot;Page Data&quot;}"></block></value></block></value><next><block type="controls_if" id="=~m_C}s^uNOq-@CCbqiF"><value name="IF0"><block type="ui_common_blocks__get_component_by_id" id="_/J8M(WW@8-u*n^ufx5Q" bl_meta="{&quot;label&quot;:&quot;Get component by id&quot;}"><field name="componentUid">'4f334f9dc1010f33ff9a725c1781b1c7'</field></block></value><statement name="DO0"><block type="set_object_property" id="Rs*2NEVbFG03eDNBHTCJ"><value name="object"><block type="ui_common_blocks__get_component_data_style" id="|B6knJT)WVzBeGo/brn+" bl_meta="{&quot;label&quot;:&quot;Get component style&quot;}"><field name="componentUid">'4f334f9dc1010f33ff9a725c1781b1c7'</field></block></value><value name="propName"><shadow type="text" id="lWM:kGV[6h9Ak/MOiJkC"><field name="TEXT">display</field></shadow></value><value name="propValue"><block type="text" id="XanCvN!{swNE~C?;Ow#w"><field name="TEXT">none</field></block></value></block></statement><next><block type="controls_if" id="$DY{794DE[q734ie+Q3y"><value name="IF0"><block type="ui_common_blocks__get_component_by_id" id="ZA*?=e|nM3/Md_-WDE0Z" bl_meta="{&quot;label&quot;:&quot;Get component by id&quot;}"><field name="componentUid">'924202b19f0ef683e3940a99b258d565'</field></block></value><statement name="DO0"><block type="set_object_property" id="KdALrDtI-t#to@54;dFN"><value name="object"><block type="ui_common_blocks__get_component_data_style" id="~q}Eo+Zu]tNuy]hrr+!r" bl_meta="{&quot;label&quot;:&quot;Get component style&quot;}"><field name="componentUid">'924202b19f0ef683e3940a99b258d565'</field></block></value><value name="propName"><shadow type="text" id="ctIUM-1,f_=hU%2~OL^8"><field name="TEXT">display</field></shadow></value><value name="propValue"><block type="text" id="m.jh+TsBp:0/F)o4X{!`"><field name="TEXT">flex</field></block></value></block></statement></block></next></block></next></block></next></block></next></block></next></block></next></block></next></block></statement></block></xml>