<xml xmlns="http://www.w3.org/1999/xhtml"><block type="root_block_ui_builder_button_onClick_handler" id="hv$#ft{J48iN6GY2%#[|" deletable="false" x="20" y="50"><statement name="statements_code"><block type="set_object_property" id="HWQV]/yb6iROfFP#8(j;"><value name="object"><block type="ui_common_blocks__get_component_data_style" id="$7`OEF%7VI?#-e:cpxCA" bl_meta="{&quot;label&quot;:&quot;Get component style&quot;}"><field name="componentUid">'169ca04218c3102f67d1f8aef66f25f5'</field></block></value><value name="propName"><shadow type="text" id=":R/=MV2C%2d@!@yLLz2_"><field name="TEXT">visibility</field></shadow></value><value name="propValue"><block type="text" id="m/po$r4Wfz2ii1Nz;p57"><field name="TEXT">visible</field></block></value><next><block type="set_object_property" id="0cG1^d0}ppy|KV=VX0zB"><value name="object"><block type="ui_common_blocks__get_component_data_style" id="wsZ*X`Y_XW,Jq@lyo_u1" bl_meta="{&quot;label&quot;:&quot;Get component style&quot;}"><field name="componentUid">'169ca04218c3102f67d1f8aef66f25f5'</field></block></value><value name="propName"><shadow type="text" id=",`s,U3r;|P4]:usGrS=%"><field name="TEXT">opacity</field></shadow></value><value name="propValue"><block type="math_number" id=",R5`~_56pC5~L%r9,{x!"><field name="NUM">1</field></block></value><next><block type="ui_common_blocks__toggle_component_visibility" id="$|yw;h!C*@9F#yz)]CzP" bl_meta="{&quot;label&quot;:&quot;Toggle component visibility&quot;}"><field name="componentUid">'169ca04218c3102f67d1f8aef66f25f5'</field><value name="visible"><block type="logic_boolean" id="o].fff{:9Xe!-0l(nwcK"><field name="BOOL">TRUE</field></block></value></block></next></block></next></block></statement></block></xml>