<xml xmlns="http://www.w3.org/1999/xhtml"><block type="root_block_ui_builder_block_onClassListAssignment_handler" id="JPJ=eE_go:k8kiZ$`UcZ" deletable="false" x="20" y="50"><statement name="statements_code"><block type="variables_set" id="Rw-JL{:Rd}acnDFof6(i"><field name="VAR">classList</field><value name="VALUE"><block type="lists_create_with" id="Pd=qI}rg3Fu0Tca8*{5w"><mutation items="1"></mutation><value name="ADD0"><block type="text" id="Ti~L}s4)|ud{(DGlRc1X"><field name="TEXT">aside__TabContentItem</field></block></value></block></value><next><block type="controls_if" id="YA^niW~h%HetR]f=7fag"><value name="IF0"><block type="logic_compare" id="QXU#DB[3$bBBh/x9kx:]"><field name="OP">EQ</field><value name="A"><block type="get_object_property" id="Lvthp}Br8`/ee]u]Jk;e" inline="false"><value name="prop_name"><shadow type="text" id="0!~arrwR-K~Iaj|?+)h?"><field name="TEXT">name</field></shadow></value><value name="object"><block type="root_block_ui_builder_common__context_blocks_941dd0cd3b6497a91648a63b0e7bbec7_data" id=".@Y9DDe;Gw^vp{3uHdO]" bl_meta="{&quot;label&quot;:&quot;aside ContentItemContainer Item Data&quot;,&quot;dynamicListId&quot;:&quot;eabb8cf45a71bcf1946dc53f30c31b8e&quot;}"></block></value></block></value><value name="B"><block type="get_object_property" id=")TyIu7;gk[Y[pKc_V+v{" inline="false"><value name="prop_name"><shadow type="text" id="!S1^.h+@nd+xj!%TF[hm"><field name="TEXT">serviceName</field></shadow></value><value name="object"><block type="root_block_ui_builder_common__context_blocks_pageData" id="eryB21lB7vvKil^i)Q]c" bl_meta="{&quot;label&quot;:&quot;Page Data&quot;}"></block></value></block></value></block></value><statement name="DO0"><block type="variables_set" id="Fg]*#/p:Az(Ymq9]+.k/"><field name="VAR">classList</field><value name="VALUE"><block type="lists_create_with" id="af*~aY4V5ktic+-A;]_/"><mutation items="2"></mutation><value name="ADD0"><block type="text" id="!HeEml-d)Ir^lAcSclZ:"><field name="TEXT">aside__TabContentItem</field></block></value><value name="ADD1"><block type="text" id="o}esu):P1q=G!;Gt:F+U"><field name="TEXT">aside__TabContentItem--active</field></block></value></block></value></block></statement></block></next></block></statement><value name="return"><block type="variables_get" id="OpyH:Fi2yqh(K?.1%B*u"><field name="VAR">classList</field></block></value></block></xml>