<xml xmlns="http://www.w3.org/1999/xhtml"><block type="root_block_ui_builder_block_onClick_handler" id="Cf3IiQ1F;y~Td8l*d%0(" deletable="false" x="94" y="157"><statement name="statements_code"><block type="controls_if" id="pbEX[Q/R?,%WWe:;4$5i"><value name="IF0"><block type="get_object_property" id="n(@lc%hkZ)w273(OZ4hs"><value name="prop_name"><shadow type="text" id="-]Zek*OA}3C$h!a@.U+f"><field name="TEXT">previousService</field></shadow></value><value name="object"><block type="root_block_ui_builder_common__context_blocks_appData" id="k=4qEmW/}o`VR74x%ey8" bl_meta="{&quot;label&quot;:&quot;App Data&quot;}"></block></value></block></value><statement name="DO0"><block type="controls_if" id="5[xRbBuDaWI%v3lDqTWk"><value name="IF0"><block type="get_object_property" id="y~fDIT/){bZ~2Co)9{zf"><value name="prop_name"><shadow type="text" id="k@w]yh9:$Q%.?u-Nf2:6"><field name="TEXT">connected</field></shadow></value><value name="object"><block type="get_object_property" id="#rn85hy]bM=LHbB-|#w6" inline="false"><value name="prop_name"><shadow type="text" id="U1ko_Fe#+v0iUa9|j0H7"><field name="TEXT">openSocket</field></shadow></value><value name="object"><block type="root_block_ui_builder_common__context_blocks_appData" id="XnO}ra@4+-:ch-VkXs.Z" bl_meta="{&quot;label&quot;:&quot;App Data&quot;}"></block></value></block></value></block></value><statement name="DO0"><block type="custom_js_code" id="kE]rC%SEbi@(SilkoB4+"><mutation output="false"><arg arg-name="serviceName"></arg><code> \n  socket.emit ('service-logs:unsubscribe', {\n    "serviceName":`${serviceName}`,\n    "channelName":`${serviceName}-logs`\n  });\n  \n  socket.disconnect();\n \n    \n </code></mutation><field name="name">stopSocket</field><value name="serviceName"><block type="get_object_property" id="z6H`l$x6/QxW?=}Ho;q0"><value name="prop_name"><shadow type="text" id="2M|X49(Bgl#ZpzGG99[~"><field name="TEXT">previousService</field></shadow></value><value name="object"><block type="root_block_ui_builder_common__context_blocks_appData" id="oYGw3+EjQAs4FF:ui,L_" bl_meta="{&quot;label&quot;:&quot;App Data&quot;}"></block></value></block></value></block></statement></block></statement><next><block type="ui_dynamic_category__app-router__goto_page" id="k7PE;(+K1H|]NYLj_Xi+" bl_meta="{&quot;label&quot;:&quot;Dynamic Block: Go To Page&quot;}"><value name="pageName"><shadow type="text" id="V0_;=fm1Pa6eQ{vk9hq("><field name="TEXT">serviceLogs</field></shadow></value><value name="pageData"><block type="create_object" id="/qS3)n-mtG^jVqyS9_hE"><mutation><properties><item id="property" prop-name="serviceName"></item><item id="property" prop-name="pageServerStatus"></item></properties></mutation><value name="create_object_mutator_container_properties_stack_property0"><block type="get_object_property" id="]@@BQF8Tv0S#%mCp5K;f" inline="false"><value name="prop_name"><shadow type="text" id="MR~tt!Y}lwRsB|[}{tLb"><field name="TEXT">name</field></shadow></value><value name="object"><block type="root_block_ui_builder_common__context_blocks_941dd0cd3b6497a91648a63b0e7bbec7_data" id="(9*D;U1gDU{Uv96ZyU`c" bl_meta="{&quot;label&quot;:&quot;aside ContentItemContainer Item Data&quot;,&quot;dynamicListId&quot;:&quot;eabb8cf45a71bcf1946dc53f30c31b8e&quot;}"></block></value></block></value><value name="create_object_mutator_container_properties_stack_property1"><block type="text" id="8#nfEv.t*km1.Wmf6?-b"><field name="TEXT">ServerLogs</field></block></value></block></value><next><block type="set_object_property" id="R;~H`L?{b)~Qnk@T!BGm"><value name="object"><block type="root_block_ui_builder_common__context_blocks_appData" id="h5#dF(vuHU]9BJ(@evBz" bl_meta="{&quot;label&quot;:&quot;App Data&quot;}"></block></value><value name="propName"><shadow type="text" id="J@@3Po@%%b.#PLj=)`3i"><field name="TEXT">logData</field></shadow></value><value name="propValue"><block type="lists_create_with" id="~vi*3pRM04Jzi!#G2WTP"><mutation items="0"></mutation></block></value><next><block type="set_object_property" id="WCAQ,zb$X9(@c5ym,At5"><value name="object"><block type="root_block_ui_builder_common__context_blocks_appData" id="?uxRASBy|,fMuZd=@0VO" bl_meta="{&quot;label&quot;:&quot;App Data&quot;}"></block></value><value name="propName"><shadow type="text" id="clMG!2?S!#GKKc](|l~0"><field name="TEXT">openSocket</field></shadow></value><value name="propValue"><block type="custom_js_code" id="gIqW4JF[i.}dsUT6E3S("><mutation output="true"><arg arg-name="serviceName"></arg><arg arg-name="logsArray"></arg><code>const io = await BackendlessUI.requireModule('https://cdn.jsdelivr.net/npm/socket.io-client@4.4.0/dist/socket.io.min.js');\n\n  socket = io.connect('http://localhost:5051', { transports : ['websocket'] });\n\n  socket.on (`${serviceName}-logs`, function (data) {\n    logsArray.push (data);\n  });\n        \n  socket.emit ('service-logs:subscribe', {\n    "serviceName":`${serviceName}`,\n    "channelName": `${serviceName}-logs`\n  });\n  \n  \n  return socket\n  \n</code></mutation><field name="name">getSocketIoData</field><value name="serviceName"><block type="get_object_property" id=":Vlf3KcPT/Je7]n-WJ7]"><value name="prop_name"><shadow type="text" id=",r,0VI|uD5hZ5x^7p1$8"><field name="TEXT">name</field></shadow></value><value name="object"><block type="root_block_ui_builder_common__context_blocks_941dd0cd3b6497a91648a63b0e7bbec7_data" id="-Qy4.6.6n*xd2mPEri%u" bl_meta="{&quot;label&quot;:&quot;aside ContentItemContainer Item Data&quot;,&quot;dynamicListId&quot;:&quot;eabb8cf45a71bcf1946dc53f30c31b8e&quot;}"></block></value></block></value><value name="logsArray"><block type="get_object_property" id="W!Px8Eh;D-sN=,4IE]=."><value name="prop_name"><shadow type="text" id="y8/kR{7FJ8(AF_oqz,^Z"><field name="TEXT">logData</field></shadow></value><value name="object"><block type="root_block_ui_builder_common__context_blocks_appData" id="Z#@}cDVE4;%)[yJKnzbn" bl_meta="{&quot;label&quot;:&quot;App Data&quot;}"></block></value></block></value></block></value><next><block type="set_object_property" id="kCSa7]omKV6SC5yKD3y/"><value name="object"><block type="root_block_ui_builder_common__context_blocks_appData" id="LS^k3V}ogn|?nHwB1y{t" bl_meta="{&quot;label&quot;:&quot;App Data&quot;}"></block></value><value name="propName"><shadow type="text" id="QF4GwB-}XCLASn?*d0Ks"><field name="TEXT">previousService</field></shadow></value><value name="propValue"><block type="get_object_property" id=".`ai;A?OShuZb+L7sMF." inline="false"><value name="prop_name"><shadow type="text" id="z_`#2WXvOPd8P?pyZlTp"><field name="TEXT">name</field></shadow></value><value name="object"><block type="root_block_ui_builder_common__context_blocks_941dd0cd3b6497a91648a63b0e7bbec7_data" id="hibcidAq7!Kc?A+ELF=I" bl_meta="{&quot;label&quot;:&quot;aside ContentItemContainer Item Data&quot;,&quot;dynamicListId&quot;:&quot;eabb8cf45a71bcf1946dc53f30c31b8e&quot;}"></block></value></block></value></block></next></block></next></block></next></block></next></block></statement></block></xml>