<xml xmlns="http://www.w3.org/1999/xhtml"><block type="root_block_ui_builder_text_onContentAssignment_handler" id="k+,4~hr;[(^?0)n3jii2" deletable="false" x="20" y="50"><statement name="statements_code"><block type="variables_set" id="?n+ZQd0fj7*[6xh;r5!/"><field name="VAR">date</field><value name="VALUE"><block type="date_from_string" id="Zkf8EI4K$vepKEBLXWI."><value name="dateString"><block type="get_object_property" id="m`*msjOY3a0cz]2}?NV$" inline="false"><value name="prop_name"><shadow type="text" id="mmbkHNkBbAt@%qY{/I(."><field name="TEXT">creationTimestamp</field></shadow></value><value name="object"><block type="root_block_ui_builder_common__context_blocks_17ba156b5b49eae93175d437c9e8c1c2_data" id="Z!PSw`hn[}id(c`O%kud" bl_meta="{&quot;label&quot;:&quot;\&quot;aside ContentItemContainerUpgrade\&quot; Repeater Data Item&quot;,&quot;dynamicListId&quot;:&quot;3d81f4e11ffb3b99c18f1b83c9cfa36d&quot;}"></block></value></block></value></block></value><next><block type="variables_set" id="94vv-O:H0vdl9XK+==WY"><field name="VAR">day</field><value name="VALUE"><block type="procedures_callreturn" id="150BSZ,zeUR)m]-$-e]~"><mutation name="formatTimeItem"><arg name="timeItem"></arg></mutation><value name="ARG0"><block type="get_date_prop" id="arl}kHXytT`HLW#{8I*q"><field name="getter">getDate</field><value name="date"><shadow type="date_now" id="bxQD+|PDl%Ne7Ay/ys/u"></shadow><block type="variables_get" id="r@-+Lkg|nc1e9ugNI(?8"><field name="VAR">date</field></block></value></block></value></block></value><next><block type="variables_set" id="tb^|$Q^:DDO,=Y~[[@5{"><field name="VAR">month</field><value name="VALUE"><block type="procedures_callreturn" id="]sZ(TTUKc|g%RmB+3rG+"><mutation name="formatTimeItem"><arg name="timeItem"></arg></mutation><value name="ARG0"><block type="get_date_prop" id="k_Q)]%?s:DAcp$ApO*Xt"><field name="getter">getMonthNumber</field><value name="date"><shadow type="date_now" id="bxQD+|PDl%Ne7Ay/ys/u"></shadow><block type="variables_get" id="(-VVkCt@fNcjEOiU*^wR"><field name="VAR">date</field></block></value></block></value></block></value><next><block type="variables_set" id="#2wlg=-h}v?b:+_+=jhd"><field name="VAR">hours</field><value name="VALUE"><block type="procedures_callreturn" id="L0aHWn?OE@FKw9J36?HI"><mutation name="formatTimeItem"><arg name="timeItem"></arg></mutation><value name="ARG0"><block type="get_date_prop" id="H|$KBcKt?M}NTsl/JHKE"><field name="getter">getHours</field><value name="date"><shadow type="date_now" id="bxQD+|PDl%Ne7Ay/ys/u"></shadow><block type="variables_get" id="fG8IL3`zW-9+v.A0~wbB"><field name="VAR">date</field></block></value></block></value></block></value><next><block type="variables_set" id="N6I|{y,`Sx?z:3`$oRvB"><field name="VAR">minutes</field><value name="VALUE"><block type="procedures_callreturn" id="I4aDyfx8?A4yN_~1.UN:"><mutation name="formatTimeItem"><arg name="timeItem"></arg></mutation><value name="ARG0"><block type="get_date_prop" id="RX/{f3VMrsNt$5h?Cz1("><field name="getter">getMinutes</field><value name="date"><shadow type="date_now" id="bxQD+|PDl%Ne7Ay/ys/u"></shadow><block type="variables_get" id="ZB{oXVUxT_g+V+`#wjW^"><field name="VAR">date</field></block></value></block></value></block></value><next><block type="variables_set" id="P@9,-1?i]4K.2[P1pb=4"><field name="VAR">seconds</field><value name="VALUE"><block type="procedures_callreturn" id="xbO||.+KC^b[S:lAkJV0"><mutation name="formatTimeItem"><arg name="timeItem"></arg></mutation><value name="ARG0"><block type="get_date_prop" id="5@;?QlifeNh/4AitXS^F"><field name="getter">getSeconds</field><value name="date"><shadow type="date_now" id="bxQD+|PDl%Ne7Ay/ys/u"></shadow><block type="variables_get" id="8@y6PWtI)4M]QBf5T13W"><field name="VAR">date</field></block></value></block></value></block></value></block></next></block></next></block></next></block></next></block></next></block></statement><value name="return"><block type="text_join" id="yUJ4#ni|%R+zpG;m{tn,"><mutation items="8"></mutation><value name="ADD0"><block type="variables_get" id="4Z3%wImV{7(%T4f{o7}S"><field name="VAR">day</field></block></value><value name="ADD1"><block type="text" id="`Lw]]PXgRW%D{-E~LNEv"><field name="TEXT">/</field></block></value><value name="ADD2"><block type="variables_get" id="4a:qMdFG_Z|AhAG5$W`}"><field name="VAR">month</field></block></value><value name="ADD3"><block type="text" id="x]InFe|-uwx-%q]6Ni}."><field name="TEXT">/</field></block></value><value name="ADD4"><block type="get_date_prop" id="[q$;T`^`rDrx_n#DIaWw"><field name="getter">getFullYear</field><value name="date"><shadow type="date_now" id="bxQD+|PDl%Ne7Ay/ys/u"></shadow><block type="variables_get" id="A4!6m8~|9QwjnT+B;9K{"><field name="VAR">date</field></block></value></block></value><value name="ADD5"><block type="text" id="4,0YZ^}_m0$@)g^/zK/k"><field name="TEXT"> </field></block></value><value name="ADD6"><block type="text" id="{vkdB[L(dH3!xc%?Tw,L"><field name="TEXT">v. </field></block></value><value name="ADD7"><block type="get_object_property" id="HO?c:KlV~/tv[~:;]UaS" inline="false"><value name="prop_name"><shadow type="text" id="@Ti%q5~~m!%LuHw{RZG/"><field name="TEXT">version</field></shadow></value><value name="object"><block type="root_block_ui_builder_common__context_blocks_17ba156b5b49eae93175d437c9e8c1c2_data" id="!KZ-puSZ=f6j+-6tLmND" bl_meta="{&quot;label&quot;:&quot;\&quot;aside ContentItemContainerUpgrade\&quot; Repeater Data Item&quot;,&quot;dynamicListId&quot;:&quot;3d81f4e11ffb3b99c18f1b83c9cfa36d&quot;}"></block></value></block></value></block></value></block><block type="procedures_defreturn" id="8.Aehr[87}vM,Y5%K_av" x="20" y="685"><mutation><arg name="timeItem"></arg></mutation><field name="NAME">formatTimeItem</field><comment pinned="false" h="80" w="160">Describe this function...</comment><statement name="STACK"><block type="controls_if" id="FFuJ4Kjizt8e}r{`H{Jt"><mutation else="1"></mutation><value name="IF0"><block type="logic_compare" id="-5B7-^kwgKM-I7voA[Xf"><field name="OP">LT</field><value name="A"><block type="variables_get" id="%?P:%i.$0x:s{NzGvS}J"><field name="VAR">timeItem</field></block></value><value name="B"><block type="math_number" id=":-yQBDiBwouRU3ZKC_wI"><field name="NUM">10</field></block></value></block></value><statement name="DO0"><block type="variables_set" id="!)Bi/32Y|3ZxGQ:#ljwb"><field name="VAR">outputTimeItem</field><value name="VALUE"><block type="text_join" id="RQ}!9bv_{Vw/[?^dOBLh"><mutation items="2"></mutation><value name="ADD0"><block type="math_number" id="Z[e`HiK6u]fPDX9fv*b6"><field name="NUM">0</field></block></value><value name="ADD1"><block type="variables_get" id="zMR+*M5_~sR03tD*cMq."><field name="VAR">timeItem</field></block></value></block></value></block></statement><statement name="ELSE"><block type="variables_set" id="C~|=Iv%{9}%@Bb`IyYDc"><field name="VAR">outputTimeItem</field><value name="VALUE"><block type="variables_get" id="m9?3FwnG$B(|ucbSLWFb"><field name="VAR">timeItem</field></block></value></block></statement></block></statement><value name="RETURN"><block type="variables_get" id="NpQ1Hzg?jSpT=Xn$U%:/"><field name="VAR">outputTimeItem</field></block></value></block></xml>