<xml xmlns="http://www.w3.org/1999/xhtml"><block type="root_block_ui_builder_form_onMounted_handler" id="{#d2LQzi|y/57WQESpmS" deletable="false" x="20" y="50"><statement name="statements_code"><block type="set_object_property" id="+U=Vv{j4W(47?xu6?=Oj"><value name="object"><block type="root_block_ui_builder_common__context_blocks_b4398d5c0048d80587b9664d8f5eac11_data" id="m[K_IY3B3hVh1fz!^g:v" bl_meta="{&quot;label&quot;:&quot;CreateUser form Data&quot;}"></block></value><value name="propName"><shadow type="text" id="q@^nVo}Yh}NfBP]P`7#O"><field name="TEXT">createBtn</field></shadow></value><value name="propValue"><block type="text" id="([,(b`_kGFUn$}V|xf[1"><field name="TEXT">Create</field></block></value></block></statement></block></xml>