{
  "components": {
    "7e437288f19344daa5a4bed75c728637": {
      "id": "ServerLogs TabsLabelPod",
      "type": "text",
      "moduleType": "system",
      "moduleId": "text",
      "handlers": {
        "onClick": {
          "dependencies": []
        }
      }
    },
    "64b6f006eead4076cacfac687291d9c6": {
      "id": "ServerLogs__TabsLabelDeployment",
      "type": "text",
      "moduleType": "system",
      "moduleId": "text",
      "handlers": {
        "onClick": {
          "dependencies": []
        }
      }
    },
    "184ed6e69bd6d8f1e8fc35c7403c36e5": {
      "id": "ServerLogs TabsLabelLogs",
      "type": "text",
      "moduleType": "system",
      "moduleId": "text",
      "handlers": {
        "onClick": {
          "dependencies": []
        },
        "onContentAssignment": {
          "dependencies": []
        }
      }
    },
    "cc6c067e2b46da2502deb333245ebfc6": {
      "id": "ServerLogs controls",
      "type": "block",
      "moduleType": "system",
      "moduleId": "block",
      "handlers": {
        "onBeforeUnmount": {
          "dependencies": []
        },
        "onBeforeMount": {
          "dependencies": [
            "./functions/696a14dd8d2f85be7023c2c4441a65a5/code.js"
          ]
        }
      }
    },
    "721f315c4f7e15987c55eda29943e742": {
      "id": "ServerLogs BtnStop",
      "type": "block",
      "moduleType": "system",
      "moduleId": "block",
      "handlers": {
        "onDisplayAssignment": {
          "dependencies": []
        },
        "onClick": {
          "dependencies": [
            "./functions/696a14dd8d2f85be7023c2c4441a65a5/code.js"
          ]
        },
        "onMounted": {
          "dependencies": []
        }
      }
    },
    "c0128152af0d6e8140ecf17af47e2651": {
      "id": "ServerLogs ControlsIcon",
      "type": "text",
      "moduleType": "system",
      "moduleId": "text",
      "handlers": {
        "onClassListAssignment": {
          "dependencies": []
        }
      }
    },
    "ff639427cbb2fd7735982d312e54c2fb": {
      "id": "ServerLogs BtnRestart",
      "type": "block",
      "moduleType": "system",
      "moduleId": "block",
      "handlers": {
        "onDisplayAssignment": {
          "dependencies": []
        },
        "onClick": {
          "dependencies": [
            "./functions/696a14dd8d2f85be7023c2c4441a65a5/code.js"
          ]
        },
        "onMounted": {
          "dependencies": []
        }
      }
    },
    "17e15d26a59d2afecccd78a80f2b5081": {
      "id": "ServerLogs BtnStart",
      "type": "block",
      "moduleType": "system",
      "moduleId": "block",
      "handlers": {
        "onDisplayAssignment": {
          "dependencies": []
        },
        "onClick": {
          "dependencies": [
            "./functions/696a14dd8d2f85be7023c2c4441a65a5/code.js"
          ]
        },
        "onMounted": {
          "dependencies": []
        }
      }
    },
    "9051123f6b4f94ef192265039293d4cd": {
      "id": "ServerLogs ContentLogs",
      "type": "block",
      "moduleType": "system",
      "moduleId": "block",
      "handlers": {
        "onDynamicItemsAssignment": {
          "usedCustomFunctions": []
        },
        "onBeforeUnmount": {
          "usedCustomFunctions": []
        }
      }
    },
    "8bc4792e519b80bac6992c938c05b82a": {
      "id": "ServerLogs ContentItem",
      "type": "text",
      "moduleType": "system",
      "moduleId": "text",
      "handlers": {
        "onContentAssignment": {
          "usedCustomFunctions": []
        }
      }
    },
    "page": {
      "type": "page",
      "moduleType": "system",
      "moduleId": "page",
      "handlers": {
        "onEnter": {
          "usedCustomFunctions": []
        },
        "onLeave": {
          "dependencies": []
        }
      }
    },
    "8a65b938894c447674af5ac1fe34b1b8": {
      "id": "ServerLogs ControlsBtnClear",
      "type": "button",
      "moduleType": "system",
      "moduleId": "button",
      "handlers": {
        "onClick": {
          "usedCustomFunctions": []
        }
      }
    },
    "7121511100ee1817f78309a7f31d0a72": {
      "id": "ServerLogs ControlsBtnFollow",
      "type": "button",
      "moduleType": "system",
      "moduleId": "button",
      "handlers": {
        "onClick": {
          "usedCustomFunctions": []
        }
      }
    }
  },
  "dataBinding": {},
  "usedComponentTypes": [
    "block",
    "r_eecdebf7a73f3c5e1cffd6bc92dbd289",
    "r_dcac843a154c1eb2e28a4a08b5d34fec",
    "text",
    "button",
    "input"
  ],
  "style": {},
  "attrs": {},
  "pods": {}
}