<xml xmlns="http://www.w3.org/1999/xhtml"><block type="root_block_ui_builder_input_onChange_handler" id="-mQVAhWOZb*rnS|E6k14" deletable="false" x="20" y="50"><statement name="statements_code"><block type="controls_if" id="(ID7znx%NYyQc1r9@=.e"><mutation else="1"></mutation><value name="IF0"><block type="logic_negate" id="OVOoI4G|_cJG^bp^MIBV"><value name="BOOL"><block type="root_block_ui_builder_input_onChange_handler_context_blocks_value" id="?$rjgb5,1-/1q/E)49~V" bl_meta="{&quot;label&quot;:&quot;Changed Value&quot;}"></block></value></block></value><statement name="DO0"><block type="dynamic_context_blocks__toggle_component_visibility" id="nQxYy?4.Rvs+s(d{G1cp"><field name="componentUid">d50a1aa5921ba06c583457a897f2a8f7</field><value name="visible"><block type="logic_boolean" id="zacMcURP?vQ-zwsp5[Z3"><field name="BOOL">TRUE</field></block></value></block></statement><statement name="ELSE"><block type="dynamic_context_blocks__toggle_component_visibility" id="tR]e6H(INr/#yC)$My7r"><field name="componentUid">d50a1aa5921ba06c583457a897f2a8f7</field><value name="visible"><block type="logic_boolean" id="2`wdk@PkCbTMT/;3l%%x"><field name="BOOL">FALSE</field></block></value></block></statement><next><block type="controls_if" id="+elnZ)?z4:^Xctp*u:L^"><value name="IF0"><block type="get_object_property" id="-!|8bcbYtl%ADn$:{HO*"><value name="prop_name"><shadow type="text" id="qQI-[C.mUT?u=5=ZRzz6"><field name="TEXT">confirmPassword</field></shadow></value><value name="object"><block type="root_block_ui_builder_common__context_blocks_b4398d5c0048d80587b9664d8f5eac11_data" id="kn*m5?RTJ`2q`wV)Qs7p" bl_meta="{&quot;label&quot;:&quot;CreateUser form Data&quot;}"></block></value></block></value><statement name="DO0"><block type="controls_if" id="i6-k?Ak#!k7aan:x50z*"><mutation else="1"></mutation><value name="IF0"><block type="logic_compare" id="oljZZe,]bq:x;{i=A28j"><field name="OP">NEQ</field><value name="A"><block type="get_object_property" id="l{Mj_}[?V$Oj)fC?J^.v" inline="false"><value name="prop_name"><shadow type="text" id="l!~q0gb;xcG)N)^;|8/x"><field name="TEXT">password</field></shadow></value><value name="object"><block type="root_block_ui_builder_common__context_blocks_b4398d5c0048d80587b9664d8f5eac11_data" id="{;w!@%[yz5U$qNNkztt/" bl_meta="{&quot;label&quot;:&quot;CreateUser form Data&quot;}"></block></value></block></value><value name="B"><block type="get_object_property" id="1pHM7*uFMGNDm,}yy46d" inline="false"><value name="prop_name"><shadow type="text" id="/xSoKzRK=EFiA;#ZlPT5"><field name="TEXT">confirmPassword</field></shadow></value><value name="object"><block type="root_block_ui_builder_common__context_blocks_b4398d5c0048d80587b9664d8f5eac11_data" id="i1o*cZU?hWhrvh1}76g3" bl_meta="{&quot;label&quot;:&quot;CreateUser form Data&quot;}"></block></value></block></value></block></value><statement name="DO0"><block type="dynamic_context_blocks__toggle_component_visibility" id="Ew`TQbeW7?/C)d]fSq=Z"><field name="componentUid">76b375976525da5784a688f366843054</field><value name="visible"><block type="logic_boolean" id="^Cudz{H;6W)3;~K_`/PH"><field name="BOOL">TRUE</field></block></value></block></statement><statement name="ELSE"><block type="dynamic_context_blocks__toggle_component_visibility" id="$)m4V.Kj:K_{{}+F``Kk"><field name="componentUid">76b375976525da5784a688f366843054</field><value name="visible"><block type="logic_boolean" id="z4-9Se8Q:P]RUPi(Begx"><field name="BOOL">FALSE</field></block></value></block></statement></block></statement></block></next></block></statement></block></xml>