<xml xmlns="http://www.w3.org/1999/xhtml"><block type="root_block_ui_builder_block_onClassListAssignment_handler" id="Os@Qf4kl{:kEAe$mO05S" deletable="false" x="20" y="50"><statement name="statements_code"><block type="variables_set" id="_3BMMSj`a~Q{84aG}Y$;"><field name="VAR">classList</field><value name="VALUE"><block type="lists_create_with" id="j9J6;Od-nEpUki8!gd?#"><mutation items="1"></mutation><value name="ADD0"><block type="text" id="ZO+6s2JnO$?!Yn.qd7Tq"><field name="TEXT">aside__TabContentItem</field></block></value></block></value><next><block type="controls_if" id="9Nv(5K]N3v2|Ip8iWBla"><value name="IF0"><block type="logic_compare" id="*c5F{KzsWU-/,KhG=@(s"><field name="OP">EQ</field><value name="A"><block type="get_object_property" id="/46J8xUaPQ~n?j:*3o_A"><value name="prop_name"><shadow type="text" id="Cz]gk;2d0f$U|aUQKn%^"><field name="TEXT">pageConfiguration</field></shadow></value><value name="object"><block type="root_block_ui_builder_common__context_blocks_pageData" id="Pv4+]z6;VI4TL{vQMjB8" bl_meta="{&quot;label&quot;:&quot;Page Data&quot;}"></block></value></block></value><value name="B"><block type="text" id="_DJ.jBLjt_Y5rN(rnT$m"><field name="TEXT">ssl</field></block></value></block></value><statement name="DO0"><block type="variables_set" id="Pt0`~ebIROK5po-J6,=R"><field name="VAR">classList</field><value name="VALUE"><block type="lists_create_with" id="CK*ej+fZ=zFu,cqD(1,N"><mutation items="2"></mutation><value name="ADD0"><block type="text" id="%qE22N=qgu|lddqPTg4m"><field name="TEXT">aside__TabContentItem</field></block></value><value name="ADD1"><block type="text" id="eHe-y5dWsAYq6~sCj[1!"><field name="TEXT">aside__TabContentItem--active</field></block></value></block></value></block></statement></block></next></block></statement><value name="return"><block type="variables_get" id="qFlv3dHA0LWVwfUEk$C$"><field name="VAR">classList</field></block></value></block></xml>