<xml xmlns="http://www.w3.org/1999/xhtml"><block type="root_block_ui_builder_block_onBeforeMount_handler" id="uEsqk`am?Qa4WZ}6br0@" deletable="false" x="20" y="50"><statement name="statements_code"><block type="try_catch" id="W]]cF@L][?_qVTcD+T[g"><statement name="try"><block type="controls_if" id="OCR(THRssRNC[W~nM_v~"><value name="IF0"><block type="logic_negate" id="=|n=8+]^VrR{qp|Mkq`?"><value name="BOOL"><block type="get_object_property" id="QC,9%8BBP-aBroncF,eq"><value name="prop_name"><shadow type="text" id="H,8Ap?/]+gMd$h=?KQ{z"><field name="TEXT">statusData</field></shadow></value><value name="object"><block type="root_block_ui_builder_common__context_blocks_appData" id="b5K-KI]P~D6F)?;NVRFk" bl_meta="{&quot;label&quot;:&quot;App Data&quot;}"></block></value></block></value></block></value><statement name="DO0"><block type="set_object_property" id=";(CK;SX@lH,djxA!t9j]"><value name="object"><block type="root_block_ui_builder_common__context_blocks_appData" id="0tMqCET]]Sy0De;O.7)d" bl_meta="{&quot;label&quot;:&quot;App Data&quot;}"></block></value><value name="propName"><shadow type="text" id=",T!9z+pJBQgv(pVnF02u"><field name="TEXT">statusData</field></shadow></value><value name="propValue"><block type="codeless_function_block_696a14dd8d2f85be7023c2c4441a65a5" id="wQT]6kMWE,|:z35MhFv7" bl_meta="{&quot;fn&quot;:&quot;ProManagerAPI&quot;,&quot;label&quot;:&quot;Custom Function - ProManagerAPI&quot;}"><value name="method"><block type="text" id="Py(Hz=eIB2mx]N(A)mjX"><field name="TEXT">get</field></block></value><value name="path"><block type="text" id="/v2jb*o_QjWz$3$%9zK#"><field name="TEXT">/manage/status</field></block></value></block></value><next><block type="timer_wait" id="bG#H:.AaDJu}]]h$;4Qp"><value name="time"><shadow type="math_number" id="SJzOaG[!n)k28n|0(?#M"><field name="NUM">20</field></shadow></value><next><block type="set_object_property" id="+#K1Bhjd)VSlv]vZ9Ly5"><value name="object"><block type="root_block_ui_builder_common__context_blocks_appData" id="^~0Nhw]G`8X@7:t,Fw~U" bl_meta="{&quot;label&quot;:&quot;App Data&quot;}"></block></value><value name="propName"><shadow type="text" id="a-y2**kWb.Is!tSGZHum"><field name="TEXT">height</field></shadow></value><value name="propValue"><block type="text_join" id="JA*==HuqO;Wa^~I3Gq+L"><mutation items="2"></mutation><value name="ADD0"><block type="custom_js_code" id="2ad@C161.G({kjLoLhO;"><mutation output="true"><arg arg-name="element"></arg><code>return element.el.scrollHeight</code></mutation><field name="name">getHeight</field><value name="element"><block type="ui_common_blocks__get_component_by_id" id="8a;[6rHnH2_R]y4@9U7@"><field name="componentUid">3c48282edad672c3a97414a89b3c15df</field></block></value></block></value><value name="ADD1"><block type="text" id="zVN7-7ihE7;KAFe=D7:A"><field name="TEXT">px</field></block></value></block></value></block></next></block></next></block></statement><next><block type="controls_if" id="k}0fb=b~KgXix:ZvtOs:"><mutation else="1"></mutation><value name="IF0"><block type="get_object_property" id=".YCGV,xTfe=%QlE42x7["><value name="prop_name"><shadow type="text" id="F}]WeMU[Q4:a::!3Sooj"><field name="TEXT">pageServerStatus</field></shadow></value><value name="object"><block type="root_block_ui_builder_common__context_blocks_pageData" id="H{{Z9(x*,1WFav{v8(6n" bl_meta="{&quot;label&quot;:&quot;Page Data&quot;}"></block></value></block></value><statement name="DO0"><block type="set_object_property" id="Gq.JP`Me02M7*g;)H3d/"><value name="object"><block type="ui_common_blocks__get_component_data_style" id="U3[9$c8EM:.vMo?-WNIK"><field name="componentUid">3c48282edad672c3a97414a89b3c15df</field></block></value><value name="propName"><shadow type="text" id="hsF$_7{o@7qrTE8mF[U4"><field name="TEXT">maxHeight</field></shadow></value><value name="propValue"><block type="get_object_property" id="3n~ush{*6IYGq[q@V9w]"><value name="prop_name"><shadow type="text" id="v}lD+ef.ZUWsK{NgHWIB"><field name="TEXT">height</field></shadow></value><value name="object"><block type="root_block_ui_builder_common__context_blocks_appData" id="W|AmOD_z|7Mg9$~n$rH;" bl_meta="{&quot;label&quot;:&quot;App Data&quot;}"></block></value></block></value></block></statement><statement name="ELSE"><block type="set_object_property" id="6/JE|p79YrjMWvR`xtw9"><value name="object"><block type="ui_common_blocks__get_component_data_style" id="IbIi)s|_5-gX{|Vs(mBl"><field name="componentUid">3c48282edad672c3a97414a89b3c15df</field></block></value><value name="propName"><shadow type="text" id="uy]3bM?WWy%8Twl{/|5d"><field name="TEXT">maxHeight</field></shadow></value><value name="propValue"><block type="math_number" id="5p3rQT,[{2_5RqN(d_p^"><field name="NUM">0</field></block></value><next><block type="list_add_item" id="*ioo3i1}=O8``{y5ccOW"><mutation has_output="false"></mutation><field name="connections_toggler">FALSE</field><value name="list"><block type="ui_common_blocks__get_component_classes" id="ejIm:q+Yc^N_1C%?NI~-"><field name="componentUid">1fed8d3527f135219fb66d9de15adb04</field></block></value><value name="value"><block type="text" id="I1sq~oC,09u(b.Rt)-gm"><field name="TEXT">aside__TabHeader--rotated</field></block></value></block></next></block></statement></block></next></block></statement><statement name="catch"><block type="ui_dynamic_category__device-api__show_alert" id="fk-eO=%B35!d=9Nnb=c?" bl_meta="{&quot;label&quot;:&quot;Dynamic Block: Show Alert&quot;}"><value name="message"><shadow type="text" id="8=@ZKVUSC|n*}[5?cV$D"><field name="TEXT"></field></shadow><block type="get_object_property" id=")}NG+A~VZ=JQscxe6gJE"><value name="prop_name"><shadow type="text" id="em2XQ},oIcKpnB,]B3!)"><field name="TEXT">message</field></shadow></value><value name="object"><block type="variables_get" id="gha#Py?Jz!Ck]DlH$}p!"><field name="VAR">error</field></block></value></block></value></block></statement></block></statement></block></xml>