<xml xmlns="http://www.w3.org/1999/xhtml"><block type="root_block_ui_builder_block_onClick_handler" id="Cf3IiQ1F;y~Td8l*d%0(" deletable="false" x="20" y="50"><statement name="statements_code"><block type="component_action_block_app_router_goto_page" id="k7PE;(+K1H|]NYLj_Xi+"><value name="pageName"><shadow type="text" id="V0_;=fm1Pa6eQ{vk9hq("><field name="TEXT">serviceLogs</field></shadow></value><value name="pageData"><block type="create_object" id="/qS3)n-mtG^jVqyS9_hE"><mutation><properties><item id="property" prop-name="serviceName"></item></properties></mutation><value name="create_object_mutator_container_properties_stack_property0"><block type="get_object_property" id="]@@BQF8Tv0S#%mCp5K;f" inline="false"><value name="prop_name"><shadow type="text" id="MR~tt!Y}lwRsB|[}{tLb"><field name="TEXT">name</field></shadow></value><value name="object"><block type="root_block_ui_builder_common__context_blocks_941dd0cd3b6497a91648a63b0e7bbec7_data" id="(9*D;U1gDU{Uv96ZyU`c"></block></value></block></value></block></value></block></statement></block></xml>