<xml xmlns="http://www.w3.org/1999/xhtml"><block type="root_block_ui_builder_button_onClick_handler" id="ru~?7*Dl7mRxgNjzD1_C" deletable="false" x="38" y="54"><statement name="statements_code"><block type="set_object_property" id="%B!R2Yos@`_I*aLR|$0]"><value name="object"><block type="root_block_ui_builder_common__context_blocks_pageData" id="=,6`Q8%GbqSSoiRYi%_?" bl_meta="{&quot;label&quot;:&quot;Page Data&quot;}"></block></value><value name="propName"><shadow type="text" id="])/P=j@pgdZJW!u+dg!Y"><field name="TEXT">saveBtnIsClicked</field></shadow></value><value name="propValue"><block type="logic_boolean" id="uVJk[!8y5};qK8,7ho{P"><field name="BOOL">TRUE</field></block></value><next><block type="variables_set" id="{UkSSq[tcY{l=#+S{?X3"><field name="VAR">dataContainer</field><value name="VALUE"><block type="lists_getIndex" id="gl5G%T=jh-/EP^;8I(Yi"><mutation statement="false" at="false"></mutation><field name="MODE">GET</field><field name="WHERE">FIRST</field><value name="VALUE"><block type="ui_common_blocks__get_component_dynamic_list_items" id="^Af^A7MEjKf958tCJ1)p" bl_meta="{&quot;label&quot;:&quot;Get component repeater data&quot;}"><field name="componentUid">'9f186f89932cdfe880554e43f4f916a1'</field></block></value></block></value><next><block type="controls_if" id="}g@g[8#Ft6kah{}r5Up`"><value name="IF0"><block type="logic_negate" id="_t#QLny,JYoiQnS!1WIU"><value name="BOOL"><block type="get_object_property" id="}fYWF)%J^hxQvIotyn;W"><value name="prop_name"><shadow type="text" id="*H70KH*KiW%!rBFzZ,p9"><field name="TEXT">Timeout</field></shadow></value><value name="object"><block type="variables_get" id="s3JW{bA%x[9E0sY`C679"><field name="VAR">dataContainer</field></block></value></block></value></block></value><statement name="DO0"><block type="set_object_property" id="2UkU[G{c(qp3Ai2Qm$5~"><value name="object"><block type="variables_get" id="8P3*N~MSu7td5*EdE0~s"><field name="VAR">dataContainer</field></block></value><value name="propName"><shadow type="text" id="}*vrhEq_ni0{DXuP#bt6"><field name="TEXT">validationMessageTimeout</field></shadow></value><value name="propValue"><block type="logic_boolean" id="^;x].)#0|zoU5+2eC@Za"><field name="BOOL">TRUE</field></block></value></block></statement><next><block type="controls_if" id=".P!Q|ntGl[rnNdLU*y+)"><value name="IF0"><block type="logic_negate" id="}2woi/M~W^pO!p!{y+6`"><value name="BOOL"><block type="get_object_property" id=")Fz.c#Co;1Q=+GRcl}*V"><value name="prop_name"><shadow type="text" id="WZ[3Qf;:{h`kLmG(bjaC"><field name="TEXT">Password</field></shadow></value><value name="object"><block type="variables_get" id="m{rA_}~Rr6r+g8mw]YXE"><field name="VAR">dataContainer</field></block></value></block></value></block></value><statement name="DO0"><block type="set_object_property" id="4U*0q`#`PFSGN[FWjUMU"><value name="object"><block type="variables_get" id="*FUfwB#q,I(;N]@dM[%p"><field name="VAR">dataContainer</field></block></value><value name="propName"><shadow type="text" id="Rhrh$0QCA,RBVKz#iqxv"><field name="TEXT">validationMessagePassword</field></shadow></value><value name="propValue"><block type="logic_boolean" id="_.iSM;S7*dqDbW04uhw}"><field name="BOOL">TRUE</field></block></value></block></statement><next><block type="controls_if" id="{sS{J/6iSf!)q^fl)9)o"><value name="IF0"><block type="logic_negate" id="_R=KOJJX.|IoIudYk]5k"><value name="BOOL"><block type="get_object_property" id="|!?;q_R/3D`-MN+ro:F`"><value name="prop_name"><shadow type="text" id="yr29Qd2@;vq~.f:;@.@("><field name="TEXT">Protocol</field></shadow></value><value name="object"><block type="variables_get" id="ERA[[yUneA-D?*-h+VU="><field name="VAR">dataContainer</field></block></value></block></value></block></value><statement name="DO0"><block type="set_object_property" id="Fhq,v)Ae#7I{A(0Q^3kV"><value name="object"><block type="variables_get" id="-Jb7|L%:FXIyr*=zQ!SG"><field name="VAR">dataContainer</field></block></value><value name="propName"><shadow type="text" id="jbG/[w}tgf(xUMg*}`n."><field name="TEXT">validationMessageProtocol</field></shadow></value><value name="propValue"><block type="logic_boolean" id="O`7O+(uQD3{5r1P-Yx~H"><field name="BOOL">TRUE</field></block></value></block></statement><next><block type="controls_if" id="=[jmo3~q5+I`^-!+KcM_"><value name="IF0"><block type="logic_negate" id="01}[fV%2pz0t4?.93FZ;"><value name="BOOL"><block type="get_object_property" id="69E}bYu`$c32b)X};IKQ"><value name="prop_name"><shadow type="text" id="V9UmT^J8j+K}.E42NT(N"><field name="TEXT">Send From</field></shadow></value><value name="object"><block type="variables_get" id="Bz^A;{VaT[aGxN59UbgC"><field name="VAR">dataContainer</field></block></value></block></value></block></value><statement name="DO0"><block type="set_object_property" id="ScYM_tNMpC.3TS(??_AV"><value name="object"><block type="variables_get" id=".92OD2vlrG~==ig+oc+r"><field name="VAR">dataContainer</field></block></value><value name="propName"><shadow type="text" id="(+xlPXa3DN;CQ!#bgTsB"><field name="TEXT">validationMessageSendFrom</field></shadow></value><value name="propValue"><block type="logic_boolean" id="_UTailcI_2v{9SFhpa^c"><field name="BOOL">TRUE</field></block></value></block></statement><next><block type="controls_if" id="PZPHC#Byu6r(`gG4G/Cq"><value name="IF0"><block type="logic_negate" id=";%!QBIv~hRp|B^)Ir#bd"><value name="BOOL"><block type="get_object_property" id="N)~+JhK;lkH[chpJp+n@"><value name="prop_name"><shadow type="text" id="rM}Qv#v{E~B:5N~LkS2N"><field name="TEXT">From Email</field></shadow></value><value name="object"><block type="variables_get" id="@lw77b,L,CEKabNcZWX2"><field name="VAR">dataContainer</field></block></value></block></value></block></value><statement name="DO0"><block type="set_object_property" id="bfhu9bUVzP(FE1RBQWI2"><value name="object"><block type="variables_get" id="x/Cl@)D;5xJZK3tm4u1/"><field name="VAR">dataContainer</field></block></value><value name="propName"><shadow type="text" id="IaL~,MbgPIs[^`M||Xc+"><field name="TEXT">validationMessageFromEmail</field></shadow></value><value name="propValue"><block type="logic_boolean" id="wAm2GX81]1VfyWQ8|Pck"><field name="BOOL">TRUE</field></block></value></block></statement><next><block type="controls_if" id="VFed5A7/[Ov^4|me+8yT"><value name="IF0"><block type="logic_negate" id="t54ZGyT/on4LlN#}$FZd"><value name="BOOL"><block type="get_object_property" id="?s~bq*PK{n57OmBj0QNK"><value name="prop_name"><shadow type="text" id="kIhsy2rlvp^-^Gu2-pw1"><field name="TEXT">Send Timeout</field></shadow></value><value name="object"><block type="variables_get" id="rz~pS4XPl_3vR6f/a:FO"><field name="VAR">dataContainer</field></block></value></block></value></block></value><statement name="DO0"><block type="set_object_property" id="=3CwZkO6k4^7d0xtqH*Q"><value name="object"><block type="variables_get" id="M{Xk?8B``u(,[HW7Brga"><field name="VAR">dataContainer</field></block></value><value name="propName"><shadow type="text" id="B7+nFnd5-^5?(EM!in:g"><field name="TEXT">validationMessageSendTimeout</field></shadow></value><value name="propValue"><block type="logic_boolean" id="};%wAe`+#!74~Rcf@tfe"><field name="BOOL">TRUE</field></block></value></block></statement><next><block type="controls_if" id="|lEjJgM_:dB`o2gpkPS1"><value name="IF0"><block type="logic_negate" id="2IN!SszL33llbIWAlf]R"><value name="BOOL"><block type="get_object_property" id="bPRLPj$y^-+9nI/[Cl/7"><value name="prop_name"><shadow type="text" id="`@90+d,KX809;5YYOZ@+"><field name="TEXT">SMTP Port</field></shadow></value><value name="object"><block type="variables_get" id="@_)n$yMsSN(FZmKBL6.5"><field name="VAR">dataContainer</field></block></value></block></value></block></value><statement name="DO0"><block type="set_object_property" id="(GDP(Q)O^PH75%I`gx]S"><value name="object"><block type="variables_get" id="OK*GWT*19t0|NRQtylY3"><field name="VAR">dataContainer</field></block></value><value name="propName"><shadow type="text" id="ZVFWKZGR/W.A^`3rEf)*"><field name="TEXT">validationMessageSMTPPort</field></shadow></value><value name="propValue"><block type="logic_boolean" id="GNsWth6`hgb9h]LC].a|"><field name="BOOL">TRUE</field></block></value></block></statement><next><block type="controls_if" id="=kOl=2M4;+cB:BaJV*e*"><value name="IF0"><block type="logic_negate" id="qe0``4yBL#uCOcNBpCtt"><value name="BOOL"><block type="get_object_property" id="I@6A.SP/4W+$z%eS@JL}"><value name="prop_name"><shadow type="text" id="Zhehq!JLmlz:a4JjBEnh"><field name="TEXT">SMTP Host</field></shadow></value><value name="object"><block type="variables_get" id="r^=E^Jc$z]@`gZ3TctwL"><field name="VAR">dataContainer</field></block></value></block></value></block></value><statement name="DO0"><block type="set_object_property" id="+M9CJr4:4O^LmYW7[n2z"><value name="object"><block type="variables_get" id="c$D7f~Re0|ID?rE@o)$8"><field name="VAR">dataContainer</field></block></value><value name="propName"><shadow type="text" id="{Uuf`}/xL,dA;x!o]kO/"><field name="TEXT">validationMessageSMTPHost</field></shadow></value><value name="propValue"><block type="logic_boolean" id="S*c/|ea$aE,dKRS_zy`Z"><field name="BOOL">TRUE</field></block></value></block></statement><next><block type="controls_if" id="3J5e[?n#*b(,Dwtkr|+^"><value name="IF0"><block type="logic_negate" id="?_.sh@wH7ZfTF2f9H)Oe"><value name="BOOL"><block type="get_object_property" id="LmK3soj)0ckcV.MfW/yU"><value name="prop_name"><shadow type="text" id="!iin@D^m(()YOobG[m!f"><field name="TEXT">User ID</field></shadow></value><value name="object"><block type="variables_get" id="/7HQdfu`9_!pfk_;)=,7"><field name="VAR">dataContainer</field></block></value></block></value></block></value><statement name="DO0"><block type="set_object_property" id="]%W3^MlmGq6tq(/RB0XE"><value name="object"><block type="variables_get" id="to=Hr]3A4]1eL}5(bDl("><field name="VAR">dataContainer</field></block></value><value name="propName"><shadow type="text" id="Mw}`AHvB-M/;zFx}EqjV"><field name="TEXT">validationMessageUserID</field></shadow></value><value name="propValue"><block type="logic_boolean" id="9f+z8!cA28]:Kp.aXjY("><field name="BOOL">TRUE</field></block></value></block></statement><next><block type="variables_set" id="R+C3rW[Lb-6bL4nhbt_`"><field name="VAR">isValid</field><value name="VALUE"><block type="logic_boolean" id="TTZElny$ad]bO;6!m|{a"><field name="BOOL">TRUE</field></block></value><next><block type="controls_forEach" id="x57N1IoY@Qr=Q6yK:,cj"><field name="VAR">item</field><value name="LIST"><block type="ui_common_blocks__get_component_dynamic_list_items" id="*)|}^=/hyT@3S`?JC,6z" bl_meta="{&quot;label&quot;:&quot;Get component repeater data&quot;}"><field name="componentUid">'9f186f89932cdfe880554e43f4f916a1'</field></block></value><statement name="DO"><block type="controls_forEach" id="@f%@Dw@Gv;h|p,C=]_N}"><field name="VAR">descriptionItem</field><value name="LIST"><block type="get_object_property" id="MBM^odoWX3B].SF!Y9m)"><value name="prop_name"><shadow type="text" id="?a]-ch^y{,H+[r{3e7W+"><field name="TEXT">description</field></shadow></value><value name="object"><block type="root_block_ui_builder_common__context_blocks_pageData" id="~8!nx121C~cU2u[=VlxJ" bl_meta="{&quot;label&quot;:&quot;Page Data&quot;}"></block></value></block></value><statement name="DO"><block type="controls_if" id="Nt1U4VS5LyUX_2lXn}gH"><value name="IF0"><block type="logic_negate" id="W2Do_Mu=)vW3tiK1yi~4"><value name="BOOL"><block type="get_object_property" id="cYFBkb!WnrNXRP[~]Om3"><value name="prop_name"><shadow type="text" id="M[zFU%JN~7e``od::d]k"><field name="TEXT"></field></shadow><block type="get_object_property" id="fabe:CHc,#QY?VF7,/`S"><value name="prop_name"><shadow type="text" id=")3,@6bNzZOPY(3d0mb/+"><field name="TEXT">name</field></shadow></value><value name="object"><block type="variables_get" id="f9K$/~NmgUzbS/#]AE80"><field name="VAR">descriptionItem</field></block></value></block></value><value name="object"><block type="variables_get" id="gf[dE;_Iuy6Ts9FUf*Uz"><field name="VAR">item</field></block></value></block></value></block></value><statement name="DO0"><block type="variables_set" id="56wEyr~,=lljT8fl4QGI"><field name="VAR">isValid</field><value name="VALUE"><block type="logic_boolean" id="gql16Pz`Jc}Det]o,O!p"><field name="BOOL">FALSE</field></block></value></block></statement></block></statement></block></statement><next><block type="controls_if" id="UWh?RVmi6~tc!b._j=,,"><value name="IF0"><block type="logic_negate" id="stG`i:3W3`*iWt.:/srh"><value name="BOOL"><block type="variables_get" id="$LWlI8^|#AOrriSO77kz"><field name="VAR">isValid</field></block></value></block></value><statement name="DO0"><block type="immediate_return" id=";M9F=Qlla|IjXz*dr-PY"></block></statement><next><block type="set_object_property" id="m^pdaI);1~-T?5(=/IJ-"><value name="object"><block type="root_block_ui_builder_common__context_blocks_pageData" id="KB^17*Cu5VB1R-IntY2G" bl_meta="{&quot;label&quot;:&quot;Page Data&quot;}"></block></value><value name="propName"><shadow type="text" id="F/9#6u-)H-QiG*NjfiAP"><field name="TEXT">btnSaveDisabled</field></shadow></value><value name="propValue"><block type="logic_boolean" id="b:p+R=N~V-%$Avy-`hS/"><field name="BOOL">TRUE</field></block></value><next><block type="set_object_property" id="w,ZOGNn0lUSCF[KOoPn~"><value name="object"><block type="root_block_ui_builder_common__context_blocks_pageData" id="$n!Hl_wpR~In8c_%Gra9" bl_meta="{&quot;label&quot;:&quot;Page Data&quot;}"></block></value><value name="propName"><shadow type="text" id="993OUci!eU6/k;|/Bjgs"><field name="TEXT">btnSave</field></shadow></value><value name="propValue"><block type="text" id="Sf}?QHrI0{^A=*%.Aatj"><field name="TEXT">Saving...</field></block></value><next><block type="try_catch" id="GKLTaMCXPKpBjDloliO{"><statement name="try"><block type="text_print" id="kC/k$ANzf%Y8SO:([{Ms"><value name="TEXT"><shadow type="text" id="1;VqYCHfI?a:YB%2|@gh"><field name="TEXT">abc</field></shadow><block type="codeless_function_block_696a14dd8d2f85be7023c2c4441a65a5" id="!PerOCPOLeWl{78#u1ZH" bl_meta="{&quot;fn&quot;:&quot;ProManagerAPI&quot;,&quot;label&quot;:&quot;Custom Function - ProManagerAPI&quot;}"><mutation has_output="true"></mutation><field name="connections_toggler">TRUE</field><value name="method"><block type="text" id="7|p^_tc]D|2Mv+Ji1/jm"><field name="TEXT">put</field></block></value><value name="path"><block type="text" id="C?SaPh/#S!*Le]3jy#(S"><field name="TEXT">/manage/configuration/mail?restart=false</field></block></value><value name="body"><block type="lists_getIndex" id="[:W]m(GQzdKXToF_qRq5"><mutation statement="false" at="false"></mutation><field name="MODE">GET</field><field name="WHERE">FIRST</field><value name="VALUE"><block type="ui_common_blocks__get_component_dynamic_list_items" id="017-on#|FpZ.XNJZ_M._" bl_meta="{&quot;label&quot;:&quot;Get component repeater data&quot;}"><field name="componentUid">'9f186f89932cdfe880554e43f4f916a1'</field></block></value></block></value></block></value><next><block type="set_object_property" id="D-S6gGQK1;DvT3)(OA_B"><value name="object"><block type="root_block_ui_builder_common__context_blocks_pageData" id="?b_fAAXZU0{Q7hPU/wuC" bl_meta="{&quot;label&quot;:&quot;Page Data&quot;}"></block></value><value name="propName"><shadow type="text" id="PplEIJTctb*I!u0N:Gcf"><field name="TEXT">btnSave</field></shadow></value><value name="propValue"><block type="text" id="`@b/:aAZJqYYNh#=.[-R"><field name="TEXT">Save</field></block></value><next><block type="set_object_property" id="P]sT79HsQpHq1DbOa+x^"><value name="object"><block type="root_block_ui_builder_common__context_blocks_pageData" id="A[jY198+$.H@^{a3{;IU" bl_meta="{&quot;label&quot;:&quot;Page Data&quot;}"></block></value><value name="propName"><shadow type="text" id="6Rn5Tjc,{JzM;ejAXlUB"><field name="TEXT">btnSaveDisabled</field></shadow></value><value name="propValue"><block type="logic_boolean" id="2v^a.f~_W}|jfF`GX$a)"><field name="BOOL">FALSE</field></block></value><next><block type="codeless_function_block_8f16ba2ef5c9c7a7b32d569b3762f6c4" id="vjrDybpi([19W.ZSu^.Y" bl_meta="{&quot;fn&quot;:&quot;showMessage&quot;,&quot;label&quot;:&quot;Custom Function - showMessage&quot;}"><mutation has_output="false"></mutation><field name="connections_toggler">FALSE</field><value name="pageData"><block type="root_block_ui_builder_common__context_blocks_pageData" id="u%h|x86W4zn,Jr#e*pAz" bl_meta="{&quot;label&quot;:&quot;Page Data&quot;}"></block></value><value name="message"><block type="text" id="FIK(Fxvixt:EpMwFt{1U"><field name="TEXT">The data has been saved successfully</field></block></value><value name="color"><block type="text" id="`xj9B*9ycC)xFGqR_#e,"><field name="TEXT">rgba(39, 174, 96, 0.93)</field></block></value><value name="alert"><block type="ui_common_blocks__get_component_by_id" id=";xum5[8B3/Y-1@`tSa^C" bl_meta="{&quot;label&quot;:&quot;Get component by id&quot;}"><field name="componentUid">'95980ee1806a02128292c7d76666d134'</field></block></value><value name="styleAlert"><block type="ui_common_blocks__get_component_data_style" id="411:a_!.5IePYF[%ht1." bl_meta="{&quot;label&quot;:&quot;Get component style&quot;}"><field name="componentUid">'95980ee1806a02128292c7d76666d134'</field></block></value><value name="styleAlertText"><block type="ui_common_blocks__get_component_data_style" id="Ed8oi*Qh6MTJ[I?b#-#_" bl_meta="{&quot;label&quot;:&quot;Get component style&quot;}"><field name="componentUid">'56af2c373986c15715d6b101723d8d4f'</field></block></value></block></next></block></next></block></next></block></statement><statement name="catch"><block type="set_object_property" id="*IEojMdi_%u~L;R#E3uO"><value name="object"><block type="root_block_ui_builder_common__context_blocks_pageData" id="IP+rx{jv]vl=n3|G)g*r" bl_meta="{&quot;label&quot;:&quot;Page Data&quot;}"></block></value><value name="propName"><shadow type="text" id="2)EzG1,BxTc_vhNU7~Ux"><field name="TEXT">btnSave</field></shadow></value><value name="propValue"><block type="text" id="1U?jXDz3]BF]@{b[fD?)"><field name="TEXT">Save</field></block></value><next><block type="set_object_property" id="2L2Up6X)@N*9Fjw;yB^L"><value name="object"><block type="root_block_ui_builder_common__context_blocks_pageData" id="::9?$o|%F_?5cZJ8Zz5`" bl_meta="{&quot;label&quot;:&quot;Page Data&quot;}"></block></value><value name="propName"><shadow type="text" id="LhD|W#obIIDEE47^M#%e"><field name="TEXT">btnSaveDisabled</field></shadow></value><value name="propValue"><block type="logic_boolean" id="b$gOC2fkJ8!1eSco7*J#"><field name="BOOL">FALSE</field></block></value><next><block type="codeless_function_block_8f16ba2ef5c9c7a7b32d569b3762f6c4" id="v?Gf;rDD]946Y];WQE4B" bl_meta="{&quot;fn&quot;:&quot;showMessage&quot;,&quot;label&quot;:&quot;Custom Function - showMessage&quot;}"><mutation has_output="false"></mutation><field name="connections_toggler">FALSE</field><value name="pageData"><block type="root_block_ui_builder_common__context_blocks_pageData" id=".0tpHD{kkN%Yzk,6!PN3" bl_meta="{&quot;label&quot;:&quot;Page Data&quot;}"></block></value><value name="message"><block type="get_object_property" id="LFS@z,{L~z.nLV`Y0d1["><value name="prop_name"><shadow type="text" id="Lc$@$E{?zu=)2Xn@zPIC"><field name="TEXT">message</field></shadow></value><value name="object"><block type="variables_get" id="tm.ddK8r?mz$n@s.i;m*"><field name="VAR">error</field></block></value></block></value><value name="color"><block type="text" id="w/_4k*1W3O[u5pB{!b.n"><field name="TEXT">rgba(231, 76, 60, 0.93)</field></block></value><value name="alert"><block type="ui_common_blocks__get_component_by_id" id="M:HS7Dg=BUeyg1@Z?RS9" bl_meta="{&quot;label&quot;:&quot;Get component by id&quot;}"><field name="componentUid">'95980ee1806a02128292c7d76666d134'</field></block></value><value name="styleAlert"><block type="ui_common_blocks__get_component_data_style" id="Ye@a8@ip3,TM%]x{pG81" bl_meta="{&quot;label&quot;:&quot;Get component style&quot;}"><field name="componentUid">'95980ee1806a02128292c7d76666d134'</field></block></value><value name="styleAlertText"><block type="ui_common_blocks__get_component_data_style" id="fYzWARQ^0!y1t*prYm$}" bl_meta="{&quot;label&quot;:&quot;Get component style&quot;}"><field name="componentUid">'56af2c373986c15715d6b101723d8d4f'</field></block></value></block></next></block></next></block></statement></block></next></block></next></block></next></block></next></block></next></block></next></block></next></block></next></block></next></block></next></block></next></block></next></block></next></block></next></block></next></block></next></block></statement></block></xml>