<xml xmlns="http://www.w3.org/1999/xhtml"><block type="root_block_ui_builder_button_onDisabledStateAssignment_handler" id="aPWQM(`}W$lDO}$9;H8a" deletable="false" x="20" y="50"><statement name="statements_code"><block type="variables_set" id="Kab$k2P6@6wC7}cZQO3W"><field name="VAR">dataContainer</field><value name="VALUE"><block type="lists_getIndex" id="oAM/Zd_=v/C}M8+kI0fw"><mutation statement="false" at="false"></mutation><field name="MODE">GET</field><field name="WHERE">FIRST</field><value name="VALUE"><block type="ui_common_blocks__get_component_dynamic_list_items" id="bJ!CB5L#mZ1b/5O217Az" bl_meta="{&quot;label&quot;:&quot;Get component repeater data&quot;}"><field name="componentUid">'9f186f89932cdfe880554e43f4f916a1'</field></block></value></block></value><next><block type="controls_if" id="vgd6X,KTFP:Y*VIAQYH*"><value name="IF0"><block type="logic_operation" id="dAne5S235I`jyC;o-qWa" inline="false"><field name="OP">AND</field><value name="A"><block type="get_object_property" id="HE9Z{~%TfV_3iA/hq_1S"><value name="prop_name"><shadow type="text" id="@;zNfp!sRY4483c#{uzq"><field name="TEXT">saveBtnIsClicked</field></shadow></value><value name="object"><block type="root_block_ui_builder_common__context_blocks_pageData" id="v/a*zMNJI[@EN;.l!c$A" bl_meta="{&quot;label&quot;:&quot;Page Data&quot;}"></block></value></block></value><value name="B"><block type="logic_operation" id="]V+0W#:-O,CJiad)Aj~w" inline="false"><field name="OP">OR</field><value name="A"><block type="get_object_property" id="+~-m#f!(c#R-D3bY9Ju-"><value name="prop_name"><shadow type="text" id="_f#26mW2;^Re]q-4yI%F"><field name="TEXT">validationMessageTimeout</field></shadow></value><value name="object"><block type="variables_get" id="zwDi@7e`K/L`oC-[K26h"><field name="VAR">dataContainer</field></block></value></block></value><value name="B"><block type="logic_operation" id="JY3.y*,6B3~LHLxJ/U%|" inline="false"><field name="OP">OR</field><value name="A"><block type="get_object_property" id="GYZXgV)RV,~LiY*yHx|A"><value name="prop_name"><shadow type="text" id="wNrp[+F%D]w@Qk[Gl3Wz"><field name="TEXT">validationMessagePassword</field></shadow></value><value name="object"><block type="variables_get" id="!:)_HC5RE^*rMmI{{0%l"><field name="VAR">dataContainer</field></block></value></block></value><value name="B"><block type="logic_operation" id="t}RRE)!dHg,1q,Y#{RNk" inline="false"><field name="OP">OR</field><value name="A"><block type="get_object_property" id="zuqOEQsV`P{TP_|;1/4E"><value name="prop_name"><shadow type="text" id="6_wO;ZyesiG{hPjhiP`T"><field name="TEXT">validationMessageSendFrom</field></shadow></value><value name="object"><block type="variables_get" id="n:|I7^=D7BHz%3uL#=RX"><field name="VAR">dataContainer</field></block></value></block></value><value name="B"><block type="logic_operation" id="0dCJD6r@Bp%:4G2$a:UD" inline="false"><field name="OP">OR</field><value name="A"><block type="get_object_property" id="gH.mV;cCcbqjWLrP*$:v"><value name="prop_name"><shadow type="text" id="bN|Ea_nh9f!%EJ3CsL^_"><field name="TEXT">validationMessageFromEmail</field></shadow></value><value name="object"><block type="variables_get" id="sj2?wLV5DD+hGwV)jfr="><field name="VAR">dataContainer</field></block></value></block></value><value name="B"><block type="logic_operation" id="exw~rMzq):-5DI{@(#I?" inline="false"><field name="OP">OR</field><value name="A"><block type="get_object_property" id="C7YPFEj-wdQ^fOTJpX]E"><value name="prop_name"><shadow type="text" id=")y!h:;FS;O^1=DBe:y2{"><field name="TEXT">validationMessageSendTimeout</field></shadow></value><value name="object"><block type="variables_get" id="CW[!6I3^aryLuJ1s@jSj"><field name="VAR">dataContainer</field></block></value></block></value><value name="B"><block type="logic_operation" id="C!(qIq=1j8Xbyggr5!95" inline="false"><field name="OP">OR</field><value name="A"><block type="get_object_property" id="]A$.t!D7f}*!I=f]V|h0"><value name="prop_name"><shadow type="text" id="n[9+AC5cr)lF_6xOU+ea"><field name="TEXT">validationMessageSMTPPort</field></shadow></value><value name="object"><block type="variables_get" id="Mf}G+[:,yWjXw:~W76f("><field name="VAR">dataContainer</field></block></value></block></value><value name="B"><block type="logic_operation" id="BOI5oER++M-d6_3~O0eK" inline="false"><field name="OP">OR</field><value name="A"><block type="get_object_property" id="]SX/p4AWvNyA005Tc+QL"><value name="prop_name"><shadow type="text" id="xqb~JoFYIdesK8St:wqe"><field name="TEXT">validationMessageSMTPHost</field></shadow></value><value name="object"><block type="variables_get" id="[N^D)KIeUP;g3RXm5NV%"><field name="VAR">dataContainer</field></block></value></block></value><value name="B"><block type="get_object_property" id="+2w{ZX3F$^5Oo1t3$e)o"><value name="prop_name"><shadow type="text" id="HK?8M1ufBstxI:sMN9{x"><field name="TEXT">validationMessageUserID</field></shadow></value><value name="object"><block type="variables_get" id="}bx|K0[DhKHZjla`2S?6"><field name="VAR">dataContainer</field></block></value></block></value></block></value></block></value></block></value></block></value></block></value></block></value></block></value></block></value><statement name="DO0"><block type="immediate_return" id="%]XANtH^CJu96n%*/#ys"><value name="value"><block type="logic_boolean" id="`YiH?Jw`gEcdDk;h.!Et"><field name="BOOL">TRUE</field></block></value></block></statement></block></next></block></statement><value name="return"><block type="get_object_property" id=")7jW06_D]mDG=QbLD0Je"><value name="prop_name"><shadow type="text" id="u(tm~DxXV;QHN!*~Eo]}"><field name="TEXT">btnSaveDisabled</field></shadow></value><value name="object"><block type="root_block_ui_builder_common__context_blocks_pageData" id="7yy-TU/bIqluF*9Y?4`q" bl_meta="{&quot;label&quot;:&quot;Page Data&quot;}"></block></value></block></value></block></xml>