<xml xmlns="http://www.w3.org/1999/xhtml"><block type="root_block_ui_builder_button_onClick_handler" id="ru~?7*Dl7mRxgNjzD1_C" deletable="false" x="20" y="50"><statement name="statements_code"><block type="variables_set" id="R+C3rW[Lb-6bL4nhbt_`"><field name="VAR">isValid</field><value name="VALUE"><block type="logic_boolean" id="TTZElny$ad]bO;6!m|{a"><field name="BOOL">TRUE</field></block></value><next><block type="controls_forEach" id="x57N1IoY@Qr=Q6yK:,cj"><field name="VAR">item</field><value name="LIST"><block type="ui_common_blocks__get_component_dynamic_list_items" id="*)|}^=/hyT@3S`?JC,6z" bl_meta="{&quot;label&quot;:&quot;Get component repeater data&quot;}"><field name="componentUid">'9f186f89932cdfe880554e43f4f916a1'</field></block></value><statement name="DO"><block type="controls_forEach" id="@f%@Dw@Gv;h|p,C=]_N}"><field name="VAR">descriptionItem</field><value name="LIST"><block type="get_object_property" id="MBM^odoWX3B].SF!Y9m)"><value name="prop_name"><shadow type="text" id="?a]-ch^y{,H+[r{3e7W+"><field name="TEXT">description</field></shadow></value><value name="object"><block type="root_block_ui_builder_common__context_blocks_pageData" id="~8!nx121C~cU2u[=VlxJ" bl_meta="{&quot;label&quot;:&quot;Page Data&quot;}"></block></value></block></value><statement name="DO"><block type="controls_if" id="w`h0H*jpZ?KGri07~lg("><value name="IF0"><block type="get_object_property" id="l]I;+q7eDCouO.yheaI9"><value name="prop_name"><shadow type="text" id="xNAmZmEWPRf]O`v2OXPl"><field name="TEXT">required</field></shadow></value><value name="object"><block type="variables_get" id="J0wD[sqmtQpQucZ;M]{("><field name="VAR">descriptionItem</field></block></value></block></value><statement name="DO0"><block type="controls_if" id="Nt1U4VS5LyUX_2lXn}gH"><value name="IF0"><block type="logic_negate" id="W2Do_Mu=)vW3tiK1yi~4"><value name="BOOL"><block type="get_object_property" id="cYFBkb!WnrNXRP[~]Om3"><value name="prop_name"><shadow type="text" id="M[zFU%JN~7e``od::d]k"><field name="TEXT"></field></shadow><block type="get_object_property" id="fabe:CHc,#QY?VF7,/`S"><value name="prop_name"><shadow type="text" id=")3,@6bNzZOPY(3d0mb/+"><field name="TEXT">name</field></shadow></value><value name="object"><block type="variables_get" id="f9K$/~NmgUzbS/#]AE80"><field name="VAR">descriptionItem</field></block></value></block></value><value name="object"><block type="variables_get" id="gf[dE;_Iuy6Ts9FUf*Uz"><field name="VAR">item</field></block></value></block></value></block></value><statement name="DO0"><block type="variables_set" id="56wEyr~,=lljT8fl4QGI"><field name="VAR">isValid</field><value name="VALUE"><block type="logic_boolean" id="gql16Pz`Jc}Det]o,O!p"><field name="BOOL">FALSE</field></block></value></block></statement></block></statement></block></statement></block></statement><next><block type="controls_if" id="UWh?RVmi6~tc!b._j=,,"><value name="IF0"><block type="logic_negate" id="stG`i:3W3`*iWt.:/srh"><value name="BOOL"><block type="variables_get" id="$LWlI8^|#AOrriSO77kz"><field name="VAR">isValid</field></block></value></block></value><statement name="DO0"><block type="immediate_return" id=";M9F=Qlla|IjXz*dr-PY"></block></statement><next><block type="set_object_property" id="m^pdaI);1~-T?5(=/IJ-"><value name="object"><block type="root_block_ui_builder_common__context_blocks_pageData" id="KB^17*Cu5VB1R-IntY2G" bl_meta="{&quot;label&quot;:&quot;Page Data&quot;}"></block></value><value name="propName"><shadow type="text" id="F/9#6u-)H-QiG*NjfiAP"><field name="TEXT">btnSaveDisabled</field></shadow></value><value name="propValue"><block type="logic_boolean" id="b:p+R=N~V-%$Avy-`hS/"><field name="BOOL">TRUE</field></block></value><next><block type="set_object_property" id="w,ZOGNn0lUSCF[KOoPn~"><value name="object"><block type="root_block_ui_builder_common__context_blocks_pageData" id="$n!Hl_wpR~In8c_%Gra9" bl_meta="{&quot;label&quot;:&quot;Page Data&quot;}"></block></value><value name="propName"><shadow type="text" id="993OUci!eU6/k;|/Bjgs"><field name="TEXT">btnSave</field></shadow></value><value name="propValue"><block type="text" id="Sf}?QHrI0{^A=*%.Aatj"><field name="TEXT">Saving...</field></block></value><next><block type="try_catch" id="GKLTaMCXPKpBjDloliO{"><statement name="try"><block type="text_print" id="kC/k$ANzf%Y8SO:([{Ms"><value name="TEXT"><shadow type="text" id="1;VqYCHfI?a:YB%2|@gh"><field name="TEXT">abc</field></shadow><block type="codeless_function_block_696a14dd8d2f85be7023c2c4441a65a5" id="!PerOCPOLeWl{78#u1ZH" bl_meta="{&quot;fn&quot;:&quot;ProManagerAPI&quot;,&quot;label&quot;:&quot;Custom Function - ProManagerAPI&quot;}"><mutation has_output="true"></mutation><field name="connections_toggler">TRUE</field><value name="method"><block type="text" id="7|p^_tc]D|2Mv+Ji1/jm"><field name="TEXT">put</field></block></value><value name="path"><block type="text" id="C?SaPh/#S!*Le]3jy#(S"><field name="TEXT">/manage/configuration/redis/config?restart=false</field></block></value><value name="body"><block type="ui_common_blocks__get_component_dynamic_list_items" id="017-on#|FpZ.XNJZ_M._" bl_meta="{&quot;label&quot;:&quot;Get component repeater data&quot;}"><field name="componentUid">'9f186f89932cdfe880554e43f4f916a1'</field></block></value></block></value><next><block type="set_object_property" id="D-S6gGQK1;DvT3)(OA_B"><value name="object"><block type="root_block_ui_builder_common__context_blocks_pageData" id="?b_fAAXZU0{Q7hPU/wuC" bl_meta="{&quot;label&quot;:&quot;Page Data&quot;}"></block></value><value name="propName"><shadow type="text" id="PplEIJTctb*I!u0N:Gcf"><field name="TEXT">btnSave</field></shadow></value><value name="propValue"><block type="text" id="`@b/:aAZJqYYNh#=.[-R"><field name="TEXT">Save</field></block></value><next><block type="set_object_property" id="P]sT79HsQpHq1DbOa+x^"><value name="object"><block type="root_block_ui_builder_common__context_blocks_pageData" id="A[jY198+$.H@^{a3{;IU" bl_meta="{&quot;label&quot;:&quot;Page Data&quot;}"></block></value><value name="propName"><shadow type="text" id="6Rn5Tjc,{JzM;ejAXlUB"><field name="TEXT">btnSaveDisabled</field></shadow></value><value name="propValue"><block type="logic_boolean" id="2v^a.f~_W}|jfF`GX$a)"><field name="BOOL">FALSE</field></block></value><next><block type="codeless_function_block_8f16ba2ef5c9c7a7b32d569b3762f6c4" id="kZwR/%YCW%kG{4Gh!MYU" bl_meta="{&quot;fn&quot;:&quot;showMessage&quot;,&quot;label&quot;:&quot;Custom Function - showMessage&quot;}"><mutation has_output="false"></mutation><field name="connections_toggler">FALSE</field><value name="pageData"><block type="root_block_ui_builder_common__context_blocks_pageData" id="mlE31D=,J9^A%fCl=mIb" bl_meta="{&quot;label&quot;:&quot;Page Data&quot;}"></block></value><value name="message"><block type="text" id="808OrkB2FA27m7ZECStV"><field name="TEXT">The data has been saved successfully</field></block></value><value name="color"><block type="text" id="{*Q5-R-tP!QV1+SBfFfX"><field name="TEXT">#fff</field></block></value><value name="alert"><block type="ui_common_blocks__get_component_by_id" id="`6v.J%,JfR||Q8siL$)P" bl_meta="{&quot;label&quot;:&quot;Get component by id&quot;}"><field name="componentUid">'95980ee1806a02128292c7d76666d134'</field></block></value><value name="styleAlert"><block type="ui_common_blocks__get_component_data_style" id="@Sx[GaTW!NER(Vcl?^20" bl_meta="{&quot;label&quot;:&quot;Get component style&quot;}"><field name="componentUid">'95980ee1806a02128292c7d76666d134'</field></block></value><value name="styleAlertText"><block type="ui_common_blocks__get_component_data_style" id="R@gWYv]*B!nLd@8Ge0i8" bl_meta="{&quot;label&quot;:&quot;Get component style&quot;}"><field name="componentUid">'56af2c373986c15715d6b101723d8d4f'</field></block></value></block></next></block></next></block></next></block></statement><statement name="catch"><block type="set_object_property" id="*IEojMdi_%u~L;R#E3uO"><value name="object"><block type="root_block_ui_builder_common__context_blocks_pageData" id="IP+rx{jv]vl=n3|G)g*r" bl_meta="{&quot;label&quot;:&quot;Page Data&quot;}"></block></value><value name="propName"><shadow type="text" id="2)EzG1,BxTc_vhNU7~Ux"><field name="TEXT">btnSave</field></shadow></value><value name="propValue"><block type="text" id="1U?jXDz3]BF]@{b[fD?)"><field name="TEXT">Save</field></block></value><next><block type="set_object_property" id="2L2Up6X)@N*9Fjw;yB^L"><value name="object"><block type="root_block_ui_builder_common__context_blocks_pageData" id="::9?$o|%F_?5cZJ8Zz5`" bl_meta="{&quot;label&quot;:&quot;Page Data&quot;}"></block></value><value name="propName"><shadow type="text" id="LhD|W#obIIDEE47^M#%e"><field name="TEXT">btnSaveDisabled</field></shadow></value><value name="propValue"><block type="logic_boolean" id="b$gOC2fkJ8!1eSco7*J#"><field name="BOOL">FALSE</field></block></value><next><block type="codeless_function_block_8f16ba2ef5c9c7a7b32d569b3762f6c4" id="F)Yjb1dWJ(F8@Ht!Z$A@" bl_meta="{&quot;fn&quot;:&quot;showMessage&quot;,&quot;label&quot;:&quot;Custom Function - showMessage&quot;}"><mutation has_output="false"></mutation><field name="connections_toggler">FALSE</field><value name="pageData"><block type="root_block_ui_builder_common__context_blocks_pageData" id="%9ktSR(Vh=`JEb!g~?Q9" bl_meta="{&quot;label&quot;:&quot;Page Data&quot;}"></block></value><value name="message"><block type="get_object_property" id="[+vj`[vs}Oa^Bj-t-.rV"><value name="prop_name"><shadow type="text" id=")nf,r_[6WiecIWcypLki"><field name="TEXT">message</field></shadow></value><value name="object"><block type="variables_get" id="Huu+U4-D~eq7c]Ae%|Xr"><field name="VAR">error</field></block></value></block></value><value name="color"><block type="text" id="mMf[t06P[w=:n~O}7w1T"><field name="TEXT">#ffa500</field></block></value><value name="alert"><block type="ui_common_blocks__get_component_by_id" id="dq)KwAtH;_F~RO#iYC4y" bl_meta="{&quot;label&quot;:&quot;Get component by id&quot;}"><field name="componentUid">'95980ee1806a02128292c7d76666d134'</field></block></value><value name="styleAlert"><block type="ui_common_blocks__get_component_data_style" id="[T{l_ouu(Rx]~T?*f*fD" bl_meta="{&quot;label&quot;:&quot;Get component style&quot;}"><field name="componentUid">'95980ee1806a02128292c7d76666d134'</field></block></value><value name="styleAlertText"><block type="ui_common_blocks__get_component_data_style" id="M-KAF]!}0]pkHm*@DOUl" bl_meta="{&quot;label&quot;:&quot;Get component style&quot;}"><field name="componentUid">'56af2c373986c15715d6b101723d8d4f'</field></block></value></block></next></block></next></block></statement></block></next></block></next></block></next></block></next></block></next></block></statement></block></xml>