<xml xmlns="http://www.w3.org/1999/xhtml"><block type="root_block_ui_builder_text_onContentAssignment_handler" id="9Fn}E+c5$(;U02w{U/z4" deletable="false" x="131" y="150"><statement name="statements_code"><block type="text_print" id="S-_lL.Frl0j(2BT!{,Kx"><value name="TEXT"><shadow type="text" id="!N@*/$D;Mu8~BKxLNf|6"><field name="TEXT">abc</field></shadow><block type="get_object_property" id="WZ+y@}Kz|DQ-i[HeYQ+$"><value name="prop_name"><shadow type="text" id="Tj7j$#Vb,F#OQ?KhTs{R"><field name="TEXT"></field></shadow><block type="text" id="dO5E_0mK!puiNbU{-](,"><field name="TEXT">serviceName</field></block></value><value name="object"><block type="root_block_ui_builder_common__context_blocks_pageData" id="o,6kR8I~A54qns|Z~?}3"></block></value></block></value></block></statement><value name="return"><block type="get_object_property" id="?cT/x~0OwdA8i_*TNSBr"><value name="prop_name"><shadow type="text" id="Tj7j$#Vb,F#OQ?KhTs{R"><field name="TEXT"></field></shadow><block type="text" id="AyN=liZf|bFjFC+3ng4j"><field name="TEXT">serviceName</field></block></value><value name="object"><block type="root_block_ui_builder_common__context_blocks_pageData" id="^,GiWB=ViY1TP2l3F?Ls"></block></value></block></value></block></xml>