<xml xmlns="http://www.w3.org/1999/xhtml"><block type="root_block_ui_builder_text_onClassListAssignment_handler" id="7%%ks-Jk}oFmf4=G[(6m" deletable="false" x="20" y="50"><statement name="statements_code"><block type="variables_set" id="7[?fmI300/ft+|Nv%6$`"><field name="VAR">classList</field><value name="VALUE"><block type="lists_create_with" id="zNgK|x^iqlYHF{)6wxMP"><mutation items="1"></mutation><value name="ADD0"><block type="text" id=".+AUf3#oBEgG:a/`!zqz"><field name="TEXT">ServerStatus__StartAllBtn</field></block></value></block></value><next><block type="controls_if" id="[KY5NWu=.BLCdn%WZGTj"><value name="IF0"><block type="get_object_property" id="ipPOlXLB~Dkfw8IM[Mj?"><value name="prop_name"><shadow type="text" id="R`-4QiEM5^fowY-.C;(K"><field name="TEXT">groupActionList</field></shadow></value><value name="object"><block type="root_block_ui_builder_common__context_blocks_pageData" id="-n0C4AoapWaMTXSTA^Ph"></block></value></block></value><statement name="DO0"><block type="controls_if" id="2|#%!b}`a_)IMUWW(x9."><value name="IF0"><block type="logic_compare" id="DHC}y(=3Ae_rI`HbQ!2h"><field name="OP">NEQ</field><value name="A"><block type="lists_length" id=":O_x?}8^z~pBz@96f!i#"><value name="VALUE"><block type="get_object_property" id="#k)B_`?+l#w2`R{$,ZRf"><value name="prop_name"><shadow type="text" id="v{Q-6bD0)n=+QIi#)}MO"><field name="TEXT">groupActionList</field></shadow></value><value name="object"><block type="root_block_ui_builder_common__context_blocks_pageData" id="8il{!]a3Mf?%UskOCf^k"></block></value></block></value></block></value><value name="B"><block type="math_number" id="beA,lO.i8M!~|USgaj+E"><field name="NUM">0</field></block></value></block></value><statement name="DO0"><block type="variables_set" id="d]B8W;E44YLBsy*.+nx;"><field name="VAR">classList</field><value name="VALUE"><block type="lists_create_with" id="M1nt~-~6]!1BN:jx+I6P"><mutation items="2"></mutation><value name="ADD0"><block type="text" id="ZSL[Am{s%_:Tzsxn5x6Q"><field name="TEXT">ServerStatus__StartAllBtn</field></block></value><value name="ADD1"><block type="text" id="_|^Ar8~:5C$D}u_uH8;?"><field name="TEXT">ServerStatus__StartAllBtn--active</field></block></value></block></value></block></statement></block></statement></block></next></block></statement><value name="return"><block type="variables_get" id=":PH((,%s[qeFJQQk8*LP"><field name="VAR">classList</field></block></value></block></xml>