<xml xmlns="http://www.w3.org/1999/xhtml"><block type="root_block_ui_builder_block_onMounted_handler" id="CUHy6_GluTN[3[)]6D-`" deletable="false" x="20" y="50"><statement name="statements_code"><block type="set_object_property" id="{Fn:1?%s];6/c@mQ)vtc"><value name="object"><block type="root_block_ui_builder_common__context_blocks_8df5e86e263721a17d2eb9a2f1451d2c_data" id="rO.)X@^FOR(n_zWAxG3$" bl_meta="{&quot;label&quot;:&quot;\&quot;data container\&quot; Repeater Data Item&quot;,&quot;dynamicListId&quot;:&quot;9f186f89932cdfe880554e43f4f916a1&quot;}"></block></value><value name="propName"><shadow type="text" id="op,/I{FG{7OgNay|HwPS"><field name="TEXT">Password</field></shadow></value><value name="propValue"><block type="text" id="Z8`7Pq=S5*dUtSIKSERN"><field name="TEXT"></field></block></value></block></statement></block></xml>