<xml xmlns="http://www.w3.org/1999/xhtml"><block type="root_block_ui_builder_text_onContentAssignment_handler" id="rT$){HOhlXY%LG3r_Ro-" deletable="false" x="20" y="50"><statement name="statements_code"><block type="controls_if" id="pvYIIE0OM?U{sNjUW$Ez" disabled="true"><value name="IF0"><block type="logic_compare" id="w$HDj+8!ZcLe]^7KE$hy"><field name="OP">NEQ</field><value name="A"><block type="get_object_property" id="^UdJ3xL_h:ob^Io`aW0#"><value name="prop_name"><shadow type="text" id="XAyfL#{}CMfoJYtTcfkr"><field name="TEXT">serviceName</field></shadow></value><value name="object"><block type="root_block_ui_builder_common__context_blocks_pageData" id="M]+Aw{~Lx9zi9Qe*CeQS" bl_meta="{&quot;label&quot;:&quot;Page Data&quot;}"></block></value></block></value><value name="B"><block type="get_object_property" id="u$i_1]g600BX*Hg8y2fo"><value name="prop_name"><shadow type="text" id="D|VPa8OgH,exX^bgkB*="><field name="TEXT">oldServiceName</field></shadow></value><value name="object"><block type="root_block_ui_builder_common__context_blocks_pageData" id="woB6cDWY{W;,-]E3E6};" bl_meta="{&quot;label&quot;:&quot;Page Data&quot;}"></block></value></block></value></block></value><statement name="DO0"><block type="set_object_property" id="ME_;WmcIz;$x)06@5dbQ"><value name="object"><block type="root_block_ui_builder_common__context_blocks_pageData" id=",wbGJ],8BR(t?mq|8cn#" bl_meta="{&quot;label&quot;:&quot;Page Data&quot;}"></block></value><value name="propName"><shadow type="text" id="N0rEjvg=D:ay{MZ{sY.9"><field name="TEXT">oldServiceName</field></shadow></value><value name="propValue"><block type="get_object_property" id="oFO1|YXa7atDB/ix5@}["><value name="prop_name"><shadow type="text" id="Vu(YFea/DRZ_R=r53yR["><field name="TEXT">serviceName</field></shadow></value><value name="object"><block type="root_block_ui_builder_common__context_blocks_pageData" id="jhs8qQ];yR%;qsfp6L}R" bl_meta="{&quot;label&quot;:&quot;Page Data&quot;}"></block></value></block></value><next><block type="custom_js_code" id="!S0{#y0+y(on~G*{:^.X"><mutation output="false"><arg arg-name="serviceName"></arg><code>"\nconst output = document.querySelector ('.ServerLogs__ContentLogs');\n\nwhile (output.firstChild) {\n    output.removeChild(output.firstChild);\n}\n\nconst io = await BackendlessUI.requireModule('https://cdn.jsdelivr.net/npm/socket.io-client@4.4.0/dist/socket.io.min.js');\n\nconst socket = io.connect('http://localhost:5051', { transports : ['websocket'] });\n\n\n  socket.on (`${serviceName}-logs`, function (data) {\n    let outputItem = document.createElement ('span');\n    outputItem.innerHTML = data;\n    output.append (outputItem);\n    // console.log(socket.connected);\n  });\n        \n  socket.emit ('service-logs:subscribe', {\n    \"serviceName\":`${serviceName}`,\n    \"channelName\": `${serviceName}-logs`\n  });\n  \n  setTimeout ( () =&gt; {\n    \n    socket.emit ('service-logs:unsubscribe', {\n    \"serviceName\":`${serviceName}`,\n    \"channelName\":`${serviceName}-logs`\n    });\n    socket.disconnect();\n    \n  },500 )\n  \n  \n  \n  \n\n  \n  "</code></mutation><field name="name">getSocketIoData</field><value name="serviceName"><block type="get_object_property" id="W}.*T#3/]a^`2p12M2!~"><value name="prop_name"><shadow type="text" id="Dz@O4n@LBy@jF`YY8P|J"><field name="TEXT">serviceName</field></shadow></value><value name="object"><block type="root_block_ui_builder_common__context_blocks_pageData" id="aW}W:sz4P!o;Sr_Em-%Y" bl_meta="{&quot;label&quot;:&quot;Page Data&quot;}"></block></value></block></value></block></next></block></statement></block></statement><value name="return"><block type="text" id="s%);a`Ty=e:,en+KDx_k"><field name="TEXT">Logs</field></block></value></block></xml>