<xml xmlns="http://www.w3.org/1999/xhtml"><block type="root_block_ui_builder_text_onClassListAssignment_handler" id="2$}My%A)wy4jDP.XJnWk" deletable="false" x="20" y="50"><statement name="statements_code"><block type="variables_set" id="`ZT2(R/4POzw@#PB,nta"><field name="VAR">classList</field><value name="VALUE"><block type="lists_create_with" id="Z(d/smg8(eukhkDNCd_B"><mutation items="1"></mutation><value name="ADD0"><block type="text" id="Ka!_Px~|%|Ny(vVGzLUx"><field name="TEXT">ServerStatus__StopAllBtn</field></block></value></block></value><next><block type="controls_forEach" id="wb/c[U=q4D}%s;M(q@UT" disabled="true"><field name="VAR">item</field><value name="LIST"><block type="get_object_property" id="38^H1=Xnjj-djG}*X_{z"><value name="prop_name"><shadow type="text" id="g:nla,ArTalts$%BJqfK"><field name="TEXT">groupActionList</field></shadow></value><value name="object"><block type="root_block_ui_builder_common__context_blocks_pageData" id="iVG+IFnTM.Jh4MhtKd6^"></block></value></block></value><statement name="DO"><block type="controls_if" id="DTCHk;tycc]uXL)1z@I["><value name="IF0"><block type="logic_operation" id="tWkFb+I%N;nhkF5z!%k+"><field name="OP">OR</field><value name="A"><block type="logic_compare" id="AR^rNx;,+N(MaCJDdMX#"><field name="OP">EQ</field><value name="A"><block type="get_object_property" id="[!dz}dmgz=5o*T{S$k;8" inline="false"><value name="prop_name"><shadow type="text" id="Wa+b4!gjZQds;#]i{ov+"><field name="TEXT">status</field></shadow></value><value name="object"><block type="variables_get" id="2g-B%AO:k^)=s!J40w{G"><field name="VAR">item</field></block></value></block></value><value name="B"><block type="text" id="UZ%v,!G;LebkLAIl.oP,"><field name="TEXT">running</field></block></value></block></value><value name="B"><block type="logic_compare" id="wc7W)%)vl47u~J}.l:Lj"><field name="OP">EQ</field><value name="A"><block type="get_object_property" id="~qZUwM+Y-yQ6dL#!K`cn" inline="false"><value name="prop_name"><shadow type="text" id="6lMLn;Refu!U7#G*b3F}"><field name="TEXT">status</field></shadow></value><value name="object"><block type="variables_get" id="*{{N$).3m*ZOj5KWG1|3"><field name="VAR">item</field></block></value></block></value><value name="B"><block type="text" id="nV~#-X~|?H(Z/-uW1=-T"><field name="TEXT">changing</field></block></value></block></value></block></value><statement name="DO0"><block type="variables_set" id="K#[!FJ2qO~UtXM,y}P6Q"><field name="VAR">classList</field><value name="VALUE"><block type="lists_create_with" id="f8;5#5HB32NiKt~MAD3g"><mutation items="2"></mutation><value name="ADD0"><block type="text" id="jrn@pWbY:7E(J#1Bikx9"><field name="TEXT">ServerStatus__StopAllBtn bl-text</field></block></value><value name="ADD1"><block type="text" id="Jg]RW/tw?22{^pLi#9VY"><field name="TEXT">ServerStatus__StopAllBtn--active</field></block></value></block></value></block></statement></block></statement><next><block type="controls_if" id="2|#%!b}`a_)IMUWW(x9."><value name="IF0"><block type="logic_compare" id="DHC}y(=3Ae_rI`HbQ!2h"><field name="OP">NEQ</field><value name="A"><block type="lists_length" id=":O_x?}8^z~pBz@96f!i#"><value name="VALUE"><block type="get_object_property" id="#k)B_`?+l#w2`R{$,ZRf"><value name="prop_name"><shadow type="text" id="v{Q-6bD0)n=+QIi#)}MO"><field name="TEXT">groupActionList</field></shadow></value><value name="object"><block type="root_block_ui_builder_common__context_blocks_pageData" id="8il{!]a3Mf?%UskOCf^k"></block></value></block></value></block></value><value name="B"><block type="math_number" id="beA,lO.i8M!~|USgaj+E"><field name="NUM">0</field></block></value></block></value><statement name="DO0"><block type="variables_set" id="Eru9}B3FsQy%7#3$|]Uu"><field name="VAR">classList</field><value name="VALUE"><block type="lists_create_with" id="$Cba*Y.o*G|a%rVvI,DT"><mutation items="2"></mutation><value name="ADD0"><block type="text" id="*=9??HcM6_vK;VW2L:2p"><field name="TEXT">ServerStatus__StopAllBtn bl-text</field></block></value><value name="ADD1"><block type="text" id="I6SY!,itm`lbFunL-uri"><field name="TEXT">ServerStatus__StopAllBtn--active</field></block></value></block></value></block></statement></block></next></block></next></block></statement><value name="return"><block type="variables_get" id="a(zClADtXoVva7ZX+gTY"><field name="VAR">classList</field></block></value></block></xml>