<xml xmlns="http://www.w3.org/1999/xhtml"><block type="root_block_ui_builder_block_onClassListAssignment_handler" id="MYbI8_lB/K-,~z](A)2]" deletable="false" x="20" y="50"><statement name="statements_code"><block type="variables_set" id="oX.*P7q_nzCrXt8IKA+P"><field name="VAR">classList</field><value name="VALUE"><block type="lists_create_with" id="~Yvt$3q}rK^Z3qxACq[$"><mutation items="1"></mutation><value name="ADD0"><block type="text" id="7:DD440qW5-.T:!/A7-u"><field name="TEXT">aside__TabContentItem</field></block></value></block></value><next><block type="controls_if" id="G!}Ut/_R]1@]Ga|@rBDK"><value name="IF0"><block type="logic_compare" id="VHKE#`-ry|9$P41Ha~d3"><field name="OP">EQ</field><value name="A"><block type="get_object_property" id="A2s2WS5gG`(IZi4qVfLJ" inline="false"><value name="prop_name"><shadow type="text" id="2xrf,#l%Cs8eW,,J@pVo"><field name="TEXT">jobName</field></shadow></value><value name="object"><block type="root_block_ui_builder_common__context_blocks_17ba156b5b49eae93175d437c9e8c1c2_data" id="Y]FV;F6S?Am/!2HuF#hd" bl_meta="{&quot;label&quot;:&quot;aside ContentItemContainerUpgrade Item Data&quot;,&quot;dynamicListId&quot;:&quot;3d81f4e11ffb3b99c18f1b83c9cfa36d&quot;}"></block></value></block></value><value name="B"><block type="get_object_property" id="{ufWcLP}w9@rfAccCBht" inline="false"><value name="prop_name"><shadow type="text" id="G*[N^mN!JF-1KJFo%Ko("><field name="TEXT">jobName</field></shadow></value><value name="object"><block type="root_block_ui_builder_common__context_blocks_pageData" id="%pZlo}={O_}-5A{@(.dg" bl_meta="{&quot;label&quot;:&quot;Page Data&quot;}"></block></value></block></value></block></value><statement name="DO0"><block type="variables_set" id="Oa%Z%WBK{/D[PcEEm#d,"><field name="VAR">classList</field><value name="VALUE"><block type="lists_create_with" id="MRvx68s3tAQpcX#mmNIs"><mutation items="2"></mutation><value name="ADD0"><block type="text" id="~53=pAbi+qcC4#sM)b[{"><field name="TEXT">aside__TabContentItem</field></block></value><value name="ADD1"><block type="text" id="Wl2AHcO*2N60~,xEd$[9"><field name="TEXT">aside__TabContentItem--active</field></block></value></block></value></block></statement></block></next></block></statement><value name="return"><block type="variables_get" id="KGXk`Ev7ZOA2wD:78mb~"><field name="VAR">classList</field></block></value></block></xml>