<xml xmlns="http://www.w3.org/1999/xhtml"><block type="root_block_ui_builder_block_onClassListAssignment_handler" id="4gtI-#Emimgt.q.p9[qp" deletable="false" x="-40" y="35"><statement name="statements_code"><block type="variables_set" id="r?,lrA)1;YR2SFxsfHGd"><field name="VAR">classList</field><value name="VALUE"><block type="lists_create_with" id="7|QVI%t(/$r$*LVf!Q{V"><mutation items="1"></mutation><value name="ADD0"><block type="text" id="_z:45pYD3s5ZZq/I*cB}"><field name="TEXT">aside__TabContentItem</field></block></value></block></value><next><block type="controls_if" id="_=v/FS;Y}{:ZOoI~nN8X"><value name="IF0"><block type="logic_compare" id="v3_5(2iH~lkrl%pAKW*m"><field name="OP">EQ</field><value name="A"><block type="get_object_property" id="7LpPOm,O%pFHQrn,j[pQ"><value name="prop_name"><shadow type="text" id="EZH[Yjk^+1IJbm}!oZTd"><field name="TEXT">pageConfiguration</field></shadow></value><value name="object"><block type="root_block_ui_builder_common__context_blocks_pageData" id=";oa4oqe$XpN1tcGrn/-x" bl_meta="{&quot;label&quot;:&quot;Page Data&quot;}"></block></value></block></value><value name="B"><block type="text" id="vU$?akw0}ojw*NH2lIgA"><field name="TEXT">domainsGeneral</field></block></value></block></value><statement name="DO0"><block type="variables_set" id="R2g;3XxHn3}yWvX9-nNS"><field name="VAR">classList</field><value name="VALUE"><block type="lists_create_with" id="qy2CJsJ6[bb$ozYQDk$;"><mutation items="2"></mutation><value name="ADD0"><block type="text" id="_Hx//EFw:Pduj1.+mUbn"><field name="TEXT">aside__TabContentItem</field></block></value><value name="ADD1"><block type="text" id="=mb{?61JIe!T}OC,p9qQ"><field name="TEXT">aside__TabContentItem--active</field></block></value></block></value></block></statement></block></next></block></statement><value name="return"><block type="variables_get" id="n5~x}%cZ0guv)!]3#JFS"><field name="VAR">classList</field></block></value></block></xml>