<xml xmlns="http://www.w3.org/1999/xhtml"><block type="root_block_ui_builder_block_onClick_handler" id="U#aDW;/[*RmI~uFE:!5c" deletable="false" x="20" y="50"><statement name="statements_code"><block type="controls_if" id="gxTnu;z=z(LEqmBA0Y`V"><value name="IF0"><block type="logic_compare" id="o{7,Q66Pt[XNw=xz4kM_"><field name="OP">NEQ</field><value name="A"><block type="get_object_property" id="~_DV+-^mwQ`0}BLH6KZ!"><value name="prop_name"><shadow type="text" id="m=35wpevL$FXT!KOp?o#"><field name="TEXT">pageConfiguration</field></shadow></value><value name="object"><block type="root_block_ui_builder_common__context_blocks_pageData" id="^+jn*/3b:FJEYzIspB|$" bl_meta="{&quot;label&quot;:&quot;Page Data&quot;}"></block></value></block></value><value name="B"><block type="text" id="@Y8xNQHy^Zv[XgT]+!NN"><field name="TEXT">domainsGeneral</field></block></value></block></value><statement name="DO0"><block type="ui_dynamic_category__app-router__goto_page" id="k7PE;(+K1H|]NYLj_Xi+" bl_meta="{&quot;label&quot;:&quot;Dynamic Block: Go To Page&quot;}"><value name="pageName"><shadow type="text" id="V0_;=fm1Pa6eQ{vk9hq("><field name="TEXT">domainsGeneral</field></shadow></value><value name="pageData"><block type="create_object" id="`Y+!Swb)-,!fg^eqy5@W"><mutation><properties><item id="property" prop-name="pageConfiguration"></item></properties></mutation><value name="create_object_mutator_container_properties_stack_property0"><block type="text" id="T2#J6tjGc6Vzx)z(M6#)"><field name="TEXT">domainsGeneral</field></block></value></block></value></block></statement></block></statement></block></xml>