<xml xmlns="http://www.w3.org/1999/xhtml"><block type="root_block_ui_builder_button_onClick_handler" id="*ZWc5j~TXtH/bx?{~~H_" deletable="false" x="20" y="50"><statement name="statements_code"><block type="set_object_property" id="Y1-$s58;/fo|VX,a=@;H"><value name="object"><block type="ui_common_blocks__get_component_data_style" id="zBpt/gU-Z9Z!crP3ueSY" bl_meta="{&quot;label&quot;:&quot;Get component style&quot;}"><field name="componentUid">'bff4d8ac579f78a648132998464e4919'</field></block></value><value name="propName"><shadow type="text" id="4@7-+*euh_x*RxNcVlGM"><field name="TEXT">visibility</field></shadow></value><value name="propValue"><block type="text" id="Y-Q}I@uIJE1InLM:G0C]"><field name="TEXT">hidden</field></block></value><next><block type="set_object_property" id="=1r1JFi)DwANU0A11`W8"><value name="object"><block type="ui_common_blocks__get_component_data_style" id="ML-A~/{?N}rH/dmPt49Q" bl_meta="{&quot;label&quot;:&quot;Get component style&quot;}"><field name="componentUid">'bff4d8ac579f78a648132998464e4919'</field></block></value><value name="propName"><shadow type="text" id="oK+uPj`gq=*007;ES?,{"><field name="TEXT">opacity</field></shadow></value><value name="propValue"><block type="math_number" id="Rao/U%Ec`%G}tM:GuIdd"><field name="NUM">0</field></block></value></block></next></block></statement></block></xml>