<xml xmlns="http://www.w3.org/1999/xhtml"><block type="root_block_ui_builder_icon_onClick_handler" id="BFpL~RGF0B(77Z$%2lCK" deletable="false" x="20" y="50"><statement name="statements_code"><block type="controls_if" id="iN;yiKo~;Hw1HvzQii0."><mutation else="1"></mutation><value name="IF0"><block type="logic_compare" id="K:33e6R@O|Q`_Wx0n/kq"><field name="OP">NEQ</field><value name="A"><block type="get_object_property" id="Aq!I1PlK_jfb+,qzTW;/"><value name="prop_name"><shadow type="text" id="FneZcYSZa2o)[+N]j`f?"><field name="TEXT">left</field></shadow></value><value name="object"><block type="dynamic_context_blocks__get_component_data_style" id="+%%Eo}XJ*$41y`;`jkr5"><field name="componentUid">62182e6e6db9aecf974c9c65dfaea369</field></block></value></block></value><value name="B"><block type="text" id="3NEEn|yq`Va`;`qd__eX"><field name="TEXT">0px</field></block></value></block></value><statement name="DO0"><block type="set_object_property" id="PQVaP=0.3VEjsD*c,ajf"><value name="object"><block type="dynamic_context_blocks__get_component_data_style" id="Qtetbciop_5^g%1}}R`p"><field name="componentUid">62182e6e6db9aecf974c9c65dfaea369</field></block></value><value name="propName"><shadow type="text" id=",#=qGU|2:i:TpTn%5Vac"><field name="TEXT">left</field></shadow></value><value name="propValue"><block type="text_join" id="QSMB=UhQyG.{:sjcDMj}"><mutation items="2"></mutation><value name="ADD0"><block type="math_number" id="E8mFL?|`Y@!mgcDcTSqs"><field name="NUM">0</field></block></value><value name="ADD1"><block type="text" id="cIBz{XkTgzkRKEc`!_~H"><field name="TEXT">px</field></block></value></block></value></block></statement><statement name="ELSE"><block type="set_object_property" id="=|4Em(WR~mWCFj~%*X.e"><value name="object"><block type="dynamic_context_blocks__get_component_data_style" id="t[_RC)%QREsl.2!Y;~MY"><field name="componentUid">62182e6e6db9aecf974c9c65dfaea369</field></block></value><value name="propName"><shadow type="text" id="yxT_YC#$STvyd%3]*By,"><field name="TEXT">left</field></shadow></value><value name="propValue"><block type="text_join" id="$,bpwFDBuRDGqwjsJS9d"><mutation items="2"></mutation><value name="ADD0"><block type="math_number" id="QQ7~2vl=?Gy=^%y{^v3S"><field name="NUM">-260</field></block></value><value name="ADD1"><block type="text" id="niJLg.H,]idmmWoco|fF"><field name="TEXT">px</field></block></value></block></value></block></statement></block></statement></block></xml>