<xml xmlns="http://www.w3.org/1999/xhtml"><block type="root_block_ui_builder_input_onChange_handler" id="C*7jLLYNmY_su0#40dj}" deletable="false" x="20" y="50"><statement name="statements_code"><block type="set_object_property" id="pBTIE4Q]W3fUY)V//e9F"><value name="object"><block type="root_block_ui_builder_common__context_blocks_8df5e86e263721a17d2eb9a2f1451d2c_data" id=".j^^v^=(lW=rCwlhPNmA" bl_meta="{&quot;label&quot;:&quot;\&quot;data container\&quot; Repeater Data Item&quot;,&quot;dynamicListId&quot;:&quot;9f186f89932cdfe880554e43f4f916a1&quot;}"></block></value><value name="propName"><shadow type="text" id="}2iSLKaLN5:NG}FYytey"><field name="TEXT">validationMessagePassword</field></shadow></value><value name="propValue"><block type="logic_boolean" id="6mC6(MEtt?-BubwB_;Zj"><field name="BOOL">TRUE</field></block></value><next><block type="controls_if" id="6bPY^n:.LBZ*mr)|-(9?"><value name="IF0"><block type="get_object_property" id="LOum:m7ptmm^1-x]U+rK"><value name="prop_name"><shadow type="text" id="5=HVt/O..k3m|wJxiSs)"><field name="TEXT"></field></shadow><block type="text" id="PB/ccXb9wb;Wkmrjg|],"><field name="TEXT">Password</field></block></value><value name="object"><block type="root_block_ui_builder_common__context_blocks_8df5e86e263721a17d2eb9a2f1451d2c_data" id="Iw`by{uE?%6YD+[s+Q|@" bl_meta="{&quot;label&quot;:&quot;\&quot;data container\&quot; Repeater Data Item&quot;,&quot;dynamicListId&quot;:&quot;9f186f89932cdfe880554e43f4f916a1&quot;}"></block></value></block></value><statement name="DO0"><block type="controls_if" id="w%b[-vQs|MAXRKfeYUuy"><value name="IF0"><block type="logic_compare" id="e+kwjB8sgUzmncI/pM,4"><field name="OP">GT</field><value name="A"><block type="lists_length" id="F5blBF$1fSNwq6r,s89k"><value name="VALUE"><block type="root_block_ui_builder_input_onChange_handler_context_blocks_value" id="8UZ#2s|Xie0-yL;#q,N_" bl_meta="{&quot;label&quot;:&quot;Changed Value&quot;}"></block></value></block></value><value name="B"><block type="math_number" id="}A[m1:U?ZmuID-~.XvIQ"><field name="NUM">0</field></block></value></block></value><statement name="DO0"><block type="set_object_property" id="SRR^^Pz{1E;Oyr(fdh6^"><value name="object"><block type="root_block_ui_builder_common__context_blocks_8df5e86e263721a17d2eb9a2f1451d2c_data" id="9mItPDgIw$S@JdO}1jPW" bl_meta="{&quot;label&quot;:&quot;\&quot;data container\&quot; Repeater Data Item&quot;,&quot;dynamicListId&quot;:&quot;9f186f89932cdfe880554e43f4f916a1&quot;}"></block></value><value name="propName"><shadow type="text" id="9v%YVv|;@8Qr|bR^}A;)"><field name="TEXT">validationMessagePassword</field></shadow></value><value name="propValue"><block type="logic_boolean" id="~cn7C70~zwiUUcpX*8#R"><field name="BOOL">FALSE</field></block></value></block></statement></block></statement></block></next></block></statement></block></xml>