<xml xmlns="http://www.w3.org/1999/xhtml"><block type="root_block_ui_builder_input_onChange_handler" id="=M5WbV1`qd]!m;VzH?}H" deletable="false" x="20" y="50"><statement name="statements_code"><block type="set_object_property" id="@/4omd3FbV#?7{AfqHc*"><value name="object"><block type="root_block_ui_builder_common__context_blocks_pageData" id="e]T6o.9/$`[*f=qUq5N9" bl_meta="{&quot;label&quot;:&quot;Page Data&quot;}"></block></value><value name="propName"><shadow type="text" id="k[k/CCEWQKm0b.H:|0wS"><field name="TEXT">removePro</field></shadow></value><value name="propValue"><block type="root_block_ui_builder_input_onChange_handler_context_blocks_value" id="kr5,Bup(UV!MYC!-a3(N" bl_meta="{&quot;label&quot;:&quot;Changed Value&quot;}"></block></value><next><block type="controls_if" id="U?XUQ2=m+*RQ))GxZa0L"><mutation else="1"></mutation><value name="IF0"><block type="logic_compare" id="BEon??R9U^#];_)Q(B5f" inline="false"><field name="OP">EQ</field><value name="A"><block type="get_object_property" id="?KX(@u)M2DUSV@aFZ+8b"><value name="prop_name"><shadow type="text" id="s*^`D?SF~(`z;k*6_%Y2"><field name="TEXT">removePro</field></shadow></value><value name="object"><block type="root_block_ui_builder_common__context_blocks_pageData" id="9XAa4Q7sqUmG~)ZU4S%F" bl_meta="{&quot;label&quot;:&quot;Page Data&quot;}"></block></value></block></value><value name="B"><block type="text" id="D,NFM~_a3_*{*{vc{}!N"><field name="TEXT">Remove Backendless Pro</field></block></value></block></value><statement name="DO0"><block type="set_object_property" id="kRxs/uS{(x1/t+-%Lgg%"><value name="object"><block type="root_block_ui_builder_common__context_blocks_pageData" id="Tet[bZtFW+~s(%ZV9*HD" bl_meta="{&quot;label&quot;:&quot;Page Data&quot;}"></block></value><value name="propName"><shadow type="text" id="ZOSNyd8T1}Lz*2,D.SI3"><field name="TEXT">btnRemoveDisabled</field></shadow></value><value name="propValue"><block type="logic_boolean" id="|.bgVcn_4VHY-EodFU?y"><field name="BOOL">FALSE</field></block></value></block></statement><statement name="ELSE"><block type="set_object_property" id="D/3bf;uYC{N!5z5E=$bu"><value name="object"><block type="root_block_ui_builder_common__context_blocks_pageData" id="a(~Gf?|:[-^]8~t#v1iU" bl_meta="{&quot;label&quot;:&quot;Page Data&quot;}"></block></value><value name="propName"><shadow type="text" id=")BGou`cK%/E=yl,160Kr"><field name="TEXT">btnRemoveDisabled</field></shadow></value><value name="propValue"><block type="logic_boolean" id="f1]3U?.QqnUxuT0E1+`m"><field name="BOOL">TRUE</field></block></value></block></statement></block></next></block></statement></block></xml>