<xml xmlns="http://www.w3.org/1999/xhtml"><block type="root_block_ui_builder_button_onClick_handler" id="?$g(%o1~6L9c|t^E(:8K" deletable="false" x="20" y="50"><statement name="statements_code"><block type="set_object_property" id="km1S4sz)wGsg7X|3zzr?"><value name="object"><block type="ui_common_blocks__get_component_data_store" id="FTs|E5@q+;[^2fZ=^R:x" bl_meta="{&quot;label&quot;:&quot;Get component data store&quot;}"><field name="componentUid">'b4398d5c0048d80587b9664d8f5eac11'</field></block></value><value name="propName"><shadow type="text" id="*{k0F!`(]8TcgW`mhz!}"><field name="TEXT">modalTitle</field></shadow></value><value name="propValue"><block type="text" id="VgBeqiq8e[Jox]#*X~Ck"><field name="TEXT">Set password</field></block></value><next><block type="set_object_property" id="MRg{0PKjJDq=RTcGbNpp"><value name="object"><block type="ui_common_blocks__get_component_data_store" id="CZveSTkL1.^nJ|a)|(vF" bl_meta="{&quot;label&quot;:&quot;Get component data store&quot;}"><field name="componentUid">'b4398d5c0048d80587b9664d8f5eac11'</field></block></value><value name="propName"><shadow type="text" id="j{xFC7O^~_Yd+cMYX.^]"><field name="TEXT">userName</field></shadow></value><value name="propValue"><block type="get_object_property" id="xhqaX||zC[(~=?kaPS6B" inline="false"><value name="prop_name"><shadow type="text" id="z07Ud-4@JH~i@`N=`i=~"><field name="TEXT">login</field></shadow></value><value name="object"><block type="root_block_ui_builder_common__context_blocks_8df5e86e263721a17d2eb9a2f1451d2c_data" id="vEwQ!U`WB|]iod+OElIU" bl_meta="{&quot;label&quot;:&quot;\&quot;management container\&quot; Repeater Data Item&quot;,&quot;dynamicListId&quot;:&quot;9f186f89932cdfe880554e43f4f916a1&quot;}"></block></value></block></value><next><block type="set_object_property" id="W|3dcT^#S7K[x7ZHoD~R"><value name="object"><block type="ui_common_blocks__get_component_data_store" id="CS;Cj:CJ#9DW.uQ;{dH1" bl_meta="{&quot;label&quot;:&quot;Get component data store&quot;}"><field name="componentUid">'b4398d5c0048d80587b9664d8f5eac11'</field></block></value><value name="propName"><shadow type="text" id="|TlxSd@;ZqNFlC#k?W~u"><field name="TEXT">userId</field></shadow></value><value name="propValue"><block type="get_object_property" id="NUNyO.NSTem|HOc_fE,O"><value name="prop_name"><shadow type="text" id=":ovIHjmBr4:(/cJ!FFps"><field name="TEXT">id</field></shadow></value><value name="object"><block type="root_block_ui_builder_common__context_blocks_8df5e86e263721a17d2eb9a2f1451d2c_data" id="iw9gl~6`2}vHqva{+R9(" bl_meta="{&quot;label&quot;:&quot;\&quot;management container\&quot; Repeater Data Item&quot;,&quot;dynamicListId&quot;:&quot;9f186f89932cdfe880554e43f4f916a1&quot;}"></block></value></block></value><next><block type="set_object_property" id="gb+y1v?z^WCrL.fGPLO:"><value name="object"><block type="ui_common_blocks__get_component_data_store" id="$nr{eX+DV:F4q.gdsB_a" bl_meta="{&quot;label&quot;:&quot;Get component data store&quot;}"><field name="componentUid">'b4398d5c0048d80587b9664d8f5eac11'</field></block></value><value name="propName"><shadow type="text" id="F*-RGK|0|];VcoM9zwdu"><field name="TEXT">userNameDisabled</field></shadow></value><value name="propValue"><block type="logic_boolean" id="AR3p4x4i=r(zA]RK4:yw"><field name="BOOL">TRUE</field></block></value><next><block type="set_object_property" id="iz]j@RCIxDl(e:R,ZjFy"><value name="object"><block type="ui_common_blocks__get_component_data_store" id="c!9sASXA`}Aespe25hz(" bl_meta="{&quot;label&quot;:&quot;Get component data store&quot;}"><field name="componentUid">'b4398d5c0048d80587b9664d8f5eac11'</field></block></value><value name="propName"><shadow type="text" id="ha}9I!JBvq53Qr[qN;f#"><field name="TEXT">createBtn</field></shadow></value><value name="propValue"><block type="text" id="-0C#}V*3D}IFg6_Zf:fU"><field name="TEXT">Set password</field></block></value><next><block type="set_object_property" id="gq]i4W3$_t3trJjnvgaF"><value name="object"><block type="ui_common_blocks__get_component_data_style" id="_^,M^NFFqi.f!i{-R0k%" bl_meta="{&quot;label&quot;:&quot;Get component style&quot;}"><field name="componentUid">'1744db9f250d6ba85e3435fc3be3660e'</field></block></value><value name="propName"><shadow type="text" id="t$Kok,mv|WJ?!GU!=CXs"><field name="TEXT">visibility</field></shadow></value><value name="propValue"><block type="text" id="F0P1u-2PHj]V3BSh?|:o"><field name="TEXT">visible</field></block></value><next><block type="set_object_property" id="rw_gBWNwdz7C9YaUMt7P"><value name="object"><block type="ui_common_blocks__get_component_data_style" id="%K[e2c7h9/J/ccu{i_k6" bl_meta="{&quot;label&quot;:&quot;Get component style&quot;}"><field name="componentUid">'1744db9f250d6ba85e3435fc3be3660e'</field></block></value><value name="propName"><shadow type="text" id="g)bl93q3JgB:YXR]T2GL"><field name="TEXT">opacity</field></shadow></value><value name="propValue"><block type="math_number" id="?}M4vG6ty-@DY*_$k1y1"><field name="NUM">1</field></block></value></block></next></block></next></block></next></block></next></block></next></block></next></block></statement></block></xml>