<xml xmlns="http://www.w3.org/1999/xhtml"><block type="root_block_ui_builder_text_onContentAssignment_handler" id="8*hb7=j%w^ZVu[;,6o_*" deletable="false" x="20" y="50"><value name="return"><block type="logic_ternary" id="Ps;iA$L3$F})_69D,yzn"><value name="IF"><block type="logic_operation" id="):ZB!k@+/YhNOZ:tdC$#" inline="false"><field name="OP">AND</field><value name="A"><block type="get_object_property" id="-@f:uX*S,#mL@Knixdcy"><value name="prop_name"><shadow type="text" id="A#d?}=2lROC6xBKvgd(J"><field name="TEXT">login</field></shadow></value><value name="object"><block type="root_block_ui_builder_common__context_blocks_8df5e86e263721a17d2eb9a2f1451d2c_data" id="o*I^:~Fe`zQecffPvbk6" bl_meta="{&quot;label&quot;:&quot;\&quot;management container\&quot; Repeater Data Item&quot;,&quot;dynamicListId&quot;:&quot;9f186f89932cdfe880554e43f4f916a1&quot;}"></block></value></block></value><value name="B"><block type="logic_compare" id="1$favt73bC{-Rw#|h^mL" inline="false"><field name="OP">LTE</field><value name="A"><block type="lists_length" id="|ckV`qh__)30#s}e%4%I"><value name="VALUE"><block type="get_object_property" id="^$dNzMk2n!5+Ph+2(?`9"><value name="prop_name"><shadow type="text" id="IcNT{CHjAt+WA7=GJKvI"><field name="TEXT">login</field></shadow></value><value name="object"><block type="root_block_ui_builder_common__context_blocks_8df5e86e263721a17d2eb9a2f1451d2c_data" id="y%qz*^R6el_oVQ8WZV_}" bl_meta="{&quot;label&quot;:&quot;\&quot;management container\&quot; Repeater Data Item&quot;,&quot;dynamicListId&quot;:&quot;9f186f89932cdfe880554e43f4f916a1&quot;}"></block></value></block></value></block></value><value name="B"><block type="math_number" id="cnIfi!uJO!Fs]:PATXrt"><field name="NUM">30</field></block></value></block></value></block></value><value name="THEN"><block type="get_object_property" id="LiZNw_bV`5YLu^8bFs$d"><value name="prop_name"><shadow type="text" id="Ay246GrQ/2i?3Go`+SUh"><field name="TEXT">login</field></shadow></value><value name="object"><block type="root_block_ui_builder_common__context_blocks_8df5e86e263721a17d2eb9a2f1451d2c_data" id="|^(Ev/VVRs0?5-F.`2Jc" bl_meta="{&quot;label&quot;:&quot;\&quot;management container\&quot; Repeater Data Item&quot;,&quot;dynamicListId&quot;:&quot;9f186f89932cdfe880554e43f4f916a1&quot;}"></block></value></block></value><value name="ELSE"><block type="text_join" id="74V0^4ltHhZ}=[YE[+)O"><mutation items="2"></mutation><value name="ADD0"><block type="text_getSubstring" id="/X+H$Ymk)#6%exQFa+-/" inline="false"><mutation at1="true" at2="true"></mutation><field name="WHERE1">FROM_START</field><field name="WHERE2">FROM_START</field><value name="STRING"><block type="get_object_property" id="1:(fPNgxA}*YoR,6aY5d"><value name="prop_name"><shadow type="text" id="EzF/D@8|VT(A]?Fo[[~C"><field name="TEXT">login</field></shadow></value><value name="object"><block type="root_block_ui_builder_common__context_blocks_8df5e86e263721a17d2eb9a2f1451d2c_data" id="56IOC@64BYw.c^?:-.,4" bl_meta="{&quot;label&quot;:&quot;\&quot;management container\&quot; Repeater Data Item&quot;,&quot;dynamicListId&quot;:&quot;9f186f89932cdfe880554e43f4f916a1&quot;}"></block></value></block></value><value name="AT1"><block type="math_number" id="ZPG70~s=K]ZZ9ewYh.c;"><field name="NUM">1</field></block></value><value name="AT2"><block type="math_number" id="WCXp.v/^F(tv06r,Du}Z"><field name="NUM">30</field></block></value></block></value><value name="ADD1"><block type="text" id="/(_!MHwJ3|4#iI(zseZ$"><field name="TEXT">...</field></block></value></block></value></block></value></block></xml>