<xml xmlns="http://www.w3.org/1999/xhtml"><block type="root_block_ui_builder_text_onContentAssignment_handler" id="Q*Hm|I@);,yI;*E1hb$," deletable="false" x="20" y="50"><value name="return"><block type="logic_ternary" id="#@e:=#@0w(o#dliD^U^z"><value name="IF"><block type="get_object_property" id="?$saZ9^+ZrnS!)MN=(8L"><value name="prop_name"><shadow type="text" id="NCN9QT|v~ghBsP(qQq_T"><field name="TEXT">currentVersion</field></shadow></value><value name="object"><block type="root_block_ui_builder_common__context_blocks_pageData" id="FKZQnd#V%{vA.Q|`EXQ?" bl_meta="{&quot;label&quot;:&quot;Page Data&quot;}"></block></value></block></value><value name="THEN"><block type="custom_js_code" id="Z3^6.tET0e^4j8Rf,m95"><mutation output="true"><arg arg-name="version"></arg><code>"let str = version.split('-')[0]\n\nreturn str"</code></mutation><field name="name">name</field><value name="version"><block type="get_object_property" id="Fa/nx%f9gU*TrNk#%-NR"><value name="prop_name"><shadow type="text" id="q)6z,N8f=DX*Fowm/}Cf"><field name="TEXT">currentVersion</field></shadow></value><value name="object"><block type="root_block_ui_builder_common__context_blocks_pageData" id="0Ag-*yoZxVE).A0)Q~^^" bl_meta="{&quot;label&quot;:&quot;Page Data&quot;}"></block></value></block></value></block></value><value name="ELSE"><block type="text" id="kxZpKgi)z]IDd782Ni)u"><field name="TEXT"></field></block></value></block></value></block></xml>