<xml xmlns="http://www.w3.org/1999/xhtml"><block type="root_block_ui_builder_button_onClick_handler" id="wG^d4|qeAJgURMnbT1OU" deletable="false" x="20" y="50"><statement name="statements_code"><block type="set_object_property" id="GwH7]/t0Y`{Kl#hv2-}t"><value name="object"><block type="root_block_ui_builder_common__context_blocks_pageData" id=".6QZ!jt264B[%Plny?UH" bl_meta="{&quot;label&quot;:&quot;Page Data&quot;}"></block></value><value name="propName"><shadow type="text" id="[n9SdYx{Dy-+UUAz|CxR"><field name="TEXT">followBtnLabel</field></shadow></value><value name="propValue"><block type="logic_ternary" id="SSWTxC%sbQIg$6u3}B_)"><value name="IF"><block type="custom_js_code" id="gy{(?n*7}KMbo#/G+PBn"><mutation output="true"><code>"logStopFollow = !logStopFollow;\n\nreturn logStopFollow"</code></mutation><field name="name">followLogic</field></block></value><value name="THEN"><block type="text" id="`q$29[7,b:{N_Q_5@KA("><field name="TEXT">Resume Log Updates</field></block></value><value name="ELSE"><block type="text" id="BKVSKD+`||K^!2~@|]Lp"><field name="TEXT">Pause Log Updates</field></block></value></block></value></block></statement></block></xml>