<xml xmlns="http://www.w3.org/1999/xhtml"><block type="root_block_ui_builder_button_onLabelAssignment_handler" id="]==gz=A3.k_YZd`gP=kL" deletable="false" x="20" y="50"><statement name="statements_code"><block type="controls_if" id="`04V{bmx0Z0a:Ei`G~r!"><value name="IF0"><block type="logic_negate" id="+/Q?k:QUDCSR*SF]=sn#"><value name="BOOL"><block type="get_object_property" id="wwj:}bUM@]}!K^+sC5!C"><value name="prop_name"><shadow type="text" id="Oo=YD@x@*6v~Pht#nU@J"><field name="TEXT">followBtnLabel</field></shadow></value><value name="object"><block type="root_block_ui_builder_common__context_blocks_pageData" id="L)!E@ow423OiHI9TS2g7" bl_meta="{&quot;label&quot;:&quot;Page Data&quot;}"></block></value></block></value></block></value><statement name="DO0"><block type="set_object_property" id="GwH7]/t0Y`{Kl#hv2-}t"><value name="object"><block type="root_block_ui_builder_common__context_blocks_pageData" id=".6QZ!jt264B[%Plny?UH" bl_meta="{&quot;label&quot;:&quot;Page Data&quot;}"></block></value><value name="propName"><shadow type="text" id="[n9SdYx{Dy-+UUAz|CxR"><field name="TEXT">followBtnLabel</field></shadow></value><value name="propValue"><block type="text" id="BKVSKD+`||K^!2~@|]Lp"><field name="TEXT">Pause Log Updates</field></block></value></block></statement></block></statement><value name="return"><block type="get_object_property" id=";Lo:`xzq6bB1I)*+[u:("><value name="prop_name"><shadow type="text" id="ls4Brb)BAR({{yAI^(Z]"><field name="TEXT">followBtnLabel</field></shadow></value><value name="object"><block type="root_block_ui_builder_common__context_blocks_pageData" id="fE$bX/04XOi==GHi|49L" bl_meta="{&quot;label&quot;:&quot;Page Data&quot;}"></block></value></block></value></block></xml>