<xml xmlns="http://www.w3.org/1999/xhtml"><block type="root_block_ui_builder_text_onContentAssignment_handler" id="(=P.(vi[QpP}2#uG[JN/" deletable="false" x="-856" y="-295"><statement name="statements_code"><block type="controls_if" id="}@n{uq[sPzARyU]R%5g."><mutation else="1"></mutation><value name="IF0"><block type="logic_compare" id="G^ceD=b~G(E(/hx2bgCh"><field name="OP">EQ</field><value name="A"><block type="get_object_property" id="g~3?[62kn8p27Bh/S9GB"><value name="prop_name"><shadow type="text" id="yNq-.dL;@`/;gx*L1OAB"><field name="TEXT">status</field></shadow></value><value name="object"><block type="root_block_ui_builder_common__context_blocks_e9118d25f3628ca2aa41dd74e6510651_data" id="]_9sWLAao;mJ_A$Ge-64"></block></value></block></value><value name="B"><block type="text" id="S@Yr-vFM@L#b9c9B,7`u"><field name="TEXT">notInstalled</field></block></value></block></value><statement name="DO0"><block type="variables_set" id="7I{tM74y[m2sNQX!q#/M"><field name="VAR">content</field><value name="VALUE"><block type="text" id="hBRToz)J[bzBjoy%d8PJ"><field name="TEXT">Not Installed</field></block></value></block></statement><statement name="ELSE"><block type="variables_set" id="}zjyrlwFM%A|50i;`r0U"><field name="VAR">content</field><value name="VALUE"><block type="text_changeCase" id="Of7]Yor9l*1GKh)Y|cZO"><field name="CASE">TITLECASE</field><value name="TEXT"><shadow type="text" id="V}L;X.M|kX|hqpfD];LL"><field name="TEXT">abc</field></shadow><block type="get_object_property" id="lFOxfu~Jtg2fb)b8:O#i"><value name="prop_name"><shadow type="text" id="Jr6kzA$e6uB=Q+e5EjZ,"><field name="TEXT">status</field></shadow></value><value name="object"><block type="root_block_ui_builder_common__context_blocks_e9118d25f3628ca2aa41dd74e6510651_data" id="Gs[AqICA`[Xy1}d]#@T}"></block></value></block></value></block></value></block></statement></block></statement><value name="return"><block type="variables_get" id=";QE@]1x~/LueXpqmO#SO"><field name="VAR">content</field></block></value></block></xml>