<xml xmlns="http://www.w3.org/1999/xhtml"><block type="root_block_ui_builder_input_onChange_handler" id="BNhf`:x$o4a.n:QTx*,%" deletable="false" x="20" y="50"><statement name="statements_code"><block type="controls_if" id="(ID7znx%NYyQc1r9@=.e"><mutation else="1"></mutation><value name="IF0"><block type="logic_negate" id="OVOoI4G|_cJG^bp^MIBV"><value name="BOOL"><block type="root_block_ui_builder_input_onChange_handler_context_blocks_value" id="?$rjgb5,1-/1q/E)49~V" bl_meta="{&quot;label&quot;:&quot;Changed Value&quot;}"></block></value></block></value><statement name="DO0"><block type="ui_common_blocks__toggle_component_visibility" id="nQxYy?4.Rvs+s(d{G1cp" bl_meta="{&quot;label&quot;:&quot;Toggle component visibility&quot;}"><field name="componentUid">'400fba0802880a93bb759cb7cbb9123f'</field><value name="visible"><block type="logic_boolean" id="zacMcURP?vQ-zwsp5[Z3"><field name="BOOL">TRUE</field></block></value></block></statement><statement name="ELSE"><block type="ui_common_blocks__toggle_component_visibility" id="tR]e6H(INr/#yC)$My7r" bl_meta="{&quot;label&quot;:&quot;Toggle component visibility&quot;}"><field name="componentUid">'400fba0802880a93bb759cb7cbb9123f'</field><value name="visible"><block type="logic_boolean" id="2`wdk@PkCbTMT/;3l%%x"><field name="BOOL">FALSE</field></block></value></block></statement><next><block type="controls_if" id="+elnZ)?z4:^Xctp*u:L^"><mutation else="1"></mutation><value name="IF0"><block type="root_block_ui_builder_input_onChange_handler_context_blocks_value" id="G-;^t;nyM1Y=vv2]@I?9" bl_meta="{&quot;label&quot;:&quot;Changed Value&quot;}"></block></value><statement name="DO0"><block type="controls_if" id="i6-k?Ak#!k7aan:x50z*"><mutation else="1"></mutation><value name="IF0"><block type="logic_compare" id="oljZZe,]bq:x;{i=A28j"><field name="OP">NEQ</field><value name="A"><block type="get_object_property" id="l{Mj_}[?V$Oj)fC?J^.v" inline="false"><value name="prop_name"><shadow type="text" id="l!~q0gb;xcG)N)^;|8/x"><field name="TEXT">password</field></shadow></value><value name="object"><block type="root_block_ui_builder_common__context_blocks_b4398d5c0048d80587b9664d8f5eac11_data" id="{;w!@%[yz5U$qNNkztt/" bl_meta="{&quot;label&quot;:&quot;\&quot;CreateUser form\&quot; Data&quot;}"></block></value></block></value><value name="B"><block type="get_object_property" id="1pHM7*uFMGNDm,}yy46d" inline="false"><value name="prop_name"><shadow type="text" id="/xSoKzRK=EFiA;#ZlPT5"><field name="TEXT">confirmPassword</field></shadow></value><value name="object"><block type="root_block_ui_builder_common__context_blocks_b4398d5c0048d80587b9664d8f5eac11_data" id="i1o*cZU?hWhrvh1}76g3" bl_meta="{&quot;label&quot;:&quot;\&quot;CreateUser form\&quot; Data&quot;}"></block></value></block></value></block></value><statement name="DO0"><block type="ui_common_blocks__toggle_component_visibility" id="Ew`TQbeW7?/C)d]fSq=Z" bl_meta="{&quot;label&quot;:&quot;Toggle component visibility&quot;}"><field name="componentUid">'76b375976525da5784a688f366843054'</field><value name="visible"><block type="logic_boolean" id="^Cudz{H;6W)3;~K_`/PH"><field name="BOOL">TRUE</field></block></value></block></statement><statement name="ELSE"><block type="ui_common_blocks__toggle_component_visibility" id="$)m4V.Kj:K_{{}+F``Kk" bl_meta="{&quot;label&quot;:&quot;Toggle component visibility&quot;}"><field name="componentUid">'76b375976525da5784a688f366843054'</field><value name="visible"><block type="logic_boolean" id="z4-9Se8Q:P]RUPi(Begx"><field name="BOOL">FALSE</field></block></value></block></statement></block></statement><statement name="ELSE"><block type="ui_common_blocks__toggle_component_visibility" id="b`F0;.rlx:z/Y^R:SDZm" bl_meta="{&quot;label&quot;:&quot;Toggle component visibility&quot;}"><field name="componentUid">'76b375976525da5784a688f366843054'</field><value name="visible"><block type="logic_boolean" id="{krhJ6=N5bmf4r}ncK8S"><field name="BOOL">FALSE</field></block></value></block></statement></block></next></block></statement></block></xml>