<xml xmlns="http://www.w3.org/1999/xhtml"><block type="root_block_ui_builder_text_onClick_handler" id="5|XxHUh^Zd0%^[EqG?cW" deletable="false" x="20" y="50"><statement name="statements_code"><block type="set_object_property" id="aubLrF*qeMm%CN;(TK}r"><value name="object"><block type="dynamic_context_blocks__get_component_data_style" id="VC2.s_*MJ6;55)]fEJ]J"><field name="componentUid">9051123f6b4f94ef192265039293d4cd</field></block></value><value name="propName"><shadow type="text" id="i!xawBt|gBs8~x$ol{#%"><field name="TEXT">display</field></shadow></value><value name="propValue"><block type="text" id="OzM[(wu_=^W#:bNML}Kj"><field name="TEXT">none</field></block></value><next><block type="set_object_property" id="=dc,,51[1YvDA(`FIDV!"><value name="object"><block type="dynamic_context_blocks__get_component_data_style" id="g@T,p$]Vz]CQsaTnX@}1"><field name="componentUid">bf4ddcd624beb122ea9990fa10566b0f</field></block></value><value name="propName"><shadow type="text" id="ZsAeNh7.ikn;P*Pks1y!"><field name="TEXT">display</field></shadow></value><value name="propValue"><block type="text" id="+`Ph(c[5ruAk5$ya.a@~"><field name="TEXT">none</field></block></value><next><block type="set_object_property" id="+gXMb*-,G$2_(#xM!]d%"><value name="object"><block type="dynamic_context_blocks__get_component_data_style" id="y(V|]-d]5cO$!qJ1HomQ"><field name="componentUid">232827adb9a5f36d5621ab56e377cca9</field></block></value><value name="propName"><shadow type="text" id="d0.Q58jZ2QN}`(+6s_Ij"><field name="TEXT">display</field></shadow></value><value name="propValue"><block type="text" id="QYSH`ieeepzr0#+G:A.m"><field name="TEXT">flex</field></block></value><next><block type="controls_if" id="%/]d,(rZOlfWGvFNf,c("><value name="IF0"><block type="logic_compare" id="=JN`}d:ydTO,q#X;ex/["><field name="OP">EQ</field><value name="A"><block type="lists_length" id="HFek`,p%S(MaDvq+1jKS"><value name="VALUE"><block type="dynamic_context_blocks__get_component_classes" id="T9xH(~+|.{wC4-i2K_)d"><field name="componentUid">64b6f006eead4076cacfac687291d9c6</field></block></value></block></value><value name="B"><block type="math_number" id="_?J-}:D3p5D8B=TD?up{"><field name="NUM">1</field></block></value></block></value><statement name="DO0"><block type="list_add_item" id=",Rs=Mu-m8ZE)MkkRjtZh"><mutation has_output="false"></mutation><field name="connections_toggler">FALSE</field><value name="list"><block type="dynamic_context_blocks__get_component_classes" id="hP`xGP}5?eH|hjI85@Pg"><field name="componentUid">64b6f006eead4076cacfac687291d9c6</field></block></value><value name="value"><block type="text" id="6}%05?y1Ud[Hkht;Kdc7"><field name="TEXT">ServerLogs__TabsLabel--active</field></block></value><next><block type="controls_if" id="gn-dgKiOB,|6zAcH0**2"><value name="IF0"><block type="logic_compare" id="Jr+N#rI8=!](!C[8d`4y"><field name="OP">GT</field><value name="A"><block type="lists_length" id="-x^#iYFVX`!4A|f+vPpb"><value name="VALUE"><block type="dynamic_context_blocks__get_component_classes" id="YN9A*@2w@KUl$|PvHBo:"><field name="componentUid">184ed6e69bd6d8f1e8fc35c7403c36e5</field></block></value></block></value><value name="B"><block type="math_number" id="F|_;u,NdvHPl,EeJELM_"><field name="NUM">1</field></block></value></block></value><statement name="DO0"><block type="lists_getIndex" id="%vAL9zRD)~ld,*n4@GGO"><mutation statement="true" at="false"></mutation><field name="MODE">REMOVE</field><field name="WHERE">LAST</field><value name="VALUE"><block type="dynamic_context_blocks__get_component_classes" id="-L12f/LW2{`8mGV`ahp1"><field name="componentUid">184ed6e69bd6d8f1e8fc35c7403c36e5</field></block></value></block></statement><next><block type="controls_if" id="A*s:@#GeWYYK{d^l5za="><value name="IF0"><block type="logic_compare" id=":A32)6G.xLLo.!qZmW.i"><field name="OP">GT</field><value name="A"><block type="lists_length" id="^L9zdUrn1w)Z@AfMVad~"><value name="VALUE"><block type="dynamic_context_blocks__get_component_classes" id="Cr@[W|^:c`sD`/3?oj?D"><field name="componentUid">7e437288f19344daa5a4bed75c728637</field></block></value></block></value><value name="B"><block type="math_number" id="36d`-grSaf:XYrf5_+t4"><field name="NUM">1</field></block></value></block></value><statement name="DO0"><block type="lists_getIndex" id="I2l(87G5Yo.)8N;|}uO~"><mutation statement="true" at="false"></mutation><field name="MODE">REMOVE</field><field name="WHERE">LAST</field><value name="VALUE"><block type="dynamic_context_blocks__get_component_classes" id="dJ$(5ml=HOvm-+dT2UBH"><field name="componentUid">7e437288f19344daa5a4bed75c728637</field></block></value></block></statement></block></next></block></next></block></statement></block></next></block></next></block></next></block></statement></block></xml>