{
  "category": "Reusable Components",
  "showInToolbox": true,
  "type": "reusable",
  "faIcon": "recycle",
  "name": "aside",
  "components": {
    "1fed8d3527f135219fb66d9de15adb04": {
      "id": "aside TabHeaderStatus",
      "type": "block",
      "moduleType": "system",
      "moduleId": "block",
      "handlers": {
        "onClick": {
          "dependencies": []
        }
      }
    },
    "941dd0cd3b6497a91648a63b0e7bbec7": {
      "id": "aside TabContentItem",
      "type": "block",
      "moduleType": "system",
      "moduleId": "block",
      "handlers": {
        "onClick": {
          "dependencies": []
        },
        "onClassListAssignment": {
          "dependencies": []
        }
      }
    },
    "02f59a618f63b16eab9c8fcf60ac6e41": {
      "id": "aside TabHeaderConfig",
      "type": "block",
      "moduleType": "system",
      "moduleId": "block",
      "handlers": {
        "onClick": {
          "dependencies": []
        }
      }
    },
    "c9ab1739404cb44b5b1b8bc263b8f966": {
      "id": "aside TabContentItemDomains",
      "type": "block",
      "moduleType": "system",
      "moduleId": "block",
      "handlers": {
        "onClick": {
          "dependencies": []
        }
      }
    },
    "3c48282edad672c3a97414a89b3c15df": {
      "id": "aside TabContentStatus",
      "type": "block",
      "moduleType": "system",
      "moduleId": "block",
      "handlers": {
        "onBeforeMount": {
          "dependencies": [
            "./functions/696a14dd8d2f85be7023c2c4441a65a5/code.js"
          ]
        }
      }
    },
    "242a605e5b9ad51d7db207da080446ef": {
      "id": "aside TabContentItemAll",
      "type": "block",
      "moduleType": "system",
      "moduleId": "block",
      "handlers": {
        "onClick": {
          "dependencies": []
        },
        "onClassListAssignment": {
          "dependencies": []
        }
      }
    },
    "eabb8cf45a71bcf1946dc53f30c31b8e": {
      "id": "aside ContentItemContainer",
      "type": "block",
      "moduleType": "system",
      "moduleId": "block",
      "handlers": {
        "onDynamicItemsAssignment": {
          "dependencies": []
        }
      }
    },
    "14ec284f978d75e2cd75db678d46df17": {
      "id": "aside TabContentItemMysql",
      "type": "block",
      "moduleType": "system",
      "moduleId": "block",
      "handlers": {
        "onClick": {
          "dependencies": []
        },
        "onClassListAssignment": {
          "dependencies": []
        }
      }
    },
    "e18fe2c44deb374fbddc1d8bc3f2848b": {
      "id": "aside TabContentItemRedis",
      "type": "block",
      "moduleType": "system",
      "moduleId": "block",
      "handlers": {
        "onClick": {
          "dependencies": []
        },
        "onClassListAssignment": {
          "dependencies": []
        }
      }
    },
    "01553a7c2d381aa60e5ccf3789f368d7": {
      "id": "aside TabContentItemDataService",
      "type": "block",
      "moduleType": "system",
      "moduleId": "block",
      "handlers": {
        "onClick": {
          "dependencies": []
        },
        "onClassListAssignment": {
          "dependencies": []
        }
      }
    },
    "4f8a44592e064cf3cf6c686767b9b44a": {
      "id": "aside TabContentItemGeneral",
      "type": "block",
      "moduleType": "system",
      "moduleId": "block",
      "handlers": {
        "onClick": {
          "dependencies": []
        },
        "onClassListAssignment": {
          "dependencies": []
        }
      }
    },
    "82bfb23351e9fb6b2b482c3d040db27a": {
      "id": "aside TabContentDomains",
      "type": "block",
      "moduleType": "system",
      "moduleId": "block",
      "handlers": {
        "onMounted": {
          "dependencies": []
        }
      }
    },
    "ca8df858b6abfa78f849814f98cbadeb": {
      "id": "aside TabContentConfig",
      "type": "block",
      "moduleType": "system",
      "moduleId": "block",
      "handlers": {
        "onMounted": {
          "dependencies": []
        }
      }
    },
    "6cab43b49cea42f97ae16e6befa3a51e": {
      "id": "aside TabContentItemSsl",
      "type": "block",
      "moduleType": "system",
      "moduleId": "block",
      "handlers": {
        "onClick": {
          "dependencies": []
        },
        "onClassListAssignment": {
          "dependencies": []
        }
      }
    },
    "03f4bd550b65418c743e04afe3aab9d9": {
      "id": "aside TabHeaderSettings",
      "type": "block",
      "moduleType": "system",
      "moduleId": "block",
      "handlers": {
        "onClick": {
          "dependencies": []
        }
      }
    },
    "b18be6db888c37d656d8a09b4db77b43": {
      "id": "aside TabContentSettings",
      "type": "block",
      "moduleType": "system",
      "moduleId": "block",
      "handlers": {
        "onMounted": {
          "dependencies": []
        }
      }
    },
    "5478c0a1f053be3a3702c49522bc3f9f": {
      "id": "aside TabContentItemManagement",
      "type": "block",
      "moduleType": "system",
      "moduleId": "block",
      "handlers": {
        "onClick": {
          "dependencies": []
        },
        "onClassListAssignment": {
          "dependencies": []
        }
      }
    },
    "28ba1a8199a4eecb2cd95d94ca4c9b79": {
      "id": "aside TabContentItemKubernet",
      "type": "block",
      "moduleType": "system",
      "moduleId": "block",
      "handlers": {
        "onClick": {
          "dependencies": []
        },
        "onClassListAssignment": {
          "dependencies": []
        }
      }
    },
    "7d9115a5d5fa680bccbf5b04e8670af9": {
      "id": "aside TabHeaderUpgrade",
      "type": "block",
      "moduleType": "system",
      "moduleId": "block",
      "handlers": {
        "onClick": {
          "dependencies": []
        }
      }
    },
    "a0ee549c33148fbe32998507d3e95d7c": {
      "id": "aside TabContentUpgrade",
      "type": "block",
      "moduleType": "system",
      "moduleId": "block",
      "handlers": {
        "onBeforeMount": {
          "dependencies": [
            "./functions/696a14dd8d2f85be7023c2c4441a65a5/code.js"
          ]
        },
        "onClassListAssignment": {
          "dependencies": []
        }
      }
    },
    "5c9dbfe9dbd831d9236cdced4d2ee75e": {
      "id": "aside TabContentTitle",
      "type": "text",
      "moduleType": "system",
      "moduleId": "text",
      "handlers": {
        "onContentAssignment": {
          "dependencies": []
        }
      }
    },
    "17ba156b5b49eae93175d437c9e8c1c2": {
      "id": "aside TabContentItemUpgrade",
      "type": "block",
      "moduleType": "system",
      "moduleId": "block",
      "handlers": {
        "onClick": {
          "dependencies": []
        },
        "onClassListAssignment": {
          "dependencies": []
        }
      }
    },
    "d03b9242444bed493a3f71c94029bfcc": {
      "id": "aside TabContentItemUpgradeNow",
      "type": "block",
      "moduleType": "system",
      "moduleId": "block",
      "handlers": {
        "onClick": {
          "dependencies": []
        },
        "onClassListAssignment": {
          "dependencies": []
        }
      }
    },
    "3d81f4e11ffb3b99c18f1b83c9cfa36d": {
      "id": "aside ContentItemContainerUpgrade",
      "type": "block",
      "moduleType": "system",
      "moduleId": "block",
      "handlers": {
        "onDynamicItemsAssignment": {
          "dependencies": []
        }
      }
    }
  },
  "id": "r_dcac843a154c1eb2e28a4a08b5d34fec",
  "dataBinding": {},
  "usedComponentTypes": [
    "block",
    "text"
  ],
  "style": {},
  "attrs": {}
}