<xml xmlns="http://www.w3.org/1999/xhtml"><block type="root_block_ui_builder_text_onClick_handler" id="%;hOIo_.,#-;y+dS}ZjG" deletable="false" x="20" y="50"><statement name="statements_code"><block type="controls_forEach" id="dLN#ZpB73!`%*nG#wE$0"><field name="VAR">checkedItem</field><value name="LIST"><block type="dynamic_context_blocks__get_component_dynamic_list_items" id="tnvHs_!5q$bY$Vs0W3WW"><field name="componentUid">0fbd34b64c4b8f271001b02635bd0324</field></block></value><statement name="DO"><block type="set_object_property" id="T7P41WPqO)C_wY[1I{|G"><value name="object"><block type="variables_get" id="vO1]q/Sdr]lYJf_M{;yT"><field name="VAR">checkedItem</field></block></value><value name="propName"><shadow type="text" id="L{z1,,=IIKpThA*@e-a,"><field name="TEXT">checked</field></shadow></value><value name="propValue"><block type="logic_boolean" id="Kh0k~=j.C-ThApBFS5Vc"><field name="BOOL">FALSE</field></block></value></block></statement><next><block type="set_object_property" id="BUyRhoCHZL?[^n|Gg1hM"><value name="object"><block type="root_block_ui_builder_common__context_blocks_pageData" id="YAeZ`!*$S3Z}4H7aMraR"></block></value><value name="propName"><shadow type="text" id="b4YRBwOKNcNnYEgCS4z?"><field name="TEXT">checkedAll</field></shadow></value><value name="propValue"><block type="logic_boolean" id="7Tx1XR-D.ID--A48WUr,"><field name="BOOL">FALSE</field></block></value><next><block type="variables_set" id="h2=LgL(?rHyCvT0l}c$-"><field name="VAR">groupActionList</field><value name="VALUE"><block type="get_object_property" id="qK0YIbtuGuoRd+ry*le9"><value name="prop_name"><shadow type="text" id="+I*I[B6G{.V%W#?3kf`S"><field name="TEXT">groupActionList</field></shadow></value><value name="object"><block type="root_block_ui_builder_common__context_blocks_pageData" id="64{/4ytfBL0PS2@f%weh"></block></value></block></value><next><block type="set_object_property" id="WkK$[fPoEv$xKqm{c?E4"><value name="object"><block type="root_block_ui_builder_common__context_blocks_pageData" id="YQ7pE~K@udwRh5=F4@hS"></block></value><value name="propName"><shadow type="text" id="r3L5/3ohMPcqpW_8{yV7"><field name="TEXT">groupActionList</field></shadow></value><value name="propValue"><block type="lists_create_with" id="?tzIv^6oIeQN,E6=$d,U"><mutation items="0"></mutation></block></value><next><block type="controls_forEach" id="3#m~[nw-K7/~J3j}X6?U"><field name="VAR">checkedItem</field><value name="LIST"><block type="variables_get" id="]11g%PxGzXzcwnc;o?eJ"><field name="VAR">groupActionList</field></block></value><statement name="DO"><block type="controls_forEach" id="xJKj!RLQ3-Z`G8WudK,g"><field name="VAR">currentItem</field><value name="LIST"><block type="dynamic_context_blocks__get_component_dynamic_list_items" id="638$}d?%BKw]0b+hCPub"><field name="componentUid">eabb8cf45a71bcf1946dc53f30c31b8e</field></block></value><statement name="DO"><block type="controls_if" id="GL}6]N{MlDCjp]djhs^}"><value name="IF0"><block type="logic_compare" id="J{O,e,$C@v7rya5yt-B$"><field name="OP">EQ</field><value name="A"><block type="get_object_property" id="wX=dX%6Q]y/]lfr?G4u}" inline="false"><value name="prop_name"><shadow type="text" id=";_|dC7Xn;rl)p}JC_a_="><field name="TEXT">name</field></shadow></value><value name="object"><block type="variables_get" id="ym(mmcBHP0Wy^2%?YO)="><field name="VAR">checkedItem</field></block></value></block></value><value name="B"><block type="get_object_property" id="-?UR4FG#r{Ci^EVZ+A]n" inline="false"><value name="prop_name"><shadow type="text" id="$13kI?)RZLcq+btR/~76"><field name="TEXT">name</field></shadow></value><value name="object"><block type="variables_get" id="_o7/Y_,g0bWEQP-]%h+?"><field name="VAR">currentItem</field></block></value></block></value></block></value><statement name="DO0"><block type="set_object_property" id="B+Gp`o~CXpSKpFKN[hP("><value name="object"><block type="variables_get" id="(i$BFYFK}x$40:eV%rv}"><field name="VAR">checkedItem</field></block></value><value name="propName"><shadow type="text" id="0q_WQ}4H{Y#k4(-7J;|U"><field name="TEXT">status</field></shadow></value><value name="propValue"><block type="get_object_property" id="=q04HY0=vC}p:_]!ldsJ" inline="false"><value name="prop_name"><shadow type="text" id="WKpNlDc(WBb1%KY!PeRF"><field name="TEXT">status</field></shadow></value><value name="object"><block type="variables_get" id="?ma_tpFuMA6O/6[EN9Yd"><field name="VAR">currentItem</field></block></value></block></value></block></statement></block></statement></block></statement><next><block type="controls_forEach" id="![dF~?e*|3*#vZd~ho,="><field name="VAR">item</field><value name="LIST"><block type="variables_get" id="*!*5!#Dyk/mh1:VUi#iG"><field name="VAR">groupActionList</field></block></value><statement name="DO"><block type="controls_if" id="=s|c#^A,2~XkYuir5rrH"><value name="IF0"><block type="logic_operation" id="m4ah+IMrD?1c2#X[WIG~"><field name="OP">OR</field><value name="A"><block type="logic_compare" id="K53ju?Q*O(i[7?V?e*gO"><field name="OP">EQ</field><value name="A"><block type="get_object_property" id="iYx3y|,OhhO8BH9W1Z{!" inline="false"><value name="prop_name"><shadow type="text" id="6A(t#V:lL,p^R2hi4g?g"><field name="TEXT">status</field></shadow></value><value name="object"><block type="variables_get" id="O^Sn3;9!RC4CTIqNMba!"><field name="VAR">item</field></block></value></block></value><value name="B"><block type="text" id="|G[d57S,cxb_Af|S*I+r"><field name="TEXT">running</field></block></value></block></value><value name="B"><block type="logic_compare" id="p5izI~lSsFJ[6A!Xz,K~"><field name="OP">EQ</field><value name="A"><block type="get_object_property" id="ZkUs#*]D2:Xnz;Uln5+f" inline="false"><value name="prop_name"><shadow type="text" id="5U,+G7W78G)D6_?+f`Qd"><field name="TEXT">status</field></shadow></value><value name="object"><block type="variables_get" id="Y!*}@a7jqXua7j/m%Ynu"><field name="VAR">item</field></block></value></block></value><value name="B"><block type="text" id="O-]#/hOAGhg=NXE%.XFC"><field name="TEXT">changing</field></block></value></block></value></block></value><statement name="DO0"><block type="try_catch" id="ZV!]=7#|qVW!fvd25cM("><statement name="try"><block type="text_print" id="@Dw87~I2rgzw$qB6j!_q"><value name="TEXT"><shadow type="text" id="IuGEakhn%kGk?EDw$(Ei"><field name="TEXT">abc</field></shadow><block type="codeless_function_block_696a14dd8d2f85be7023c2c4441a65a5" id="7w60^#`9y$`**w0%;D49"><value name="method"><block type="text" id="]{pr?dr:4jy6jPSiaw;Y"><field name="TEXT">put</field></block></value><value name="path"><block type="text" id="{Qs!$40$GKL4hi1I}N8B"><field name="TEXT">/manage/state</field></block></value><value name="body"><block type="create_object" id="T5f!qMk+s^f5K$An([5x"><mutation><properties><item id="property" prop-name="serviceName"></item><item id="property" prop-name="state"></item><item id="property" prop-name="hidden"></item></properties></mutation><value name="create_object_mutator_container_properties_stack_property0"><block type="get_object_property" id="Hof.0:I/9G~!O2//U_$w"><value name="prop_name"><shadow type="text" id="I.pf0MT5ZOYUk#0oed%l"><field name="TEXT">name</field></shadow></value><value name="object"><block type="variables_get" id="3u![2.f6}Al;UI.Hfywc"><field name="VAR">item</field></block></value></block></value><value name="create_object_mutator_container_properties_stack_property1"><block type="text" id="c!Jq94CXho8P-f(hLpk+"><field name="TEXT">stop</field></block></value><value name="create_object_mutator_container_properties_stack_property2"><block type="logic_boolean" id="zO*S)HwIu*8idqCr@2k6"><field name="BOOL">FALSE</field></block></value></block></value></block></value></block></statement><statement name="catch"><block type="component_action_block_device_api_show_alert" id="b5jTS2aqo%{0Uj2RzGPD"><value name="message"><shadow type="text" id="=M^^*`HOiPp7aAxQ]gOR"><field name="TEXT"></field></shadow><block type="get_object_property" id="uZ/Of+:-09WBo)Bry,d-"><value name="prop_name"><shadow type="text" id="T#J({DrZ$}0L#P`K+9|M"><field name="TEXT">message</field></shadow></value><value name="object"><block type="variables_get" id="4HdZ(3q}n$8I-3sw.(F|"><field name="VAR">error</field></block></value></block></value></block></statement></block></statement></block></statement></block></next></block></next></block></next></block></next></block></next></block></statement></block></xml>