<xml xmlns="http://www.w3.org/1999/xhtml"><block type="root_block_ui_builder_block_onTooltipTextAssignment_handler" id="um}jYZ+y%-xp(lza)Q3#" deletable="false" x="83" y="90"><statement name="statements_code"><block type="controls_if" id=")yOly$#}XtT1IIpE~:tj"><value name="IF0"><block type="get_object_property" id=",_;u2)a$6A/iu_O)?CXM"><value name="prop_name"><shadow type="text" id="3-/=at`//$}Qc[QCnYSe"><field name="TEXT">description</field></shadow></value><value name="object"><block type="root_block_ui_builder_common__context_blocks_pageData" id="{4+2{X{l@_z_7[?M;)ne" bl_meta="{&quot;label&quot;:&quot;Page Data&quot;}"></block></value></block></value><statement name="DO0"><block type="variables_set" id="+.FQ8[U=FN[(q998n.vD"><field name="VAR">tooltip</field><value name="VALUE"><block type="codeless_function_block_4f8fe7d853c915840a67685fa058d83f" id="!rJg?qX1poV.6^=!c$UP" bl_meta="{&quot;fn&quot;:&quot;getTooltip&quot;,&quot;label&quot;:&quot;Custom Function - getTooltip&quot;}"><mutation has_output="true"></mutation><field name="connections_toggler">TRUE</field><value name="descriptionList"><block type="get_object_property" id="4~^|)8N?X.;1/PG`)(x%"><value name="prop_name"><shadow type="text" id="pAxO@VHUY$nH=Paor[|C"><field name="TEXT">description</field></shadow></value><value name="object"><block type="root_block_ui_builder_common__context_blocks_pageData" id="%rSea!~eTs5GDO?@P)AB" bl_meta="{&quot;label&quot;:&quot;Page Data&quot;}"></block></value></block></value><value name="name"><block type="text" id="F2R}y7?_uN`KH*2NYuyN"><field name="TEXT">host</field></block></value></block></value></block></statement></block></statement><value name="return"><block type="variables_get" id="MBAGFcCm/GxQ66S)=9sw"><field name="VAR">tooltip</field></block></value></block></xml>