<xml xmlns="http://www.w3.org/1999/xhtml"><block type="root_block_ui_builder_text_onContentAssignment_handler" id="o5!:KIFm`Rj63vwNF7(p" deletable="false" x="20" y="50"><value name="return"><block type="text_join" id="_h(|6i@Bb:53^s-uo-))"><mutation items="2"></mutation><value name="ADD0"><block type="get_object_property" id="^2jKU0=MeSP):xD_;eN5" inline="false"><value name="prop_name"><shadow type="text" id="/d9F7Uu@EIY/jqwU?JY#"><field name="TEXT">certName</field></shadow></value><value name="object"><block type="root_block_ui_builder_common__context_blocks_08eeca24e142146f1894a98264378b8e_data" id="IdRRQIA)^kjPt21]j4GW" bl_meta="{&quot;label&quot;:&quot;\&quot;ModalConfirmCertificates\&quot; Data&quot;}"></block></value></block></value><value name="ADD1"><block type="text" id="F(]e`@k~85il-C)~`Pr@"><field name="TEXT">?</field></block></value></block></value></block></xml>