<xml xmlns="http://www.w3.org/1999/xhtml"><block type="root_block_ui_builder_icon_onClick_handler_context_blocks_event" id=";5mwu6TcGQ_ijj!9r,ji" x="0" y="0"></block><block type="root_block_ui_builder_text_onClick_handler" id="f/.6NsgDAgihyj[ti|{W" deletable="false" x="20" y="50"><statement name="statements_code"><block type="set_object_property" id="iT3#[CFZ+@ao16M?}y`V"><value name="object"><block type="root_block_ui_builder_common__context_blocks_8df5e86e263721a17d2eb9a2f1451d2c_data" id="JZ_aDV;512-.e*/A7iIc" bl_meta="{&quot;label&quot;:&quot;\&quot;data container\&quot; Repeater Data Item&quot;,&quot;dynamicListId&quot;:&quot;9f186f89932cdfe880554e43f4f916a1&quot;}"></block></value><value name="propName"><shadow type="text" id="vOEu9L`,I7t(j]^q93kI"><field name="TEXT">Protocol</field></shadow></value><value name="propValue"><block type="root_block_ui_builder_common__context_blocks_c59cfbc6d031a3486a59c375a0c7bf5a_data" id="tS}DkN+-|Q]dE(MD=nD(" bl_meta="{&quot;label&quot;:&quot;\&quot;InputWrapper__select\&quot; Repeater Data Item&quot;,&quot;dynamicListId&quot;:&quot;43de92c3d9013b8c2e6e6b62e1f4df5d&quot;}"></block></value><next><block type="controls_if" id="TMAot8GGIyS3n(fKM~_{"><value name="IF0"><block type="list_contains" id="f?USt9AxcEc4Hm/3E2$G"><value name="list"><block type="ui_common_blocks__get_component_classes" id="j;U}+@`L?Q5R[SirC]F0" bl_meta="{&quot;label&quot;:&quot;Get component classes&quot;}"><field name="componentUid">'0bb8b95410de45982f75d608ad7b0f66'</field></block></value><value name="item"><block type="text" id=";FlCi40oWI1/xeBEZuy5"><field name="TEXT">InputWrapper__icon--rotated</field></block></value></block></value><statement name="DO0"><block type="list_remove_item" id="^=HIrC8L;I@LrZB)RZqA"><mutation has_output="false"></mutation><field name="connections_toggler">FALSE</field><value name="list"><block type="ui_common_blocks__get_component_classes" id="pC^8tsy#zNSxp-:)$#9i" bl_meta="{&quot;label&quot;:&quot;Get component classes&quot;}"><field name="componentUid">'0bb8b95410de45982f75d608ad7b0f66'</field></block></value><value name="item"><block type="text" id="A0fP~`GY2$G8Rvj[XGi$"><field name="TEXT">InputWrapper__icon--rotated</field></block></value><value name="comparator"><shadow type="text" id="A$VeB2xivXzmK8mg|@~B"><field name="TEXT"></field></shadow></value><next><block type="list_remove_item" id="LnlTFJ=Ebm3XAIRYbCP9"><mutation has_output="false"></mutation><field name="connections_toggler">FALSE</field><value name="list"><block type="ui_common_blocks__get_component_classes" id=".g9jkWtH[LIa*p_04Nzg" bl_meta="{&quot;label&quot;:&quot;Get component classes&quot;}"><field name="componentUid">'43de92c3d9013b8c2e6e6b62e1f4df5d'</field></block></value><value name="item"><block type="text" id="g6lS]S)*(iLv`@BBD2pv"><field name="TEXT">InputWrapper__select--open</field></block></value><value name="comparator"><shadow type="text" id="U_$lCK3(EIeN`0uF*`p)"><field name="TEXT"></field></shadow></value></block></next></block></statement></block></next></block></statement></block></xml>