{
  "components": {
    "198c9c59e5389ad5ff37a4bb3e22bce5": {
      "id": "QuestionIcon",
      "type": "block",
      "moduleType": "system",
      "moduleId": "block",
      "handlers": {
        "onTooltipTextAssignment": {
          "usedCustomFunctions": [
            "4f8fe7d853c915840a67685fa058d83f"
          ]
        }
      }
    },
    "cb32ffe5c76e4f69d148911494c6952e": {
      "id": "QuestionIcon",
      "type": "block",
      "moduleType": "system",
      "moduleId": "block",
      "handlers": {
        "onTooltipTextAssignment": {
          "usedCustomFunctions": [
            "4f8fe7d853c915840a67685fa058d83f"
          ]
        }
      }
    },
    "cd73b3928006379f77b53b870895e855": {
      "id": "QuestionIcon",
      "type": "block",
      "moduleType": "system",
      "moduleId": "block",
      "handlers": {
        "onTooltipTextAssignment": {
          "usedCustomFunctions": [
            "4f8fe7d853c915840a67685fa058d83f"
          ]
        }
      }
    },
    "b11bd95b7c781e9ce31e01ee1b83b966": {
      "id": "QuestionIcon",
      "type": "block",
      "moduleType": "system",
      "moduleId": "block",
      "handlers": {
        "onTooltipTextAssignment": {
          "usedCustomFunctions": [
            "4f8fe7d853c915840a67685fa058d83f"
          ]
        }
      }
    },
    "5a537424c7d5f0fa5c2169ba52cdc3b9": {
      "id": "data SaveBtn",
      "type": "button",
      "moduleType": "system",
      "moduleId": "button",
      "handlers": {
        "onClick": {
          "usedCustomFunctions": [
            "696a14dd8d2f85be7023c2c4441a65a5",
            "8f16ba2ef5c9c7a7b32d569b3762f6c4"
          ]
        }
      }
    },
    "b4ac65b40f178182007af4f16afe24d6": {
      "id": "data controls",
      "type": "block",
      "moduleType": "system",
      "moduleId": "block",
      "handlers": {
        "onMounted": {
          "dependencies": []
        }
      }
    },
    "33a848b796b77f762a2122974b1af0aa": {
      "id": "data SaveRestartBtn",
      "type": "button",
      "moduleType": "system",
      "moduleId": "button",
      "handlers": {
        "onClick": {
          "usedCustomFunctions": [
            "696a14dd8d2f85be7023c2c4441a65a5",
            "8f16ba2ef5c9c7a7b32d569b3762f6c4"
          ]
        }
      }
    },
    "7e1ac109ebbe4db399af721c8b472bd2": {
      "id": "InputTimeout",
      "type": "input",
      "moduleType": "system",
      "moduleId": "input",
      "handlers": {
        "onChange": {
          "usedCustomFunctions": []
        }
      }
    },
    "57c1dbc34b1c989c67cdeee5b059df3e": {
      "id": "InputPassword",
      "type": "input",
      "moduleType": "system",
      "moduleId": "input",
      "handlers": {
        "onChange": {
          "usedCustomFunctions": []
        }
      }
    },
    "febabf157a01b6cc64e1b8f62b1e1a32": {
      "id": "InputProtocol",
      "type": "input",
      "moduleType": "system",
      "moduleId": "input",
      "handlers": {
        "onChange": {
          "usedCustomFunctions": []
        }
      }
    },
    "826adfb80e9fa3f9c4d409ef7c4fb6a8": {
      "id": "InputSendTimeout",
      "type": "input",
      "moduleType": "system",
      "moduleId": "input",
      "handlers": {
        "onChange": {
          "usedCustomFunctions": []
        }
      }
    },
    "f6024c35a4be53e6b64b776ba73ce95c": {
      "id": "ValidationMessageMaxCounters",
      "type": "text",
      "moduleType": "system",
      "moduleId": "text",
      "handlers": {
        "onDisplayAssignment": {
          "usedCustomFunctions": []
        }
      }
    },
    "f2cd77e13a5f3c9633a2a81f62910c09": {
      "id": "ValidationMessageMaxPageSize",
      "type": "text",
      "moduleType": "system",
      "moduleId": "text",
      "handlers": {
        "onDisplayAssignment": {
          "usedCustomFunctions": []
        }
      }
    },
    "49cfbb2af051f87d5dccc9944ddcb7b2": {
      "id": "ValidationMessageDefPageSize",
      "type": "text",
      "moduleType": "system",
      "moduleId": "text",
      "handlers": {
        "onDisplayAssignment": {
          "usedCustomFunctions": []
        }
      }
    },
    "c37570257cfd551e117c464d74721426": {
      "id": "ValidationMessageMaxBulk",
      "type": "text",
      "moduleType": "system",
      "moduleId": "text",
      "handlers": {
        "onDisplayAssignment": {
          "usedCustomFunctions": []
        }
      }
    },
    "da5a9fb94b4e945b59defc3358320e88": {
      "id": "InputSendFrom",
      "type": "input",
      "moduleType": "system",
      "moduleId": "input",
      "handlers": {
        "onChange": {
          "usedCustomFunctions": []
        }
      }
    },
    "956da196f07cacfdc983a7562c693e0a": {
      "id": "ValidationMessageMaxRelations",
      "type": "text",
      "moduleType": "system",
      "moduleId": "text",
      "handlers": {
        "onDisplayAssignment": {
          "usedCustomFunctions": []
        }
      }
    },
    "b54572a4aa5d9a730e6821542c7efb6f": {
      "id": "QuestionIcon",
      "type": "block",
      "moduleType": "system",
      "moduleId": "block",
      "handlers": {
        "onTooltipTextAssignment": {
          "usedCustomFunctions": [
            "4f8fe7d853c915840a67685fa058d83f"
          ]
        }
      }
    },
    "f509c2ebe2c76cbdccb7691d1526a5f6": {
      "id": "InputFromEmail",
      "type": "input",
      "moduleType": "system",
      "moduleId": "input",
      "handlers": {
        "onChange": {
          "usedCustomFunctions": []
        }
      }
    },
    "547f9fdb3364fb2edd716f81ac797da7": {
      "id": "ValidationMessageDefRelations",
      "type": "text",
      "moduleType": "system",
      "moduleId": "text",
      "handlers": {
        "onDisplayAssignment": {
          "usedCustomFunctions": []
        }
      }
    },
    "731ff8f7e02b1f1b1ddd65954ca550ae": {
      "id": "QuestionIcon",
      "type": "block",
      "moduleType": "system",
      "moduleId": "block",
      "handlers": {
        "onTooltipTextAssignment": {
          "usedCustomFunctions": [
            "4f8fe7d853c915840a67685fa058d83f"
          ]
        }
      }
    },
    "page": {
      "type": "page",
      "moduleType": "system",
      "moduleId": "page",
      "handlers": {
        "onLeave": {
          "dependencies": []
        },
        "onEnter": {
          "usedCustomFunctions": []
        }
      }
    },
    "924202b19f0ef683e3940a99b258d565": {
      "id": "email",
      "type": "block",
      "moduleType": "system",
      "moduleId": "block",
      "handlers": {
        "onMounted": {
          "usedCustomFunctions": [
            "696a14dd8d2f85be7023c2c4441a65a5"
          ]
        }
      }
    },
    "bbc392e35b1784c1cc7c948730017baa": {
      "id": "InputSMTPPort",
      "type": "input",
      "moduleType": "system",
      "moduleId": "input",
      "handlers": {
        "onChange": {
          "usedCustomFunctions": []
        }
      }
    },
    "efdf97964412fe09a4543c3742d61def": {
      "id": "InputSMTPHost",
      "type": "input",
      "moduleType": "system",
      "moduleId": "input",
      "handlers": {
        "onChange": {
          "usedCustomFunctions": []
        }
      }
    },
    "d4e29701d1c7a7d49786b18ca3055dd9": {
      "id": "InputUserID",
      "type": "input",
      "moduleType": "system",
      "moduleId": "input",
      "handlers": {
        "onChange": {
          "usedCustomFunctions": []
        }
      }
    }
  },
  "dataBinding": {},
  "usedComponentTypes": [
    "block",
    "r_eecdebf7a73f3c5e1cffd6bc92dbd289",
    "r_dcac843a154c1eb2e28a4a08b5d34fec",
    "text",
    "input",
    "button"
  ],
  "style": {},
  "attrs": {},
  "pods": {}
}