<xml xmlns="http://www.w3.org/1999/xhtml"><block type="root_block_ui_builder_button_onClick_handler" id="?$g(%o1~6L9c|t^E(:8K" deletable="false" x="20" y="50"><statement name="statements_code"><block type="set_object_property" id="SB#R,ieOLC,PxbCFFm.t"><value name="object"><block type="root_block_ui_builder_common__context_blocks_pageData" id="}_p(OXDu,R8OEk,VNjQF" bl_meta="{&quot;label&quot;:&quot;Page Data&quot;}"></block></value><value name="propName"><shadow type="text" id="D|N/y$Px[[l]nw,^Sd}q"><field name="TEXT">restartBtnIsClicked</field></shadow></value><value name="propValue"><block type="logic_boolean" id="x+)o!:ju-[,/C=Cmbw,I"><field name="BOOL">TRUE</field></block></value><next><block type="variables_set" id="*0c7RCSEH):5$kNcETMU"><field name="VAR">isValid</field><value name="VALUE"><block type="logic_boolean" id=",MmIj1fjLr(Wl6p?}WF@"><field name="BOOL">TRUE</field></block></value><next><block type="variables_set" id="{UkSSq[tcY{l=#+S{?X3"><field name="VAR">dataContainer</field><value name="VALUE"><block type="lists_getIndex" id="gl5G%T=jh-/EP^;8I(Yi"><mutation statement="false" at="false"></mutation><field name="MODE">GET</field><field name="WHERE">FIRST</field><value name="VALUE"><block type="ui_common_blocks__get_component_dynamic_list_items" id="^Af^A7MEjKf958tCJ1)p" bl_meta="{&quot;label&quot;:&quot;Get component repeater data&quot;}"><field name="componentUid">'9f186f89932cdfe880554e43f4f916a1'</field></block></value></block></value><next><block type="controls_if" id="4@Nd_Po]EyzDO$7V(8q,"><value name="IF0"><block type="logic_negate" id="%s4GCtZ/=vU,a/I%i)f]"><value name="BOOL"><block type="get_object_property" id="SF!t`2hFq`vn;?`dBA|?"><value name="prop_name"><shadow type="text" id="+ywZXP}7/l8{qd,DOY0{"><field name="TEXT">Timeout</field></shadow></value><value name="object"><block type="variables_get" id="42o(CxhS~HTDsNDEtn}H"><field name="VAR">dataContainer</field></block></value></block></value></block></value><statement name="DO0"><block type="set_object_property" id="/#:g*kqxuw7*M56dQ_.Z"><value name="object"><block type="variables_get" id="vU}6fV)^jru/xjc]RSOO"><field name="VAR">dataContainer</field></block></value><value name="propName"><shadow type="text" id="D19?^}Xsg4KyZ=*d2dMm"><field name="TEXT">validationMessageTimeout</field></shadow></value><value name="propValue"><block type="logic_boolean" id="^RxGMKqrdCfXw!y)I/xu"><field name="BOOL">TRUE</field></block></value></block></statement><next><block type="controls_if" id="X5%Z|vGMCv|Cfe/q5jzB"><value name="IF0"><block type="logic_negate" id="aOS`7Vs,W9p9OlnMtgL_"><value name="BOOL"><block type="get_object_property" id="zgA!~Pw,w+3c9BIs+crl"><value name="prop_name"><shadow type="text" id="6!Gs2%W.dYsCDsMM|dL["><field name="TEXT">Password</field></shadow></value><value name="object"><block type="variables_get" id="5ee!:AJ*6hW9Q:gF!=n="><field name="VAR">dataContainer</field></block></value></block></value></block></value><statement name="DO0"><block type="set_object_property" id="H3jz%UR4koXlp^z2NBXR"><value name="object"><block type="variables_get" id="JzK]avp.Jbm/p55{{zM["><field name="VAR">dataContainer</field></block></value><value name="propName"><shadow type="text" id=")|vH55*bQy;-XNW^[ceH"><field name="TEXT">validationMessagePassword</field></shadow></value><value name="propValue"><block type="logic_boolean" id="5V6n;(=)~qgzTxB5Xuf{"><field name="BOOL">TRUE</field></block></value></block></statement><next><block type="controls_if" id="7yVPoo]ekCZrOm=}_dYP"><value name="IF0"><block type="logic_negate" id="d~1A,w__$BdIi2#A*-V("><value name="BOOL"><block type="get_object_property" id="[!}q`5W^S2GVCrr$IP}{"><value name="prop_name"><shadow type="text" id="+ZH;[-D~Y^eqR*^3kASG"><field name="TEXT">Protocol</field></shadow></value><value name="object"><block type="variables_get" id="%-H*!bgMTGd3qiDj.$n*"><field name="VAR">dataContainer</field></block></value></block></value></block></value><statement name="DO0"><block type="set_object_property" id="LbXjC|LD2CXJ:,.9i;g]"><value name="object"><block type="variables_get" id="mNHkU~*^8v4_@(OH{`~c"><field name="VAR">dataContainer</field></block></value><value name="propName"><shadow type="text" id="qvk:DOeoONJ%]:|?(`[4"><field name="TEXT">validationMessageProtocol</field></shadow></value><value name="propValue"><block type="logic_boolean" id="U1(e*d,SF0G42=aK`q{g"><field name="BOOL">TRUE</field></block></value></block></statement><next><block type="controls_if" id="wplk[/~x7}|!O=6,!Ltv"><value name="IF0"><block type="logic_negate" id="HuBM:Vj?%U;2qW7kz;``"><value name="BOOL"><block type="get_object_property" id="s`$$5d%_ONPCXyz@zNp6"><value name="prop_name"><shadow type="text" id="xmuTm|j4h,,gcf|/4veG"><field name="TEXT">Send From</field></shadow></value><value name="object"><block type="variables_get" id="XhP81^xW+jQ7|16lws=z"><field name="VAR">dataContainer</field></block></value></block></value></block></value><statement name="DO0"><block type="set_object_property" id="E.y^VH1tDpAGGa]v~oyC"><value name="object"><block type="variables_get" id=",,oo4]e,pFu(,Kak}??Z"><field name="VAR">dataContainer</field></block></value><value name="propName"><shadow type="text" id="Cx7C~q51`AZZH7A~.R|d"><field name="TEXT">validationMessageSendFrom</field></shadow></value><value name="propValue"><block type="logic_boolean" id="oB$P4yTj,Wa~A`vQoR|+"><field name="BOOL">TRUE</field></block></value></block></statement><next><block type="controls_if" id="fr?$~_{}!y}1YwA,aCsK"><value name="IF0"><block type="logic_negate" id="Mw0;Vch)vR_Q`fIOXK*["><value name="BOOL"><block type="get_object_property" id="h)z[G85~D_b(wp*$pN@G"><value name="prop_name"><shadow type="text" id="oKl@p*,tkv7JCIXQ0|_~"><field name="TEXT">From Email</field></shadow></value><value name="object"><block type="variables_get" id="}t)vM6r4W==~t(xf}uMy"><field name="VAR">dataContainer</field></block></value></block></value></block></value><statement name="DO0"><block type="set_object_property" id="/1JU%.rJM|BS2cx6Ac2g"><value name="object"><block type="variables_get" id="otZwNTnrV[)n{Zpryc+m"><field name="VAR">dataContainer</field></block></value><value name="propName"><shadow type="text" id="pzQXIgEA7kS1WgR_={Ow"><field name="TEXT">validationMessageFromEmail</field></shadow></value><value name="propValue"><block type="logic_boolean" id="ySZ?[v6xNj-3z.HzU=id"><field name="BOOL">TRUE</field></block></value></block></statement><next><block type="controls_if" id=":Y}Cg+(@LpV8),(TXb3D"><value name="IF0"><block type="logic_negate" id="/y:J,o:E4(2A8qT+}Bvg"><value name="BOOL"><block type="get_object_property" id="+_i`#[?#rZ?zK6K8g9cx"><value name="prop_name"><shadow type="text" id="%Hq9b(6{6HMC%|E.+Z-^"><field name="TEXT">Send Timeout</field></shadow></value><value name="object"><block type="variables_get" id="*HfkqtU)C*?!z!~ze=Wc"><field name="VAR">dataContainer</field></block></value></block></value></block></value><statement name="DO0"><block type="set_object_property" id="!dnu?iLOO8zEk6*)R(.d"><value name="object"><block type="variables_get" id="LS3WT|(XQkv{|s}=P)r8"><field name="VAR">dataContainer</field></block></value><value name="propName"><shadow type="text" id="*^{En*Zl6@/sy`3SMdBH"><field name="TEXT">validationMessageSendTimeout</field></shadow></value><value name="propValue"><block type="logic_boolean" id="Gmjy|b7T8@r7*GJ[LvQ1"><field name="BOOL">TRUE</field></block></value></block></statement><next><block type="controls_if" id="`,I]|cgaHgqTo|Wz2@`}"><value name="IF0"><block type="logic_negate" id="()BH,bz/{c:zi7V=?d[0"><value name="BOOL"><block type="get_object_property" id="^V^s6p?Qm^J`1)$i]V:j"><value name="prop_name"><shadow type="text" id="]PvS/0K5E,Fuj@d@gm`$"><field name="TEXT">SMTP Port</field></shadow></value><value name="object"><block type="variables_get" id="m*%5+`qDAGl:}Kh.G1#/"><field name="VAR">dataContainer</field></block></value></block></value></block></value><statement name="DO0"><block type="set_object_property" id="mL.Z^Mz/)+|nn=G7#hSt"><value name="object"><block type="variables_get" id="_pj!~SBR8H/-3+L-zYF="><field name="VAR">dataContainer</field></block></value><value name="propName"><shadow type="text" id="rEpK$bfaw]j6vc=F(~sw"><field name="TEXT">validationMessageSMTPPort</field></shadow></value><value name="propValue"><block type="logic_boolean" id="@c]g)811!xk2P{f9MPl{"><field name="BOOL">TRUE</field></block></value></block></statement><next><block type="controls_if" id="b=^gdRzrZan*k`jFKjPe"><value name="IF0"><block type="logic_negate" id="[iW:V+uH@]V;v,qvPt!|"><value name="BOOL"><block type="get_object_property" id="iq+VA8AlZk8+9~UW.prY"><value name="prop_name"><shadow type="text" id="mCJvH$]B@+SkkbYtp}]8"><field name="TEXT">SMTP Host</field></shadow></value><value name="object"><block type="variables_get" id="K/Gm-?u$I%mCgQ~l[D#X"><field name="VAR">dataContainer</field></block></value></block></value></block></value><statement name="DO0"><block type="set_object_property" id="TyTjz!Rb-^0fvRC+o,LZ"><value name="object"><block type="variables_get" id="y#@vZ{pF$vTy2`kA40v{"><field name="VAR">dataContainer</field></block></value><value name="propName"><shadow type="text" id="KevsK+ebY0KQ;^9{J[!z"><field name="TEXT">validationMessageSMTPHost</field></shadow></value><value name="propValue"><block type="logic_boolean" id="eNT|DY_.j#w}`K|KjSLG"><field name="BOOL">TRUE</field></block></value></block></statement><next><block type="controls_if" id="v$6`4a#-t#Iy9SX^pCcF"><value name="IF0"><block type="logic_negate" id="*Fb!_Jqb5u[c-k3#]J]."><value name="BOOL"><block type="get_object_property" id="]$m%,BB#BWEL?^!.8*R-"><value name="prop_name"><shadow type="text" id="cVb%DGVk5;}k%w7U:oH!"><field name="TEXT">User ID</field></shadow></value><value name="object"><block type="variables_get" id="Y31t$0`pE[[l`EWhZyIs"><field name="VAR">dataContainer</field></block></value></block></value></block></value><statement name="DO0"><block type="set_object_property" id="L|6dqLiDk|@[)@~;yT^q"><value name="object"><block type="variables_get" id="NCwh~~3i)s(h7$aMC]4+"><field name="VAR">dataContainer</field></block></value><value name="propName"><shadow type="text" id="s*:dBZLd3A+N]q(40hdz"><field name="TEXT">validationMessageUserID</field></shadow></value><value name="propValue"><block type="logic_boolean" id="n_qld@cdW]3H-m.t~wUr"><field name="BOOL">TRUE</field></block></value></block></statement><next><block type="controls_forEach" id="P4v#e?ELH}b$X3b:`p0f"><field name="VAR">item</field><value name="LIST"><block type="ui_common_blocks__get_component_dynamic_list_items" id="5^(0R#n09-oi+5?mbsY." bl_meta="{&quot;label&quot;:&quot;Get component repeater data&quot;}"><field name="componentUid">'9f186f89932cdfe880554e43f4f916a1'</field></block></value><statement name="DO"><block type="controls_forEach" id="kKSdrl]YP+m3(2h1.`l("><field name="VAR">descriptionItem</field><value name="LIST"><block type="get_object_property" id="+!_Q{f7Hi1u[U_gb+(=1"><value name="prop_name"><shadow type="text" id="{g*k7:%lr%D#RMmqb06w"><field name="TEXT">description</field></shadow></value><value name="object"><block type="root_block_ui_builder_common__context_blocks_pageData" id="FT$(i(LiXVh0gG?~~-[u" bl_meta="{&quot;label&quot;:&quot;Page Data&quot;}"></block></value></block></value><statement name="DO"><block type="controls_if" id="$iCp!H?$}naI%36Ku}~r"><value name="IF0"><block type="logic_negate" id="6}{mF]5[WAMMR;+FfcYN"><value name="BOOL"><block type="get_object_property" id="Uyj!GR9njuh[ip[f$`vw"><value name="prop_name"><shadow type="text" id="M[zFU%JN~7e``od::d]k"><field name="TEXT"></field></shadow><block type="get_object_property" id="2)Ju%`5*7T8[.VVbm4d?"><value name="prop_name"><shadow type="text" id="CHfn!f}=[TlmKS8Dl[o4"><field name="TEXT">name</field></shadow></value><value name="object"><block type="variables_get" id="z^07L8nAntfPiV|^mGGU"><field name="VAR">descriptionItem</field></block></value></block></value><value name="object"><block type="variables_get" id="T)ksenwW7,Yc+lL,?OZp"><field name="VAR">item</field></block></value></block></value></block></value><statement name="DO0"><block type="variables_set" id="J=r3xSv7~Y.O}~fIq!hw"><field name="VAR">isValid</field><value name="VALUE"><block type="logic_boolean" id="9hgP8Z;UP+~Z}n2)HV_Q"><field name="BOOL">FALSE</field></block></value></block></statement></block></statement></block></statement><next><block type="controls_if" id="2-ySOQv8Y}Quh@q=7~Xr"><value name="IF0"><block type="logic_negate" id="68EQewIU/o1?4H2P3#s/"><value name="BOOL"><block type="variables_get" id="]!ObWGicr?SjtQ^9]INu"><field name="VAR">isValid</field></block></value></block></value><statement name="DO0"><block type="immediate_return" id="]b5624=Rx,[f-gM)6nF9"></block></statement><next><block type="set_object_property" id="3mQ9EuinMuT=$WM+M+j%"><value name="object"><block type="root_block_ui_builder_common__context_blocks_pageData" id="-TSlU%^|?l|hEyuD)uk7" bl_meta="{&quot;label&quot;:&quot;Page Data&quot;}"></block></value><value name="propName"><shadow type="text" id=":h+;ubMlu7I#1l2t|@$l"><field name="TEXT">btnSaveRestartDisabled</field></shadow></value><value name="propValue"><block type="logic_boolean" id="fi:h7d@Aq9^jRU{Wmyv|"><field name="BOOL">TRUE</field></block></value><next><block type="set_object_property" id="-%zUozn}$K3u18AT,-9S"><value name="object"><block type="root_block_ui_builder_common__context_blocks_pageData" id="kd5M{_pOeq6o+V#$U0W{" bl_meta="{&quot;label&quot;:&quot;Page Data&quot;}"></block></value><value name="propName"><shadow type="text" id="hHG;%T~uqm-p_}lq)9c-"><field name="TEXT">btnSaveRestart</field></shadow></value><value name="propValue"><block type="text" id="?;^$H}6z{[A_!W);tBcg"><field name="TEXT">Saving...</field></block></value><next><block type="try_catch" id="QY~w4B;L1D,82{%X+x:#"><statement name="try"><block type="text_print" id="QJ+P0Df^J!]SSNQHK=Yr"><value name="TEXT"><shadow type="text" id="1;VqYCHfI?a:YB%2|@gh"><field name="TEXT">abc</field></shadow><block type="codeless_function_block_696a14dd8d2f85be7023c2c4441a65a5" id="eLf9.~yd4GXnxgn`=62e" bl_meta="{&quot;fn&quot;:&quot;ProManagerAPI&quot;,&quot;label&quot;:&quot;Custom Function - ProManagerAPI&quot;}"><mutation has_output="true"></mutation><field name="connections_toggler">TRUE</field><value name="method"><block type="text" id="U:U^EI].@7~;E6z+bp1#"><field name="TEXT">put</field></block></value><value name="path"><block type="text" id=")GyxDRLd9?Ewn~`7J:ZX"><field name="TEXT">/manage/configuration/mail?restart=true</field></block></value><value name="body"><block type="lists_getIndex" id="hw7+-YCwX@AIo3ka/(6Z"><mutation statement="false" at="false"></mutation><field name="MODE">GET</field><field name="WHERE">FIRST</field><value name="VALUE"><block type="ui_common_blocks__get_component_dynamic_list_items" id="S/,R8Kj4^zoJj3iu_:B/" bl_meta="{&quot;label&quot;:&quot;Get component repeater data&quot;}"><field name="componentUid">'9f186f89932cdfe880554e43f4f916a1'</field></block></value></block></value></block></value><next><block type="set_object_property" id="PPT@7D6tzQqbGYryS/_1"><value name="object"><block type="root_block_ui_builder_common__context_blocks_pageData" id="}6m~f;T(,]+yL_+]EF?y" bl_meta="{&quot;label&quot;:&quot;Page Data&quot;}"></block></value><value name="propName"><shadow type="text" id="nl@R-Jq`AY+!uclME-@_"><field name="TEXT">btnSaveRestart</field></shadow></value><value name="propValue"><block type="text" id="tD#CKS]{PQ0L0_[E~tiE"><field name="TEXT">Save and Restart</field></block></value><next><block type="set_object_property" id="1|`F*~QH0/3AL40iD=~,"><value name="object"><block type="root_block_ui_builder_common__context_blocks_pageData" id=")jRk%m.PD5v^ck^Q4;%C" bl_meta="{&quot;label&quot;:&quot;Page Data&quot;}"></block></value><value name="propName"><shadow type="text" id="2MXBvC~.X%Fy^q;nj))*"><field name="TEXT">btnSaveRestartDisabled</field></shadow></value><value name="propValue"><block type="logic_boolean" id="DdlAJ/}P^pzjO+=;Y{Z-"><field name="BOOL">FALSE</field></block></value><next><block type="codeless_function_block_8f16ba2ef5c9c7a7b32d569b3762f6c4" id="vjrDybpi([19W.ZSu^.Y" bl_meta="{&quot;fn&quot;:&quot;showMessage&quot;,&quot;label&quot;:&quot;Custom Function - showMessage&quot;}"><mutation has_output="false"></mutation><field name="connections_toggler">FALSE</field><value name="pageData"><block type="root_block_ui_builder_common__context_blocks_pageData" id="u%h|x86W4zn,Jr#e*pAz" bl_meta="{&quot;label&quot;:&quot;Page Data&quot;}"></block></value><value name="message"><block type="text" id="FIK(Fxvixt:EpMwFt{1U"><field name="TEXT">The data has been saved successfully</field></block></value><value name="color"><block type="text" id="`xj9B*9ycC)xFGqR_#e,"><field name="TEXT">rgba(39, 174, 96, 0.93)</field></block></value><value name="alert"><block type="ui_common_blocks__get_component_by_id" id=";xum5[8B3/Y-1@`tSa^C" bl_meta="{&quot;label&quot;:&quot;Get component by id&quot;}"><field name="componentUid">'95980ee1806a02128292c7d76666d134'</field></block></value><value name="styleAlert"><block type="ui_common_blocks__get_component_data_style" id="411:a_!.5IePYF[%ht1." bl_meta="{&quot;label&quot;:&quot;Get component style&quot;}"><field name="componentUid">'95980ee1806a02128292c7d76666d134'</field></block></value><value name="styleAlertText"><block type="ui_common_blocks__get_component_data_style" id="Ed8oi*Qh6MTJ[I?b#-#_" bl_meta="{&quot;label&quot;:&quot;Get component style&quot;}"><field name="componentUid">'56af2c373986c15715d6b101723d8d4f'</field></block></value></block></next></block></next></block></next></block></statement><statement name="catch"><block type="set_object_property" id="WR[rv_~c{{u{BsR|t/`N"><value name="object"><block type="root_block_ui_builder_common__context_blocks_pageData" id="`+S8l1SVBZ8yxYD[l^AR" bl_meta="{&quot;label&quot;:&quot;Page Data&quot;}"></block></value><value name="propName"><shadow type="text" id="oM$PyOlJ8SjdL4;eI]:Z"><field name="TEXT">btnSaveRestart</field></shadow></value><value name="propValue"><block type="text" id="A$a5h|rOz)qt)Gq6#-*s"><field name="TEXT">Save and Restart</field></block></value><next><block type="set_object_property" id="F^zBaF%7`Q[7BZ4[b3:`"><value name="object"><block type="root_block_ui_builder_common__context_blocks_pageData" id="@MOV6hA[Bw)2[V)t6#:K" bl_meta="{&quot;label&quot;:&quot;Page Data&quot;}"></block></value><value name="propName"><shadow type="text" id="x|FC}Q,ImntPP6ufLrau"><field name="TEXT">btnSaveRestartDisabled</field></shadow></value><value name="propValue"><block type="logic_boolean" id="-[`5:~IwC=)`GEx[LJ)9"><field name="BOOL">FALSE</field></block></value><next><block type="codeless_function_block_8f16ba2ef5c9c7a7b32d569b3762f6c4" id="Xs4n[8%;d#8$R#/4:,5*" bl_meta="{&quot;fn&quot;:&quot;showMessage&quot;,&quot;label&quot;:&quot;Custom Function - showMessage&quot;}"><mutation has_output="false"></mutation><field name="connections_toggler">FALSE</field><value name="pageData"><block type="root_block_ui_builder_common__context_blocks_pageData" id="4jxq1B^mp1e--N%]KZTB" bl_meta="{&quot;label&quot;:&quot;Page Data&quot;}"></block></value><value name="message"><block type="get_object_property" id="}DU79yoO,ml~OvyW4)-R"><value name="prop_name"><shadow type="text" id="GOG0dyuQSyHO4!(9T_];"><field name="TEXT">message</field></shadow></value><value name="object"><block type="variables_get" id="6Q+OD0MOJsRMD3RLZY*K"><field name="VAR">error</field></block></value></block></value><value name="color"><block type="text" id="bJ,AWrs1[#cIiUC}b:)@"><field name="TEXT">rgba(231, 76, 60, 0.93)</field></block></value><value name="alert"><block type="ui_common_blocks__get_component_by_id" id="kdhu(6CP~-yl(,(5fyQt" bl_meta="{&quot;label&quot;:&quot;Get component by id&quot;}"><field name="componentUid">'95980ee1806a02128292c7d76666d134'</field></block></value><value name="styleAlert"><block type="ui_common_blocks__get_component_data_style" id="u:)!o;UV$wsm?926|H`j" bl_meta="{&quot;label&quot;:&quot;Get component style&quot;}"><field name="componentUid">'95980ee1806a02128292c7d76666d134'</field></block></value><value name="styleAlertText"><block type="ui_common_blocks__get_component_data_style" id="@z0|vd7~ZDf/4gAiktQ5" bl_meta="{&quot;label&quot;:&quot;Get component style&quot;}"><field name="componentUid">'56af2c373986c15715d6b101723d8d4f'</field></block></value></block></next></block></next></block></statement></block></next></block></next></block></next></block></next></block></next></block></next></block></next></block></next></block></next></block></next></block></next></block></next></block></next></block></next></block></next></block></next></block></statement></block></xml>