<xml xmlns="http://www.w3.org/1999/xhtml"><block type="root_block_ui_builder_button_onClick_handler" id="?$g(%o1~6L9c|t^E(:8K" deletable="false" x="20" y="50"><statement name="statements_code"><block type="variables_set" id="Vua/Fi6p2B0xc32kx[l@"><field name="VAR">isValid</field><value name="VALUE"><block type="logic_boolean" id="_w*{azcb@!2E$?SvAlQ?"><field name="BOOL">TRUE</field></block></value><next><block type="controls_forEach" id="x57N1IoY@Qr=Q6yK:,cj"><field name="VAR">item</field><value name="LIST"><block type="ui_common_blocks__get_component_dynamic_list_items" id="*)|}^=/hyT@3S`?JC,6z" bl_meta="{&quot;label&quot;:&quot;Get component repeater data&quot;}"><field name="componentUid">'9f186f89932cdfe880554e43f4f916a1'</field></block></value><statement name="DO"><block type="controls_forEach" id="@f%@Dw@Gv;h|p,C=]_N}"><field name="VAR">descriptionItem</field><value name="LIST"><block type="get_object_property" id="MBM^odoWX3B].SF!Y9m)"><value name="prop_name"><shadow type="text" id="?a]-ch^y{,H+[r{3e7W+"><field name="TEXT">description</field></shadow></value><value name="object"><block type="root_block_ui_builder_common__context_blocks_pageData" id="~8!nx121C~cU2u[=VlxJ" bl_meta="{&quot;label&quot;:&quot;Page Data&quot;}"></block></value></block></value><statement name="DO"><block type="controls_if" id="w`h0H*jpZ?KGri07~lg("><value name="IF0"><block type="get_object_property" id="l]I;+q7eDCouO.yheaI9"><value name="prop_name"><shadow type="text" id="xNAmZmEWPRf]O`v2OXPl"><field name="TEXT">required</field></shadow></value><value name="object"><block type="variables_get" id="J0wD[sqmtQpQucZ;M]{("><field name="VAR">descriptionItem</field></block></value></block></value><statement name="DO0"><block type="controls_if" id="Nt1U4VS5LyUX_2lXn}gH"><value name="IF0"><block type="logic_negate" id="W2Do_Mu=)vW3tiK1yi~4"><value name="BOOL"><block type="get_object_property" id="cYFBkb!WnrNXRP[~]Om3"><value name="prop_name"><shadow type="text" id="M[zFU%JN~7e``od::d]k"><field name="TEXT"></field></shadow><block type="get_object_property" id="fabe:CHc,#QY?VF7,/`S"><value name="prop_name"><shadow type="text" id=")3,@6bNzZOPY(3d0mb/+"><field name="TEXT">name</field></shadow></value><value name="object"><block type="variables_get" id="f9K$/~NmgUzbS/#]AE80"><field name="VAR">descriptionItem</field></block></value></block></value><value name="object"><block type="variables_get" id="gf[dE;_Iuy6Ts9FUf*Uz"><field name="VAR">item</field></block></value></block></value></block></value><statement name="DO0"><block type="variables_set" id="56wEyr~,=lljT8fl4QGI"><field name="VAR">isValid</field><value name="VALUE"><block type="logic_boolean" id="gql16Pz`Jc}Det]o,O!p"><field name="BOOL">FALSE</field></block></value></block></statement></block></statement></block></statement></block></statement><next><block type="controls_if" id="2-ySOQv8Y}Quh@q=7~Xr"><value name="IF0"><block type="logic_negate" id="68EQewIU/o1?4H2P3#s/"><value name="BOOL"><block type="variables_get" id="]!ObWGicr?SjtQ^9]INu"><field name="VAR">isValid</field></block></value></block></value><statement name="DO0"><block type="immediate_return" id="]b5624=Rx,[f-gM)6nF9"></block></statement><next><block type="set_object_property" id="3mQ9EuinMuT=$WM+M+j%"><value name="object"><block type="root_block_ui_builder_common__context_blocks_pageData" id="-TSlU%^|?l|hEyuD)uk7" bl_meta="{&quot;label&quot;:&quot;Page Data&quot;}"></block></value><value name="propName"><shadow type="text" id=":h+;ubMlu7I#1l2t|@$l"><field name="TEXT">btnSaveRestartDisabled</field></shadow></value><value name="propValue"><block type="logic_boolean" id="fi:h7d@Aq9^jRU{Wmyv|"><field name="BOOL">TRUE</field></block></value><next><block type="set_object_property" id="-%zUozn}$K3u18AT,-9S"><value name="object"><block type="root_block_ui_builder_common__context_blocks_pageData" id="kd5M{_pOeq6o+V#$U0W{" bl_meta="{&quot;label&quot;:&quot;Page Data&quot;}"></block></value><value name="propName"><shadow type="text" id="hHG;%T~uqm-p_}lq)9c-"><field name="TEXT">btnSaveRestart</field></shadow></value><value name="propValue"><block type="text" id="?;^$H}6z{[A_!W);tBcg"><field name="TEXT">Saving...</field></block></value><next><block type="try_catch" id="QY~w4B;L1D,82{%X+x:#"><statement name="try"><block type="text_print" id="QJ+P0Df^J!]SSNQHK=Yr"><value name="TEXT"><shadow type="text" id="1;VqYCHfI?a:YB%2|@gh"><field name="TEXT">abc</field></shadow><block type="codeless_function_block_696a14dd8d2f85be7023c2c4441a65a5" id="eLf9.~yd4GXnxgn`=62e" bl_meta="{&quot;fn&quot;:&quot;ProManagerAPI&quot;,&quot;label&quot;:&quot;Custom Function - ProManagerAPI&quot;}"><mutation has_output="true"></mutation><field name="connections_toggler">TRUE</field><value name="method"><block type="text" id="U:U^EI].@7~;E6z+bp1#"><field name="TEXT">put</field></block></value><value name="path"><block type="text" id=")GyxDRLd9?Ewn~`7J:ZX"><field name="TEXT">/manage/configuration/mail?restart=true</field></block></value><value name="body"><block type="lists_getIndex" id="hw7+-YCwX@AIo3ka/(6Z"><mutation statement="false" at="false"></mutation><field name="MODE">GET</field><field name="WHERE">FIRST</field><value name="VALUE"><block type="ui_common_blocks__get_component_dynamic_list_items" id="S/,R8Kj4^zoJj3iu_:B/" bl_meta="{&quot;label&quot;:&quot;Get component repeater data&quot;}"><field name="componentUid">'9f186f89932cdfe880554e43f4f916a1'</field></block></value></block></value></block></value><next><block type="set_object_property" id="PPT@7D6tzQqbGYryS/_1"><value name="object"><block type="root_block_ui_builder_common__context_blocks_pageData" id="}6m~f;T(,]+yL_+]EF?y" bl_meta="{&quot;label&quot;:&quot;Page Data&quot;}"></block></value><value name="propName"><shadow type="text" id="nl@R-Jq`AY+!uclME-@_"><field name="TEXT">btnSaveRestart</field></shadow></value><value name="propValue"><block type="text" id="tD#CKS]{PQ0L0_[E~tiE"><field name="TEXT">Save and Restart</field></block></value><next><block type="set_object_property" id="1|`F*~QH0/3AL40iD=~,"><value name="object"><block type="root_block_ui_builder_common__context_blocks_pageData" id=")jRk%m.PD5v^ck^Q4;%C" bl_meta="{&quot;label&quot;:&quot;Page Data&quot;}"></block></value><value name="propName"><shadow type="text" id="2MXBvC~.X%Fy^q;nj))*"><field name="TEXT">btnSaveRestartDisabled</field></shadow></value><value name="propValue"><block type="logic_boolean" id="DdlAJ/}P^pzjO+=;Y{Z-"><field name="BOOL">FALSE</field></block></value><next><block type="codeless_function_block_8f16ba2ef5c9c7a7b32d569b3762f6c4" id="vjrDybpi([19W.ZSu^.Y" bl_meta="{&quot;fn&quot;:&quot;showMessage&quot;,&quot;label&quot;:&quot;Custom Function - showMessage&quot;}"><mutation has_output="false"></mutation><field name="connections_toggler">FALSE</field><value name="pageData"><block type="root_block_ui_builder_common__context_blocks_pageData" id="u%h|x86W4zn,Jr#e*pAz" bl_meta="{&quot;label&quot;:&quot;Page Data&quot;}"></block></value><value name="message"><block type="text" id="FIK(Fxvixt:EpMwFt{1U"><field name="TEXT">The data has been saved successfully</field></block></value><value name="color"><block type="text" id="`xj9B*9ycC)xFGqR_#e,"><field name="TEXT">rgba(39, 174, 96, 0.93)</field></block></value><value name="alert"><block type="ui_common_blocks__get_component_by_id" id=";xum5[8B3/Y-1@`tSa^C" bl_meta="{&quot;label&quot;:&quot;Get component by id&quot;}"><field name="componentUid">'95980ee1806a02128292c7d76666d134'</field></block></value><value name="styleAlert"><block type="ui_common_blocks__get_component_data_style" id="411:a_!.5IePYF[%ht1." bl_meta="{&quot;label&quot;:&quot;Get component style&quot;}"><field name="componentUid">'95980ee1806a02128292c7d76666d134'</field></block></value><value name="styleAlertText"><block type="ui_common_blocks__get_component_data_style" id="Ed8oi*Qh6MTJ[I?b#-#_" bl_meta="{&quot;label&quot;:&quot;Get component style&quot;}"><field name="componentUid">'56af2c373986c15715d6b101723d8d4f'</field></block></value></block></next></block></next></block></next></block></statement><statement name="catch"><block type="set_object_property" id="WR[rv_~c{{u{BsR|t/`N"><value name="object"><block type="root_block_ui_builder_common__context_blocks_pageData" id="`+S8l1SVBZ8yxYD[l^AR" bl_meta="{&quot;label&quot;:&quot;Page Data&quot;}"></block></value><value name="propName"><shadow type="text" id="oM$PyOlJ8SjdL4;eI]:Z"><field name="TEXT">btnSaveRestart</field></shadow></value><value name="propValue"><block type="text" id="A$a5h|rOz)qt)Gq6#-*s"><field name="TEXT">Save and Restart</field></block></value><next><block type="set_object_property" id="F^zBaF%7`Q[7BZ4[b3:`"><value name="object"><block type="root_block_ui_builder_common__context_blocks_pageData" id="@MOV6hA[Bw)2[V)t6#:K" bl_meta="{&quot;label&quot;:&quot;Page Data&quot;}"></block></value><value name="propName"><shadow type="text" id="x|FC}Q,ImntPP6ufLrau"><field name="TEXT">btnSaveRestartDisabled</field></shadow></value><value name="propValue"><block type="logic_boolean" id="-[`5:~IwC=)`GEx[LJ)9"><field name="BOOL">FALSE</field></block></value><next><block type="codeless_function_block_8f16ba2ef5c9c7a7b32d569b3762f6c4" id="Xs4n[8%;d#8$R#/4:,5*" bl_meta="{&quot;fn&quot;:&quot;showMessage&quot;,&quot;label&quot;:&quot;Custom Function - showMessage&quot;}"><mutation has_output="false"></mutation><field name="connections_toggler">FALSE</field><value name="pageData"><block type="root_block_ui_builder_common__context_blocks_pageData" id="4jxq1B^mp1e--N%]KZTB" bl_meta="{&quot;label&quot;:&quot;Page Data&quot;}"></block></value><value name="message"><block type="get_object_property" id="}DU79yoO,ml~OvyW4)-R"><value name="prop_name"><shadow type="text" id="GOG0dyuQSyHO4!(9T_];"><field name="TEXT">message</field></shadow></value><value name="object"><block type="variables_get" id="6Q+OD0MOJsRMD3RLZY*K"><field name="VAR">error</field></block></value></block></value><value name="color"><block type="text" id="bJ,AWrs1[#cIiUC}b:)@"><field name="TEXT">rgba(231, 76, 60, 0.93)</field></block></value><value name="alert"><block type="ui_common_blocks__get_component_by_id" id="kdhu(6CP~-yl(,(5fyQt" bl_meta="{&quot;label&quot;:&quot;Get component by id&quot;}"><field name="componentUid">'95980ee1806a02128292c7d76666d134'</field></block></value><value name="styleAlert"><block type="ui_common_blocks__get_component_data_style" id="u:)!o;UV$wsm?926|H`j" bl_meta="{&quot;label&quot;:&quot;Get component style&quot;}"><field name="componentUid">'95980ee1806a02128292c7d76666d134'</field></block></value><value name="styleAlertText"><block type="ui_common_blocks__get_component_data_style" id="@z0|vd7~ZDf/4gAiktQ5" bl_meta="{&quot;label&quot;:&quot;Get component style&quot;}"><field name="componentUid">'56af2c373986c15715d6b101723d8d4f'</field></block></value></block></next></block></next></block></statement></block></next></block></next></block></next></block></next></block></next></block></statement></block></xml>