<xml xmlns="http://www.w3.org/1999/xhtml"><block type="root_block_ui_builder_checkbox_onChange_handler" id="D*pt@yQm%--|}/`dVOt3" deletable="false" x="18" y="104"><statement name="statements_code"><block type="controls_if" id="r1fZ,X}3Oz_{%dYc[Wv^"><mutation else="1"></mutation><value name="IF0"><block type="root_block_ui_builder_checkbox_onChange_handler_context_blocks_value" id="b2;5s,Y4),@d%O60g}-f"></block></value><statement name="DO0"><block type="list_add_item" id="5TXo5=lBigj0dIH$]5)v"><mutation has_output="false"></mutation><field name="connections_toggler">FALSE</field><value name="list"><block type="get_object_property" id="D_-53V=Yok0,DZ7bWLW;"><value name="prop_name"><shadow type="text" id="HU2Ogv)(#HXhAw.LF/bQ"><field name="TEXT">groupActionList</field></shadow></value><value name="object"><block type="root_block_ui_builder_common__context_blocks_pageData" id="v6G`[`xA9FNgfAEvpM~L"></block></value></block></value><value name="value"><block type="root_block_ui_builder_common__context_blocks_e9118d25f3628ca2aa41dd74e6510651_data" id=":i.G0JzWw[.lj],9cD,)"></block></value></block></statement><statement name="ELSE"><block type="set_object_property" id="*w#sZ[w5O*b0W^^(0}$q"><value name="object"><block type="root_block_ui_builder_common__context_blocks_pageData" id="E*#zah`auek@5Ei1Fw=l"></block></value><value name="propName"><shadow type="text" id="%R0C=+r16(FrDm:(1~F}"><field name="TEXT">groupActionList</field></shadow></value><value name="propValue"><block type="list_filter_items" id="3[lL+1[$CroPHIyu3L[$"><field name="item">item</field><value name="list"><block type="get_object_property" id="4zcJ6R#~fu%:gP|pm3Ns"><value name="prop_name"><shadow type="text" id="p^=XnDF?zc3r1VWQz~x#"><field name="TEXT">groupActionList</field></shadow></value><value name="object"><block type="root_block_ui_builder_common__context_blocks_pageData" id="r5mo2-8HoKW2f5[3t_*f"></block></value></block></value><value name="returnCode"><block type="logic_compare" id="t~R(3%kqq+u!K[8}E%:Y"><field name="OP">NEQ</field><value name="A"><block type="get_object_property" id="!ZYe=wL_pCG?;{5w.5?G" inline="false"><value name="prop_name"><shadow type="text" id="W+=10?RKa[Reg!odVx!K"><field name="TEXT">name</field></shadow></value><value name="object"><block type="variables_get" id=".!RXAKSvWmVoUA^waD*u"><field name="VAR">item</field></block></value></block></value><value name="B"><block type="get_object_property" id="4h$Tyr2x%tu+[{I.wrsW" inline="false"><value name="prop_name"><shadow type="text" id="qRLt1.86Lamn|2l,7kXh"><field name="TEXT">name</field></shadow></value><value name="object"><block type="root_block_ui_builder_common__context_blocks_e9118d25f3628ca2aa41dd74e6510651_data" id="4bAD/}E)mC;KJUNoUM#="></block></value></block></value></block></value></block></value></block></statement></block></statement></block></xml>