<xml xmlns="http://www.w3.org/1999/xhtml"><block type="root_block_ui_builder_button_onDisplayAssignment_handler" id="qEsWMTj9$8`BeG2h9g-v" deletable="false" x="20" y="50"><value name="return"><block type="logic_compare" id="a5R:b)g7s[3_kP)Q?v+$"><field name="OP">EQ</field><value name="A"><block type="get_object_property" id="H~N]Y)WlP]1P;Y!z#Q/N" inline="false"><value name="prop_name"><shadow type="text" id="$A@~VCpl@t)}igfIbdJ{"><field name="TEXT">servicesCreated</field></shadow></value><value name="object"><block type="root_block_ui_builder_common__context_blocks_pageData" id="WC;x2!ROSKOhgI[_j?#y" bl_meta="{&quot;label&quot;:&quot;Page Data&quot;}"></block></value></block></value><value name="B"><block type="logic_boolean" id="^RLfZN,D*JbVjH{l!96o"><field name="BOOL">FALSE</field></block></value></block></value></block></xml>