<xml xmlns="http://www.w3.org/1999/xhtml"><block type="root_block_ui_builder_button_onDisplayAssignment_handler" id="qEsWMTj9$8`BeG2h9g-v" deletable="false" x="20" y="50"><value name="return"><block type="logic_negate" id="y)+V#zqKAj:)Fd]By*-Q"><value name="BOOL"><block type="get_object_property" id="V%R6)o^x8PVqv$!2e%gy" inline="false"><value name="prop_name"><shadow type="text" id="$gf=Wx;SE`{p3l3R)|SW"><field name="TEXT">servicesCreated</field></shadow></value><value name="object"><block type="root_block_ui_builder_common__context_blocks_pageData" id="b9aFK/VIJUgQoCZfF{$Y" bl_meta="{&quot;label&quot;:&quot;Page Data&quot;}"></block></value></block></value></block></value></block></xml>