<xml xmlns="http://www.w3.org/1999/xhtml"><block type="root_block_ui_builder_block_onClick_handler" id="9(nXVcnEMr/v3*s!,5QD" deletable="false" x="20" y="50"><statement name="statements_code"><block type="controls_if" id="D6v5B:]5BJ{x,ApfHW$["><value name="IF0"><block type="logic_compare" id="cwLZ^/`|,}|2J#]brp4y" inline="false"><field name="OP">EQ</field><value name="A"><block type="get_object_property" id="WqZ/X^8$6d%o(RA@mDY)"><value name="prop_name"><shadow type="text" id="iN~,nZ2(L2v}:1:)}mDF"><field name="TEXT">target</field></shadow></value><value name="object"><block type="root_block_ui_builder_block_onClick_handler_context_blocks_event" id="]!AC,p2)g]EY_=,h1aM1" bl_meta="{&quot;label&quot;:&quot;Event&quot;}"></block></value></block></value><value name="B"><block type="get_object_property" id="H,Vi7)p;2k?kHH$Cp~9`" inline="false"><value name="prop_name"><shadow type="text" id="2c_;Cv0.PU5(n$%yc@N1"><field name="TEXT">el</field></shadow></value><value name="object"><block type="ui_common_blocks__get_component_by_id" id="wYm-X(y?]A?L@j+D.:^M" bl_meta="{&quot;label&quot;:&quot;Get component by id&quot;}"><field name="componentUid">'bff4d8ac579f78a648132998464e4919'</field></block></value></block></value></block></value><statement name="DO0"><block type="set_object_property" id="F?xH`]7-qp{0S7H3Zrw?"><value name="object"><block type="ui_common_blocks__get_component_data_style" id="OU,y8Ii7G@NqQ*/0y5*_" bl_meta="{&quot;label&quot;:&quot;Get component style&quot;}"><field name="componentUid">'bff4d8ac579f78a648132998464e4919'</field></block></value><value name="propName"><shadow type="text" id="7`Xzdbir0p05Yz*}(.;U"><field name="TEXT">visibility</field></shadow></value><value name="propValue"><block type="text" id="61{AZR!e}%Nbim+LaWH/"><field name="TEXT">hidden</field></block></value><next><block type="set_object_property" id="J:ynDsf+0(@aQLk5_S6="><value name="object"><block type="ui_common_blocks__get_component_data_style" id="J7-9}dw%s0_:`yX^;BnX" bl_meta="{&quot;label&quot;:&quot;Get component style&quot;}"><field name="componentUid">'bff4d8ac579f78a648132998464e4919'</field></block></value><value name="propName"><shadow type="text" id="rlm`v}9i}SuiT+KJp:)8"><field name="TEXT">opacity</field></shadow></value><value name="propValue"><block type="math_number" id="!6D))zEfw$8G:qK+w9ZE"><field name="NUM">0</field></block></value></block></next></block></statement></block></statement></block></xml>