<xml xmlns="http://www.w3.org/1999/xhtml"><block type="root_block_ui_builder_input_onChange_handler" id="bIH4%u0y?{@s-:f8.URf" deletable="false" x="20" y="50"><statement name="statements_code"><block type="controls_if" id="0CxUj-!jqdHry#$#HfDE"><mutation else="1"></mutation><value name="IF0"><block type="logic_negate" id="y@o[{$QUa]n.IwMC!81M"><value name="BOOL"><block type="root_block_ui_builder_input_onChange_handler_context_blocks_value" id="t}CEX8_?0MWYy{/^w-o)" bl_meta="{&quot;label&quot;:&quot;Changed Value&quot;}"></block></value></block></value><statement name="DO0"><block type="ui_common_blocks__toggle_component_visibility" id="H1/i7eh@Ji1:/b(Ec!5;" bl_meta="{&quot;label&quot;:&quot;Toggle component visibility&quot;}"><field name="componentUid">'42fc2f835fa3bf01cbaf06e27b5b5e3b'</field><value name="visible"><block type="logic_boolean" id="9bE%|ZcqWUqta(6T10f?"><field name="BOOL">TRUE</field></block></value></block></statement><statement name="ELSE"><block type="ui_common_blocks__toggle_component_visibility" id="tn8U$y;0-h=7EIUM,`[V" bl_meta="{&quot;label&quot;:&quot;Toggle component visibility&quot;}"><field name="componentUid">'42fc2f835fa3bf01cbaf06e27b5b5e3b'</field><value name="visible"><block type="logic_boolean" id="X@sRlm]-)%t}M+/bUynb"><field name="BOOL">FALSE</field></block></value></block></statement></block></statement></block></xml>