<xml xmlns="http://www.w3.org/1999/xhtml"><block type="root_block_ui_builder_block_onClick_handler" id=":D6B_$45`j)-F;zfjhjB" deletable="false" x="20" y="50"><statement name="statements_code"><block type="controls_if" id="pbEX[Q/R?,%WWe:;4$5i"><value name="IF0"><block type="get_object_property" id="n(@lc%hkZ)w273(OZ4hs"><value name="prop_name"><shadow type="text" id="-]Zek*OA}3C$h!a@.U+f"><field name="TEXT">previousServiceUpgrade</field></shadow></value><value name="object"><block type="root_block_ui_builder_common__context_blocks_appData" id="k=4qEmW/}o`VR74x%ey8" bl_meta="{&quot;label&quot;:&quot;App Data&quot;}"></block></value></block></value><statement name="DO0"><block type="controls_if" id="5[xRbBuDaWI%v3lDqTWk"><value name="IF0"><block type="get_object_property" id="y~fDIT/){bZ~2Co)9{zf"><value name="prop_name"><shadow type="text" id="k@w]yh9:$Q%.?u-Nf2:6"><field name="TEXT">connected</field></shadow></value><value name="object"><block type="get_object_property" id="#rn85hy]bM=LHbB-|#w6" inline="false"><value name="prop_name"><shadow type="text" id="U1ko_Fe#+v0iUa9|j0H7"><field name="TEXT">opensScketUpgrade</field></shadow></value><value name="object"><block type="root_block_ui_builder_common__context_blocks_appData" id="XnO}ra@4+-:ch-VkXs.Z" bl_meta="{&quot;label&quot;:&quot;App Data&quot;}"></block></value></block></value></block></value><statement name="DO0"><block type="custom_js_code" id="kE]rC%SEbi@(SilkoB4+"><mutation output="false"><arg arg-name="serviceName"></arg><code>" \n  socketUpgrade.emit ('service-logs:unsubscribe', {\n    \"serviceName\":`${serviceName}`,\n    \"channelName\":`${serviceName}-log`\n  });\n  \n  socketUpgrade.disconnect();\n \n    \n "</code></mutation><field name="name">stopSocket</field><value name="serviceName"><block type="get_object_property" id="z6H`l$x6/QxW?=}Ho;q0"><value name="prop_name"><shadow type="text" id="2M|X49(Bgl#ZpzGG99[~"><field name="TEXT">previousServiceUpgrade</field></shadow></value><value name="object"><block type="root_block_ui_builder_common__context_blocks_appData" id="oYGw3+EjQAs4FF:ui,L_" bl_meta="{&quot;label&quot;:&quot;App Data&quot;}"></block></value></block></value></block></statement></block></statement><next><block type="ui_dynamic_category__app-router__goto_page" id="o^JOW}JBK.)+W?Ni+GYZ" bl_meta="{&quot;label&quot;:&quot;Dynamic Block: Go To Page&quot;}"><value name="pageName"><shadow type="text" id="+9-`duW@nuPz}xd|d?7H"><field name="TEXT">upgradeLogs</field></shadow></value><value name="pageData"><block type="create_object" id="~|Jg?XTK++hodM~+T8Br"><mutation><properties><item id="property" prop-name="pageUpgrade"></item><item id="property" prop-name="jobName"></item><item id="property" prop-name="podName"></item></properties></mutation><value name="create_object_mutator_container_properties_stack_property0"><block type="text" id="KMk*yFl9X_3f{bL=vG10"><field name="TEXT">upgradeLogs</field></block></value><value name="create_object_mutator_container_properties_stack_property1"><block type="get_object_property" id="+eaWJ}O6yc)#xUWy{Q3a" inline="false"><value name="prop_name"><shadow type="text" id="r;DZ8!PrjaD3]86M:cwi"><field name="TEXT">jobName</field></shadow></value><value name="object"><block type="root_block_ui_builder_common__context_blocks_17ba156b5b49eae93175d437c9e8c1c2_data" id="G|zF~yP{$J-oETgs9:!#" bl_meta="{&quot;label&quot;:&quot;\&quot;aside ContentItemContainerUpgrade\&quot; Repeater Data Item&quot;,&quot;dynamicListId&quot;:&quot;3d81f4e11ffb3b99c18f1b83c9cfa36d&quot;}"></block></value></block></value><value name="create_object_mutator_container_properties_stack_property2"><block type="get_object_property" id="HTxYNhBNE4Da42/T?peq" inline="false"><value name="prop_name"><shadow type="text" id="q3):]!jFNd2QwOka1JOx"><field name="TEXT">podName</field></shadow></value><value name="object"><block type="root_block_ui_builder_common__context_blocks_17ba156b5b49eae93175d437c9e8c1c2_data" id="itnQ]_}4TbR1nJwXhr]8" bl_meta="{&quot;label&quot;:&quot;\&quot;aside ContentItemContainerUpgrade\&quot; Repeater Data Item&quot;,&quot;dynamicListId&quot;:&quot;3d81f4e11ffb3b99c18f1b83c9cfa36d&quot;}"></block></value></block></value></block></value><next><block type="set_object_property" id="kIm_XJD6~m6txqdIdcBd"><value name="object"><block type="root_block_ui_builder_common__context_blocks_appData" id="di`neqL|ZWb/)vg%L+(_" bl_meta="{&quot;label&quot;:&quot;App Data&quot;}"></block></value><value name="propName"><shadow type="text" id="=;00rt#!yxnMTGsQrhj8"><field name="TEXT">logUpgradeData</field></shadow></value><value name="propValue"><block type="lists_create_with" id="#o2TyO24t@klq1#lT415"><mutation items="0"></mutation></block></value><next><block type="set_object_property" id="~tp:mFw#HLm@bF?2*Vmv"><value name="object"><block type="root_block_ui_builder_common__context_blocks_appData" id="X9V%2;@p-xAPdrP7(}nK" bl_meta="{&quot;label&quot;:&quot;App Data&quot;}"></block></value><value name="propName"><shadow type="text" id="o0#fU.~arL9T-S8+CW%a"><field name="TEXT">opensScketUpgrade</field></shadow></value><value name="propValue"><block type="custom_js_code" id="IPF|Y|^!Q1oO})zyAp;i"><mutation output="true"><arg arg-name="logsArray"></arg><arg arg-name="serviceName"></arg><arg arg-name="podName"></arg><code>"const io = await BackendlessUI.requireModule('https://cdn.jsdelivr.net/npm/socket.io-client@4.4.0/dist/socket.io.min.js');\n\n  socketUpgrade = io.connect('http://localhost:5051', { transports : ['websocket'] });\n\n  socketUpgrade.on (`${serviceName}-log`, function (data) {\n    logsArray.push (data);\n  });\n        \n  socketUpgrade.emit ('service-logs:subscribe', {\n    \"serviceName\":`${serviceName}`,\n    \"podName\":`${podName}`,\n    \"channelName\": `${serviceName}-log`\n  });\n  \n  \n  return socketUpgrade"</code></mutation><field name="name">getSocketUpgradeData</field><value name="logsArray"><block type="get_object_property" id="o|3/Ib9Bx2B^LwtfPglO"><value name="prop_name"><shadow type="text" id="QT(_d!5C1v9%s,Owp[Ln"><field name="TEXT">logUpgradeData</field></shadow></value><value name="object"><block type="root_block_ui_builder_common__context_blocks_appData" id="-:7A%:`}hvs_l{8v|tSS" bl_meta="{&quot;label&quot;:&quot;App Data&quot;}"></block></value></block></value><value name="serviceName"><block type="get_object_property" id="c$ThICs^1J+l!Z1W`D[y" inline="false"><value name="prop_name"><shadow type="text" id="{i:*~Upd9,1v#CB#N+,T"><field name="TEXT">jobName</field></shadow></value><value name="object"><block type="root_block_ui_builder_common__context_blocks_17ba156b5b49eae93175d437c9e8c1c2_data" id="_C4OAGkp/DqAZ;CB0}_:" bl_meta="{&quot;label&quot;:&quot;\&quot;aside ContentItemContainerUpgrade\&quot; Repeater Data Item&quot;,&quot;dynamicListId&quot;:&quot;3d81f4e11ffb3b99c18f1b83c9cfa36d&quot;}"></block></value></block></value><value name="podName"><block type="get_object_property" id="G`_[77d!F^4{VFEJpqp7" inline="false"><value name="prop_name"><shadow type="text" id="V3tJ`[:##$wNKC}TCVil"><field name="TEXT">podName</field></shadow></value><value name="object"><block type="root_block_ui_builder_common__context_blocks_17ba156b5b49eae93175d437c9e8c1c2_data" id="BQv0u^FG{#gtPcOI7B`!" bl_meta="{&quot;label&quot;:&quot;\&quot;aside ContentItemContainerUpgrade\&quot; Repeater Data Item&quot;,&quot;dynamicListId&quot;:&quot;3d81f4e11ffb3b99c18f1b83c9cfa36d&quot;}"></block></value></block></value></block></value><next><block type="set_object_property" id="ajx#(.P6$g2=w]bSo1G_"><value name="object"><block type="root_block_ui_builder_common__context_blocks_appData" id="/f..F7sNS!~Euias,(/B" bl_meta="{&quot;label&quot;:&quot;App Data&quot;}"></block></value><value name="propName"><shadow type="text" id="j4D!izH)`!#];`,D9jLl"><field name="TEXT">previousServiceUpgrade</field></shadow></value><value name="propValue"><block type="get_object_property" id="eZ-.o,@HL+(CE*e$ztCb" inline="false"><value name="prop_name"><shadow type="text" id="zq`%Djj`d!h:d[;G3_(x"><field name="TEXT">jobName</field></shadow></value><value name="object"><block type="root_block_ui_builder_common__context_blocks_17ba156b5b49eae93175d437c9e8c1c2_data" id="Sb2]4dxHk1lX0[e{smt}" bl_meta="{&quot;label&quot;:&quot;\&quot;aside ContentItemContainerUpgrade\&quot; Repeater Data Item&quot;,&quot;dynamicListId&quot;:&quot;3d81f4e11ffb3b99c18f1b83c9cfa36d&quot;}"></block></value></block></value></block></next></block></next></block></next></block></next></block></statement></block></xml>