<xml xmlns="http://www.w3.org/1999/xhtml"><block type="root_block_ui_builder_input_onChange_handler" id="-mQVAhWOZb*rnS|E6k14" deletable="false" x="20" y="50"><statement name="statements_code"><block type="controls_if" id="(ID7znx%NYyQc1r9@=.e"><mutation else="1"></mutation><value name="IF0"><block type="logic_negate" id="OVOoI4G|_cJG^bp^MIBV"><value name="BOOL"><block type="root_block_ui_builder_input_onChange_handler_context_blocks_value" id="?$rjgb5,1-/1q/E)49~V" bl_meta="{&quot;label&quot;:&quot;Changed Value&quot;}"></block></value></block></value><statement name="DO0"><block type="set_object_property" id="5m]=+chfNxRxwcDu7Kvc"><value name="object"><block type="root_block_ui_builder_common__context_blocks_b4398d5c0048d80587b9664d8f5eac11_data" id="dv8fS|4U)ud}7+:?kA2F" bl_meta="{&quot;label&quot;:&quot;\&quot;CreateUpdateModal form\&quot; Data&quot;}"></block></value><value name="propName"><shadow type="text" id="H%a*T}!{5Qmq1%ClwAy9"><field name="TEXT">validationMessage</field></shadow></value><value name="propValue"><block type="text" id="ti)0*5y,?9#`?BUSk$V+"><field name="TEXT">This field is required</field></block></value><next><block type="ui_common_blocks__toggle_component_visibility" id="nQxYy?4.Rvs+s(d{G1cp" bl_meta="{&quot;label&quot;:&quot;Toggle component visibility&quot;}"><field name="componentUid">'d50a1aa5921ba06c583457a897f2a8f7'</field><value name="visible"><block type="logic_boolean" id="zacMcURP?vQ-zwsp5[Z3"><field name="BOOL">TRUE</field></block></value></block></next></block></statement><statement name="ELSE"><block type="controls_if" id="#W@zb2TP)s1@BOl[3rW="><mutation else="1"></mutation><value name="IF0"><block type="test_regexp" id="07{=XD9E-zl!B8n0?ZL0"><value name="original_text"><block type="root_block_ui_builder_input_onChange_handler_context_blocks_value" id="f7:ZjEKH7lit-6H.S$Zf" bl_meta="{&quot;label&quot;:&quot;Changed Value&quot;}"></block></value><value name="pattern"><block type="create_dynamic_regexp" id="KSNIs31m7]g!)Ns9HP=I"><value name="pattern"><shadow type="text" id="k:(DQ+XhP|]T2MJwstJi"><field name="TEXT">^[a-z0-9.-]+$</field></shadow></value><value name="keys"><shadow type="text" id="EXZ{gqQ$:-]OdGC=[Vk4"><field name="TEXT"></field></shadow></value></block></value></block></value><statement name="DO0"><block type="ui_common_blocks__toggle_component_visibility" id="tR]e6H(INr/#yC)$My7r" bl_meta="{&quot;label&quot;:&quot;Toggle component visibility&quot;}"><field name="componentUid">'d50a1aa5921ba06c583457a897f2a8f7'</field><value name="visible"><block type="logic_boolean" id="2`wdk@PkCbTMT/;3l%%x"><field name="BOOL">FALSE</field></block></value></block></statement><statement name="ELSE"><block type="set_object_property" id="D46qgmZRjjg-;.r{!%d}"><value name="object"><block type="root_block_ui_builder_common__context_blocks_b4398d5c0048d80587b9664d8f5eac11_data" id=";7=uW~DV%s4Q+w!be@Ca" bl_meta="{&quot;label&quot;:&quot;\&quot;CreateUpdateModal form\&quot; Data&quot;}"></block></value><value name="propName"><shadow type="text" id="Yo~Vlw`$kGO=Y^2QljhA"><field name="TEXT">validationMessage</field></shadow></value><value name="propValue"><block type="text" id="~%I#fw`GdATKw:hMblv1"><field name="TEXT">Domain must consist of lower case  alphanumeric characters, '-' or '.'</field></block></value><next><block type="ui_common_blocks__toggle_component_visibility" id="~?/Lwa~F?,=2qXVi}Ytg" bl_meta="{&quot;label&quot;:&quot;Toggle component visibility&quot;}"><field name="componentUid">'d50a1aa5921ba06c583457a897f2a8f7'</field><value name="visible"><block type="logic_boolean" id="Vc-Z`9MZA#[l,_n~m-0o"><field name="BOOL">TRUE</field></block></value></block></next></block></statement></block></statement></block></statement></block></xml>