<xml xmlns="http://www.w3.org/1999/xhtml"><block type="root_block_ui_builder_text_onContentAssignment_handler" id="fn*9Rvh~4;bto^|w//OJ" deletable="false" x="20" y="50"><value name="return"><block type="text_changeCase" id="?5~0wiWo-slw/((euRno"><field name="CASE">TITLECASE</field><value name="TEXT"><shadow type="text" id="l(Qa]7RUHY6ySGc4DSe6"><field name="TEXT">abc</field></shadow><block type="get_object_property" id="!dAzg8f5_R(;usa]z=sN"><value name="prop_name"><shadow type="text" id="VRL0%,84%PZ42Jg}Z@$P"><field name="TEXT">type</field></shadow></value><value name="object"><block type="root_block_ui_builder_common__context_blocks_8df5e86e263721a17d2eb9a2f1451d2c_data" id="Tmg%2a#x%R!!kUGewt}:" bl_meta="{&quot;label&quot;:&quot;\&quot;redis container\&quot; Repeater Data Item&quot;,&quot;dynamicListId&quot;:&quot;9f186f89932cdfe880554e43f4f916a1&quot;}"></block></value></block></value></block></value></block></xml>