<xml xmlns="http://www.w3.org/1999/xhtml"><block type="root_block_ui_builder_page_onEnter_handler" id="B~$Liv$a[HGzU=RX/WO?" deletable="false" x="20" y="50"><statement name="statements_code"><block type="local_storage_delete" id="|*A(9;TCoW]NGogQBaV^"><value name="key"><shadow type="text" id="i.[cN_e]DEn.#YXf5w0t"><field name="TEXT">originLoad</field></shadow></value><next><block type="controls_if" id=".u3S_3t2!cT?}C^*8!Qt"><mutation else="1"></mutation><value name="IF0"><block type="get_object_property" id="tKo##y)2K8M^]Dj__1Z6"><value name="prop_name"><shadow type="text" id="J+axqAZuFvLLD(+2EwzZ"><field name="TEXT">servicesCreated</field></shadow></value><value name="object"><block type="codeless_function_block_696a14dd8d2f85be7023c2c4441a65a5" id="PY1_k!HxtF8/)@f^JM{X" bl_meta="{&quot;fn&quot;:&quot;ProManagerAPI&quot;,&quot;label&quot;:&quot;Custom Function - ProManagerAPI&quot;}"><mutation has_output="true"></mutation><field name="connections_toggler">TRUE</field><value name="method"><block type="text" id="p[A1r,V06B7$KrRx[V3]"><field name="TEXT">get</field></block></value><value name="path"><block type="text" id="{jEm}5,N}0I[,*oGhIr6"><field name="TEXT">/install/status</field></block></value></block></value></block></value><statement name="DO0"><block type="ui_dynamic_category__app-router__goto_page" id="ccx_=qVxfhhv2!k[!?[A" bl_meta="{&quot;label&quot;:&quot;Dynamic Block: Go To Page&quot;}"><value name="pageName"><shadow type="text" id="O:Fx!Sx}Pz$jz1dWTeR9"><field name="TEXT">serverStatus</field></shadow></value><value name="pageData"><block type="create_object" id="QrpMmT:JUF0xHO7LrsTL"><mutation><properties><item id="property" prop-name="pageServerStatus"></item></properties></mutation><value name="create_object_mutator_container_properties_stack_property0"><block type="text" id="1mMCQ#^EtA]u0x2oNQ%a"><field name="TEXT">ServerStatus</field></block></value></block></value></block></statement><statement name="ELSE"><block type="ui_dynamic_category__app-router__goto_page" id="O:s-d4g2HOCe^D@LAi]/" bl_meta="{&quot;label&quot;:&quot;Dynamic Block: Go To Page&quot;}"><value name="pageName"><shadow type="text" id="glS83@I2z-/qa%E-{};~"><field name="TEXT">install</field></shadow></value></block></statement></block></next></block></statement></block></xml>