<xml xmlns="http://www.w3.org/1999/xhtml"><block type="root_block_ui_builder_icon_onClick_handler" id=",RU3uOWC/rr?P]hIoYG7" deletable="false" x="20" y="50"><statement name="statements_code"><block type="set_object_property" id="nE!RrJD2OlAtPfAu*02^"><value name="object"><block type="ui_common_blocks__get_component_data_style" id="jLbWrKm6sL+DL0/D,{N[" bl_meta="{&quot;label&quot;:&quot;Get component style&quot;}"><field name="componentUid">'2296afff5b9ced6febcee034fa4def5b'</field></block></value><value name="propName"><shadow type="text" id="+F3BJ/oEgZP+w$jw@s`h"><field name="TEXT">opacity</field></shadow></value><value name="propValue"><block type="math_number" id="4;_c)8C-iD*Z;caiI)LR"><field name="NUM">0</field></block></value><next><block type="set_object_property" id="t+vS$a%@tGD/lu]`kt3g"><value name="object"><block type="ui_common_blocks__get_component_data_style" id=",$wP[;|F|}`u20fa4Y]e" bl_meta="{&quot;label&quot;:&quot;Get component style&quot;}"><field name="componentUid">'2296afff5b9ced6febcee034fa4def5b'</field></block></value><value name="propName"><shadow type="text" id="]z40/!}u)exX_}L{9j@o"><field name="TEXT">visibility</field></shadow></value><value name="propValue"><block type="text" id="J9K`[=w6)|vSb0JwF9IL"><field name="TEXT">hidden</field></block></value><next><block type="custom_js_code" id=";|w`jaC?h9ST_JgloVn3"><mutation output="false"><code>"const inputCrtFile   = document.querySelector('#crtFile');\nconst inputKeyFile   = document.querySelector('#keyFile');\n\ninputCrtFile.value = '';\ninputKeyFile.value = '';\n"</code></mutation><field name="name">clearFileInputs</field><next><block type="ui_common_blocks__toggle_component_visibility" id="A0D_uatlM4VWg{1FBc(?" bl_meta="{&quot;label&quot;:&quot;Toggle component visibility&quot;}"><field name="componentUid">'4b695664b7e53de7f71eeca54673416a'</field><value name="visible"><block type="logic_boolean" id="TT6=5M3oL@,6/7~8o$)R"><field name="BOOL">FALSE</field></block></value></block></next></block></next></block></next></block></statement></block></xml>