<xml xmlns="http://www.w3.org/1999/xhtml"><block type="root_block_ui_builder_block_onClick_handler" id="vi*`oS]$:k!tq~ZzX:5?" deletable="false" x="88" y="93"><statement name="statements_code"><block type="set_object_property" id="tEvBEy:*@CB^WVC=tE0M"><value name="object"><block type="root_block_ui_builder_common__context_blocks_cc6c067e2b46da2502deb333245ebfc6_data" id="S1@EwI:)VI],of0o6Frk" bl_meta="{&quot;label&quot;:&quot;ServerLogs controls Data&quot;}"></block></value><value name="propName"><shadow type="text" id="(/XJ}a:N*vuDOuRxuXz{"><field name="TEXT">stopBtnLabel</field></shadow></value><value name="propValue"><block type="text" id="|Uan:g[4(K.N(#l{)VO?"><field name="TEXT">Stopping...</field></block></value><next><block type="set_object_property" id="Q9nB3!:$D0$%yzFkWHU2"><value name="object"><block type="root_block_ui_builder_common__context_blocks_cc6c067e2b46da2502deb333245ebfc6_data" id="aUDR!:l;9m$050r?`Kj]" bl_meta="{&quot;label&quot;:&quot;ServerLogs controls Data&quot;}"></block></value><value name="propName"><shadow type="text" id="i6ECX6%`k*vrKdf;fw}}"><field name="TEXT">restartBtnLabel</field></shadow></value><value name="propValue"><block type="text" id="+9-i[4o4hFv((p+PN9M-"><field name="TEXT">Restart</field></block></value><next><block type="text_print" id="@Dw87~I2rgzw$qB6j!_q"><value name="TEXT"><shadow type="text" id="IuGEakhn%kGk?EDw$(Ei"><field name="TEXT">abc</field></shadow><block type="codeless_function_block_696a14dd8d2f85be7023c2c4441a65a5" id="7w60^#`9y$`**w0%;D49" bl_meta="{&quot;fn&quot;:&quot;ProManagerAPI&quot;,&quot;label&quot;:&quot;Custom Function - ProManagerAPI&quot;}"><value name="method"><block type="text" id="]{pr?dr:4jy6jPSiaw;Y"><field name="TEXT">put</field></block></value><value name="path"><block type="text" id="{Qs!$40$GKL4hi1I}N8B"><field name="TEXT">/manage/state</field></block></value><value name="body"><block type="create_object" id="T5f!qMk+s^f5K$An([5x"><mutation><properties><item id="property" prop-name="serviceName"></item><item id="property" prop-name="state"></item><item id="property" prop-name="hidden"></item></properties></mutation><value name="create_object_mutator_container_properties_stack_property0"><block type="get_object_property" id="Q7TZ!U=_E+Td0_Y$5V8/"><value name="prop_name"><shadow type="text" id=".F:Z7p!xn^[!]$hQN|,)"><field name="TEXT">serviceName</field></shadow></value><value name="object"><block type="root_block_ui_builder_common__context_blocks_pageData" id="eFHB%OWF+roLfT5w^*R{" bl_meta="{&quot;label&quot;:&quot;Page Data&quot;}"></block></value></block></value><value name="create_object_mutator_container_properties_stack_property1"><block type="text" id="c!Jq94CXho8P-f(hLpk+"><field name="TEXT">stop</field></block></value><value name="create_object_mutator_container_properties_stack_property2"><block type="logic_boolean" id="zO*S)HwIu*8idqCr@2k6"><field name="BOOL">FALSE</field></block></value></block></value></block></value></block></next></block></next></block></statement></block></xml>