<xml xmlns="http://www.w3.org/1999/xhtml"><block type="root_block_ui_builder_block_onDisplayAssignment_handler" id="YzKwEILMG[vg}t{.lyBZ" deletable="false" x="20" y="50"><statement name="statements_code"><block type="variables_set" id="LOyGQa]?FTcKL^SII[t/"><field name="VAR">visible</field><value name="VALUE"><block type="logic_boolean" id="+$k${(OHTqpzChN#^c1N"><field name="BOOL">TRUE</field></block></value><next><block type="controls_if" id="Sx^a~`3`Xd$dPX:xeRdy"><value name="IF0"><block type="get_object_property" id="vJTb.ME`6[~A@g:l*W/r"><value name="prop_name"><shadow type="text" id="MXrd{[oBMncA;09#U[Ho"><field name="TEXT">statusData</field></shadow></value><value name="object"><block type="root_block_ui_builder_common__context_blocks_cc6c067e2b46da2502deb333245ebfc6_data" id="|u/Ebdg/pd_D.2OO8oO@" bl_meta="{&quot;label&quot;:&quot;ServerLogs controls Data&quot;}"></block></value></block></value><statement name="DO0"><block type="variables_set" id="n*(cC4Dt{}zPw?={y3Q,"><field name="VAR">currentService</field><value name="VALUE"><block type="list_filter_items" id="j@bze=52TMcHIH^rIF`l"><field name="item">service</field><value name="list"><block type="get_object_property" id="uDfh){[8rn6Ge^~)U^ft"><value name="prop_name"><shadow type="text" id="qkB?N^$a@1)%%?Zye/V]"><field name="TEXT">statusData</field></shadow></value><value name="object"><block type="root_block_ui_builder_common__context_blocks_cc6c067e2b46da2502deb333245ebfc6_data" id="6}PayU:1.{rm05u+6p_!" bl_meta="{&quot;label&quot;:&quot;ServerLogs controls Data&quot;}"></block></value></block></value><value name="returnCode"><block type="logic_compare" id="cy!TYfu/sz-p2oS;-=3v"><field name="OP">EQ</field><value name="A"><block type="get_object_property" id="e{.X)x`8;uwbbO3t8yQC" inline="false"><value name="prop_name"><shadow type="text" id="ofpZhy$F-fOkEYWuk!Rq"><field name="TEXT">name</field></shadow></value><value name="object"><block type="variables_get" id="yYYgG*:tsaVLi+y;WR%q"><field name="VAR">service</field></block></value></block></value><value name="B"><block type="get_object_property" id=",EC$H}10ner{A)JX_[.(" inline="false"><value name="prop_name"><shadow type="text" id="x5A8h$J$#JR]X4,)jjRC"><field name="TEXT">serviceName</field></shadow></value><value name="object"><block type="root_block_ui_builder_common__context_blocks_pageData" id="5O;)GCYvC~:1Toyqp_.E" bl_meta="{&quot;label&quot;:&quot;Page Data&quot;}"></block></value></block></value></block></value></block></value><next><block type="variables_set" id="ia,R+j?Vbc#:5L`Iik*-"><field name="VAR">currentStatus</field><value name="VALUE"><block type="get_object_property" id="4hmDF0=pF_Cee;IKrI%K"><value name="prop_name"><shadow type="text" id="VUI1#pg~*Jzx2Bhs[F$z"><field name="TEXT">status</field></shadow></value><value name="object"><block type="lists_getIndex" id="nxpFXi|k}@nB!fh5gI6%"><mutation statement="false" at="false"></mutation><field name="MODE">GET</field><field name="WHERE">FIRST</field><value name="VALUE"><block type="variables_get" id="biFfWuv@DODl)(G4-+-9"><field name="VAR">currentService</field></block></value></block></value></block></value><next><block type="controls_if" id="j$x+q1J^R[%w3T{oIU//"><value name="IF0"><block type="logic_compare" id="q[Vu6]C$WBExSexQ80{p"><field name="OP">EQ</field><value name="A"><block type="variables_get" id="1#/VclNHPs6^?{Tq)QzC"><field name="VAR">currentStatus</field></block></value><value name="B"><block type="text" id="`zy%L!pD0m)z3vwBD6]j"><field name="TEXT">stopped</field></block></value></block></value><statement name="DO0"><block type="set_object_property" id="tEvBEy:*@CB^WVC=tE0M"><value name="object"><block type="root_block_ui_builder_common__context_blocks_cc6c067e2b46da2502deb333245ebfc6_data" id="S1@EwI:)VI],of0o6Frk" bl_meta="{&quot;label&quot;:&quot;ServerLogs controls Data&quot;}"></block></value><value name="propName"><shadow type="text" id="(/XJ}a:N*vuDOuRxuXz{"><field name="TEXT">stopBtnLabel</field></shadow></value><value name="propValue"><block type="text" id="|Uan:g[4(K.N(#l{)VO?"><field name="TEXT">Stop</field></block></value><next><block type="variables_set" id="Gt2`d!E)#L%pN)A3N+Bi"><field name="VAR">visible</field><value name="VALUE"><block type="logic_boolean" id="ECjIOEem+Qqu{X,t@Y~9"><field name="BOOL">FALSE</field></block></value></block></next></block></statement><next><block type="controls_if" id="ZZe)vS%I!d)F;p$!$5ia"><value name="IF0"><block type="logic_compare" id="M$u^o6rE71c5Lb0[IhI5"><field name="OP">EQ</field><value name="A"><block type="variables_get" id="E%;~$T,}*Ja`u@bD(T5E"><field name="VAR">currentStatus</field></block></value><value name="B"><block type="text" id="=9ssBL`uCC[@D@,Q!8h-"><field name="TEXT">notInstalled</field></block></value></block></value><statement name="DO0"><block type="set_object_property" id="r#}#hu}hNj6/8bxB}r%y"><value name="object"><block type="root_block_ui_builder_common__context_blocks_cc6c067e2b46da2502deb333245ebfc6_data" id="6rEGLsW~813Y%@XFz-OI" bl_meta="{&quot;label&quot;:&quot;ServerLogs controls Data&quot;}"></block></value><value name="propName"><shadow type="text" id="wY5:QQwhwyyBQE-LjFrj"><field name="TEXT">stopBtnLabel</field></shadow></value><value name="propValue"><block type="text" id="+(`IL]H:t6IpyATRl|H|"><field name="TEXT">Stop</field></block></value><next><block type="variables_set" id="[2t+I0pc}W;xx1dQU`zb"><field name="VAR">visible</field><value name="VALUE"><block type="logic_boolean" id="@P7(Z6x@L7g|XCUi??XP"><field name="BOOL">FALSE</field></block></value></block></next></block></statement><next><block type="controls_if" id="f50J9!/tqot*uQ+}.K#i"><value name="IF0"><block type="logic_compare" id="#0d%mM*tUC./6@ORC{-H"><field name="OP">EQ</field><value name="A"><block type="variables_get" id="zoudfGbA*RgZfzQ[{Q|#"><field name="VAR">currentStatus</field></block></value><value name="B"><block type="text" id="s*gL|qPheoeXT$_-JNpp"><field name="TEXT">complete</field></block></value></block></value><statement name="DO0"><block type="set_object_property" id=";0}orPtmFaXP6+0t7DZA"><value name="object"><block type="root_block_ui_builder_common__context_blocks_cc6c067e2b46da2502deb333245ebfc6_data" id="_re/5MEfAE8{d%s~}?G9" bl_meta="{&quot;label&quot;:&quot;ServerLogs controls Data&quot;}"></block></value><value name="propName"><shadow type="text" id="sr7U(V^*fH;/f;`+0Z:r"><field name="TEXT">stopBtnLabel</field></shadow></value><value name="propValue"><block type="text" id="WS=9||D(-$s$bHawbzOU"><field name="TEXT">Stop</field></block></value><next><block type="variables_set" id="Pd:e;pL!^H}:Ee`R~,-n"><field name="VAR">visible</field><value name="VALUE"><block type="logic_boolean" id="5VW2/s~En;@)gTLz[4pc"><field name="BOOL">FALSE</field></block></value></block></next></block></statement></block></next></block></next></block></next></block></next></block></statement></block></next></block></statement><value name="return"><block type="variables_get" id="5Zg`O98bHT`50PZL*/B-"><field name="VAR">visible</field></block></value></block></xml>