<xml xmlns="http://www.w3.org/1999/xhtml"><block type="root_block_ui_builder_block_onMounted_handler" id="@|ZQn:%Aj-0YL@i1truY" deletable="false" x="20" y="50"><statement name="statements_code"><block type="set_object_property" id="-FfbM^n-mo6X^,W8g4{0"><value name="object"><block type="root_block_ui_builder_common__context_blocks_cc6c067e2b46da2502deb333245ebfc6_data" id="Pq.o,%cA:dh(%6BDMrWY" bl_meta="{&quot;label&quot;:&quot;ServerLogs controls Data&quot;}"></block></value><value name="propName"><shadow type="text" id=".xb@2tAtFTY!r]ZXya.O"><field name="TEXT">stopBtnLabel</field></shadow></value><value name="propValue"><block type="text" id="H4[Js@CSYV-.n^]3jj]7"><field name="TEXT">Stop</field></block></value></block></statement></block></xml>