<xml xmlns="http://www.w3.org/1999/xhtml"><block type="root_block_ui_builder_button_onClick_handler" id="Vn4-=HY(/Myc?/EYW@YN" deletable="false" x="65" y="97"><statement name="statements_code"><block type="try_catch" id="RulzbWCw;V:Xc)e=$mEY"><statement name="try"><block type="codeless_function_block_696a14dd8d2f85be7023c2c4441a65a5" id="1:~N#5;}C**eOj6WtGy`" bl_meta="{&quot;fn&quot;:&quot;ProManagerAPI&quot;,&quot;label&quot;:&quot;Custom Function - ProManagerAPI&quot;}"><mutation has_output="false"></mutation><field name="connections_toggler">FALSE</field><value name="method"><block type="text" id="GS};F+^+o(W*r9RpoAsd"><field name="TEXT">post</field></block></value><value name="path"><block type="text" id="AGja|d9,q{Vwqkni3!,f"><field name="TEXT">/user/login</field></block></value><value name="body"><block type="create_object" id="7taCsT{#1|:9Cm=_zi~a"><mutation><properties><item id="property" prop-name="login"></item><item id="property" prop-name="password"></item></properties></mutation><value name="create_object_mutator_container_properties_stack_property0"><block type="get_object_property" id="0Oh_VhXdTzJ_v)!8D!0="><value name="prop_name"><shadow type="text" id="z3t|l$LH4g_o}n9@wb9["><field name="TEXT">login</field></shadow></value><value name="object"><block type="root_block_ui_builder_common__context_blocks_f6d6870f84ff49e3e53742fc6cf65719_data" id="|Rijn*}KSvFg%hcT@F$[" bl_meta="{&quot;label&quot;:&quot;\&quot;install form\&quot; Data&quot;}"></block></value></block></value><value name="create_object_mutator_container_properties_stack_property1"><block type="get_object_property" id="qH,zR@=4`:|w03Kv}7?8"><value name="prop_name"><shadow type="text" id="y#IchTg13i#~)*|-o5qS"><field name="TEXT">password</field></shadow></value><value name="object"><block type="root_block_ui_builder_common__context_blocks_f6d6870f84ff49e3e53742fc6cf65719_data" id="OnJeH?#*:g|2G=6JJOhi" bl_meta="{&quot;label&quot;:&quot;\&quot;install form\&quot; Data&quot;}"></block></value></block></value></block></value><next><block type="ui_dynamic_category__app-router__goto_page" id="TG+?~1ZyehTwz?Z+D7Kl" bl_meta="{&quot;label&quot;:&quot;Dynamic Block: Go To Page&quot;}"><value name="pageName"><shadow type="text" id="H_{.n.-m%H`_oy(]OB$q"><field name="TEXT">serverStatus</field></shadow></value></block></next></block></statement><statement name="catch"><block type="ui_dynamic_category__device-api__show_alert" id="/JUml~w}xZGIdg@-nP|e" bl_meta="{&quot;label&quot;:&quot;Dynamic Block: Show Alert&quot;}"><value name="message"><shadow type="text" id="kECtX*kdvt63$O=|UK#L"><field name="TEXT"></field></shadow><block type="get_object_property" id="*C[l#Ce72D$qC?^bOj97"><value name="prop_name"><shadow type="text" id="{[RH)~[JK7)r1C)QXwId"><field name="TEXT">message</field></shadow></value><value name="object"><block type="variables_get" id="v|@46Qph7S/9HwSX|),g"><field name="VAR">error</field></block></value></block></value></block></statement></block></statement></block></xml>