<xml xmlns="http://www.w3.org/1999/xhtml"><block type="root_block_ui_builder_button_onDisabledStateAssignment_handler" id="hl?YDgKU0udF}nA{wu9n" deletable="false" x="20" y="50"><statement name="statements_code"><block type="controls_if" id="HcQ$:_~Nrvj~wLQxTW91"><mutation else="1"></mutation><value name="IF0"><block type="logic_operation" id="sC+fCX,{*/:Tqq[D3HDs"><field name="OP">AND</field><value name="A"><block type="get_object_property" id="rKLNtTr$@np[RG8{$dNg" inline="false"><value name="prop_name"><shadow type="text" id="u]Y})hV#)@RT1=$3adQN"><field name="TEXT">login</field></shadow></value><value name="object"><block type="root_block_ui_builder_common__context_blocks_f6d6870f84ff49e3e53742fc6cf65719_data" id="7dCM~Qfja$q!`wm~C*z8" bl_meta="{&quot;label&quot;:&quot;\&quot;install form\&quot; Data&quot;}"></block></value></block></value><value name="B"><block type="get_object_property" id="5-Y;N%I$1rzbGg4v%kfT" inline="false"><value name="prop_name"><shadow type="text" id="0^zra[Ki.s7@US=7}@v."><field name="TEXT">password</field></shadow></value><value name="object"><block type="root_block_ui_builder_common__context_blocks_f6d6870f84ff49e3e53742fc6cf65719_data" id="0F_`Z3.MZ[,h2W;i#ft)" bl_meta="{&quot;label&quot;:&quot;\&quot;install form\&quot; Data&quot;}"></block></value></block></value></block></value><statement name="DO0"><block type="variables_set" id="c9L61bA0Svm|dNy%CB0K"><field name="VAR">disabled</field><value name="VALUE"><block type="logic_boolean" id="C=01wC4y?08sM|3}uvI@"><field name="BOOL">FALSE</field></block></value><next><block type="set_object_property" id="w+ox~]CuxLL_*NjDK{Y:"><value name="object"><block type="ui_common_blocks__get_component_data_style" id="Q1U*/fo8/^yRGJ`uLQb6" bl_meta="{&quot;label&quot;:&quot;Get component style&quot;}"><field name="componentUid">'4726032dbb9b39a30239907c90c2aac7'</field></block></value><value name="propName"><shadow type="text" id="x7[?/qz3SE$--aEOtb%4"><field name="TEXT">opacity</field></shadow></value><value name="propValue"><block type="math_number" id="O$[4w*g;!q-gXR7gd=uP"><field name="NUM">1</field></block></value></block></next></block></statement><statement name="ELSE"><block type="variables_set" id="sCJg?#+:Fbw4ArE.iLYl"><field name="VAR">disabled</field><value name="VALUE"><block type="logic_boolean" id="Lt@9%ILZ+F9wY0x;;7.t"><field name="BOOL">TRUE</field></block></value><next><block type="set_object_property" id="@wuGG8mkG]T{9kF]}y|D"><value name="object"><block type="ui_common_blocks__get_component_data_style" id="^%DRM]DJ6Q#bQyrOLZFj" bl_meta="{&quot;label&quot;:&quot;Get component style&quot;}"><field name="componentUid">'4726032dbb9b39a30239907c90c2aac7'</field></block></value><value name="propName"><shadow type="text" id="(URpbouKUUrX^Zo%;S-L"><field name="TEXT">opacity</field></shadow></value><value name="propValue"><block type="math_number" id="1i?E#/LuuC^bS:ic6#Y`"><field name="NUM">0.5</field></block></value></block></next></block></statement></block></statement><value name="return"><block type="variables_get" id=":}V.uuaWI||I:=LINI=z"><field name="VAR">disabled</field></block></value></block></xml>