<xml xmlns="http://www.w3.org/1999/xhtml"><block type="root_block_ui_builder_block_onClick_handler" id="pME/zEo|T%`oeuiA:rW@" deletable="false" x="20" y="50"><statement name="statements_code"><block type="controls_if" id="!G?,%d8[1$Wve`,P_oC?"><value name="IF0"><block type="logic_compare" id="vAcI`xJkX[()UOgyKE~i"><field name="OP">EQ</field><value name="A"><block type="get_object_property" id="n_!T=N2VpM[Qm2^yTHQV"><value name="prop_name"><shadow type="text" id="/52(Wj3ipr{lN@nWK[{c"><field name="TEXT">target</field></shadow></value><value name="object"><block type="root_block_ui_builder_block_onClick_handler_context_blocks_event" id="dJoT=LbHUJ-w~-(:[[2#" bl_meta="{&quot;label&quot;:&quot;Event&quot;}"></block></value></block></value><value name="B"><block type="get_object_property" id="%,xRWNWA=`oGc)C%,i#n" inline="false"><value name="prop_name"><shadow type="text" id="QVObJ9dbB/@e|Mli??#1"><field name="TEXT">el</field></shadow></value><value name="object"><block type="ui_common_blocks__get_component_by_id" id="+FqSqvy2`zS9m$5X2^+y" bl_meta="{&quot;label&quot;:&quot;Get component by id&quot;}"><field name="componentUid">'1744db9f250d6ba85e3435fc3be3660e'</field></block></value></block></value></block></value><statement name="DO0"><block type="set_object_property" id="JW}.hiss91X/[x*ox9A3"><value name="object"><block type="ui_common_blocks__get_component_data_style" id="W7.-eokH!vgNHO*{fo]{" bl_meta="{&quot;label&quot;:&quot;Get component style&quot;}"><field name="componentUid">'1744db9f250d6ba85e3435fc3be3660e'</field></block></value><value name="propName"><shadow type="text" id="3EEy)fVV};Gznt3sk$cS"><field name="TEXT">visibility</field></shadow></value><value name="propValue"><block type="text" id="FEq[5`X(VCZxxFd1]5ZZ"><field name="TEXT">hidden</field></block></value><next><block type="set_object_property" id="Z``PXYqV6w7k@``ao0P6"><value name="object"><block type="ui_common_blocks__get_component_data_style" id="L6BOUWx~S{p`LAsdo=?M" bl_meta="{&quot;label&quot;:&quot;Get component style&quot;}"><field name="componentUid">'1744db9f250d6ba85e3435fc3be3660e'</field></block></value><value name="propName"><shadow type="text" id="b`+%1=h;P%cudPWIa?}3"><field name="TEXT">opacity</field></shadow></value><value name="propValue"><block type="math_number" id="4]w.K3FG:;w#F58;;3{F"><field name="NUM">0</field></block></value><next><block type="ui_common_blocks__toggle_component_visibility" id="np2w*Ot_(Mlzys;65CxK" bl_meta="{&quot;label&quot;:&quot;Toggle component visibility&quot;}"><field name="componentUid">'d50a1aa5921ba06c583457a897f2a8f7'</field><value name="visible"><block type="logic_boolean" id="A0yv%d?2#%mtcJA[yBiE"><field name="BOOL">FALSE</field></block></value><next><block type="custom_js_code" id="1n=B%1IBuJ(u{^yye8TD"><mutation output="false"><code>"const body = document.querySelector('body');\nbody.style.overflow = 'auto';"</code></mutation><field name="name">showScrollbar</field></block></next></block></next></block></next></block></statement></block></statement></block></xml>