<xml xmlns="http://www.w3.org/1999/xhtml"><block type="root_block_ui_builder_text_onClassListAssignment_handler" id="4RG7F{:1Spp-tY-48D_w" deletable="false" x="-887" y="-350"><statement name="statements_code"><block type="controls_if" id="Zx1SL(KH_8Dl+n0aN.N("><value name="IF0"><block type="logic_compare" id="WV,3RBfu:)hFuOt[vuc7"><field name="OP">EQ</field><value name="A"><block type="get_object_property" id="CTb:{hEVSMN@n*!L8*$." inline="false"><value name="prop_name"><shadow type="text" id="OKgL.EVPR/ZW}ew1ng@b"><field name="TEXT">status</field></shadow></value><value name="object"><block type="root_block_ui_builder_common__context_blocks_e9118d25f3628ca2aa41dd74e6510651_data" id="6M-N1+-6T!V9VsZ%Ofc-"></block></value></block></value><value name="B"><block type="text" id="VzyD?S],Lp@6SFQr|IwR"><field name="TEXT">running</field></block></value></block></value><statement name="DO0"><block type="variables_set" id="s^5D8B;*Se)-HJ=;Pj]p"><field name="VAR">classes</field><value name="VALUE"><block type="lists_create_with" id="w88Ys#)oQ:v1w@o,s+%4"><mutation items="2"></mutation><value name="ADD0"><block type="text" id="?w5b{fd67E-jKVVTfrnM"><field name="TEXT">ServerStatus__ItemStatusName</field></block></value><value name="ADD1"><block type="text" id="L}LZ2X8Huf529`ivj5,f"><field name="TEXT">ServerStatus__ItemStatusName--running</field></block></value></block></value></block></statement><next><block type="controls_if" id="bYIT4i`Ae3M{/K#zzKMV"><value name="IF0"><block type="logic_compare" id="6!vjYH$v3uGB].EF0B|i"><field name="OP">EQ</field><value name="A"><block type="get_object_property" id="Lg=.owmR8I:KeUz!jK.A" inline="false"><value name="prop_name"><shadow type="text" id="ft5p^+Q4rAFE^UrG0/n9"><field name="TEXT">status</field></shadow></value><value name="object"><block type="root_block_ui_builder_common__context_blocks_e9118d25f3628ca2aa41dd74e6510651_data" id="$hXmEw|]3A-FlI(^YJpn"></block></value></block></value><value name="B"><block type="text" id="pUd#OIPd8L~L=!M;oy(K"><field name="TEXT">complete</field></block></value></block></value><statement name="DO0"><block type="variables_set" id="wfuPq7IQUgFg:hxSpq{g"><field name="VAR">classes</field><value name="VALUE"><block type="lists_create_with" id="./M(mt+#3#.RK#*5Oktq"><mutation items="2"></mutation><value name="ADD0"><block type="text" id="v,beq$re3)%z.@z;DpxA"><field name="TEXT">ServerStatus__ItemStatusName</field></block></value><value name="ADD1"><block type="text" id="mswI7@On}^5zi+O-*JSe"><field name="TEXT">ServerStatus__ItemStatusName--complete</field></block></value></block></value></block></statement><next><block type="controls_if" id=")y_uCKc}0B#Vyya)-1m!"><value name="IF0"><block type="logic_compare" id="QN7iy|%1-X2bipKCiu9f"><field name="OP">EQ</field><value name="A"><block type="get_object_property" id=".%(Ww@3(.5Y52-suu_a4" inline="false"><value name="prop_name"><shadow type="text" id="#]6Bxv7JtpnD%D_n7J8U"><field name="TEXT">status</field></shadow></value><value name="object"><block type="root_block_ui_builder_common__context_blocks_e9118d25f3628ca2aa41dd74e6510651_data" id="j;{]M*(?:3Cy:oP)5;p["></block></value></block></value><value name="B"><block type="text" id="p9b*_0yM$Wo/D)9G9^m3"><field name="TEXT">notInstalled</field></block></value></block></value><statement name="DO0"><block type="variables_set" id="jOOd;-[|Lw0.KoAn^x:V"><field name="VAR">classes</field><value name="VALUE"><block type="lists_create_with" id="d!s^wx!HD/bw|QZ:e?_f"><mutation items="2"></mutation><value name="ADD0"><block type="text" id="?*7Hsi3cHzE4fsfVjnZ["><field name="TEXT">ServerStatus__ItemStatusName</field></block></value><value name="ADD1"><block type="text" id="7NX{0r_#d]wXABrjCTS@"><field name="TEXT">ServerStatus__ItemStatusName--notInstalled</field></block></value></block></value></block></statement><next><block type="controls_if" id="*WqF7]X)Dib2WMMr|*Tj"><value name="IF0"><block type="logic_compare" id="Zci}?:ev;8./*S]3Ftc-"><field name="OP">EQ</field><value name="A"><block type="get_object_property" id="?f`B?XYA_ktCS5XSY?G}" inline="false"><value name="prop_name"><shadow type="text" id=",vUyh]%tIELjSg_|SIEu"><field name="TEXT">status</field></shadow></value><value name="object"><block type="root_block_ui_builder_common__context_blocks_e9118d25f3628ca2aa41dd74e6510651_data" id="X$@m@Y@m?neZz@GFxf8="></block></value></block></value><value name="B"><block type="text" id="(@!9*=Cbe[Y)Uxdkh9R."><field name="TEXT">changing</field></block></value></block></value><statement name="DO0"><block type="variables_set" id="GYnu;n}C2Co]fsl7N-~."><field name="VAR">classes</field><value name="VALUE"><block type="lists_create_with" id="Cy.A2$wrQF1TD!kmN{u-"><mutation items="2"></mutation><value name="ADD0"><block type="text" id="|2RfrM0s,)/f=aqzc*fM"><field name="TEXT">ServerStatus__ItemStatusName</field></block></value><value name="ADD1"><block type="text" id=".lqX,w/iK:i^|bHM:B*H"><field name="TEXT">ServerStatus__ItemStatusName--changing</field></block></value></block></value></block></statement><next><block type="controls_if" id="`5`JI;r0^bOLJq}Cy#b)"><value name="IF0"><block type="logic_compare" id="^_aIKop$y#QrI:j.@]Vs"><field name="OP">EQ</field><value name="A"><block type="get_object_property" id="S-I$.Z_q/IUHWJ[riZf6" inline="false"><value name="prop_name"><shadow type="text" id="AGpM!C8R2o0GjLI=F~k$"><field name="TEXT">status</field></shadow></value><value name="object"><block type="root_block_ui_builder_common__context_blocks_e9118d25f3628ca2aa41dd74e6510651_data" id="qmD@(ADQH?:e2h{E4b|P"></block></value></block></value><value name="B"><block type="text" id=";%!=U}y~+3@J]z{3u_z3"><field name="TEXT">stopped</field></block></value></block></value><statement name="DO0"><block type="variables_set" id="B`eKtH-)d%}PS__rWt*c"><field name="VAR">classes</field><value name="VALUE"><block type="lists_create_with" id="kFG!e)XY:xfvv@mS*AzH"><mutation items="2"></mutation><value name="ADD0"><block type="text" id="HEB@ANV^J#jVV~t`lSu2"><field name="TEXT">ServerStatus__ItemStatusName</field></block></value><value name="ADD1"><block type="text" id="JKt6F4jJhBhvk-^u+^;N"><field name="TEXT">ServerStatus__ItemStatusName--stopped</field></block></value></block></value></block></statement></block></next></block></next></block></next></block></next></block></statement><value name="return"><block type="variables_get" id="/,}(o`8=Q/`C#_71;yCj"><field name="VAR">classes</field></block></value></block></xml>