<xml xmlns="http://www.w3.org/1999/xhtml"><block type="root_block_ui_builder_page_onEnter_handler" id="CR|FS8EU5#jkYoL%/]m^" deletable="false" x="20" y="50"><statement name="statements_code"><block type="custom_js_code" id="aT2*8@Y}.d}lN/#IQ/4+"><mutation output="false"><code>"const inputCertName   = document.querySelector('.inputCertName input');\nconst crtFileWrapper  = document.querySelector('.CreateUpdateModal__CrtFileWrapper');\nconst keyFileWrapper  = document.querySelector('.CreateUpdateModal__KeyFileWrapper');\n\ninputCertName.setAttribute('name', 'certName');\n\ncrtFileWrapper.innerHTML = `&lt;span class='CreateUpdateModal__FileNameLabel' id='fileLabelCrt'&gt;&lt;/span&gt;\n                            &lt;label class='CreateUpdateModal__UploadFileBtn' for=\"crtFile\"&gt;Choose file&lt;/label&gt;\n                            &lt;input type=\"file\" name=\"crtFile\" id=\"crtFile\" style='display:none'&gt;`;\n\nkeyFileWrapper.innerHTML = `&lt;span class='CreateUpdateModal__FileNameLabel' id='fileLabelKey'&gt;&lt;/span&gt;\n                            &lt;label class='CreateUpdateModal__UploadFileBtn' for=\"keyFile\"&gt;Choose file&lt;/label&gt;\n                            &lt;input type=\"file\" name=\"keyFile\" id=\"keyFile\" style='display:none'&gt;`;\n\nconst inputCrtFile = document.querySelector('#crtFile');\ninputCrtFile.addEventListener('change', (e) =&gt; {\n  document.querySelector('#fileLabelCrt').innerHTML = e.target.files[0].name;\n  (function (componentUid, visible) { (function(component){ component.display = !!(typeof visible === 'boolean' ? visible : !component.display ) })(___arguments.context.getComponentByUid(componentUid)) })('fb3b28c8ecb422c9d789a3d5b17a989f', false);\n  const operation = getObjectProperty(((function (componentUid) { return ___arguments.context.getComponentDataStoreByUid(componentUid) })('c285fdb7425cfedb989a67dd73e1e756')), 'btnLabel');\n  if (operation == 'Update') {\n    (function (componentUid, visible) { (function(component){ component.display = !!(typeof visible === 'boolean' ? visible : !component.display ) })(___arguments.context.getComponentByUid(componentUid)) })('bd6a0655e9f42f64a20ea5b9ef4e75db', false);\n  }\n});\n\nconst inputKeyFile = document.querySelector('#keyFile');\ninputKeyFile.addEventListener('change', (e) =&gt; {\n  document.querySelector('#fileLabelKey').innerHTML = e.target.files[0].name;\n  (function (componentUid, visible) { (function(component){ component.display = !!(typeof visible === 'boolean' ? visible : !component.display ) })(___arguments.context.getComponentByUid(componentUid)) })('bd6a0655e9f42f64a20ea5b9ef4e75db', false);\n  const operation = getObjectProperty(((function (componentUid) { return ___arguments.context.getComponentDataStoreByUid(componentUid) })('c285fdb7425cfedb989a67dd73e1e756')), 'btnLabel');\n  if (operation == 'Update'){\n   (function (componentUid, visible) { (function(component){ component.display = !!(typeof visible === 'boolean' ? visible : !component.display ) })(___arguments.context.getComponentByUid(componentUid)) })('fb3b28c8ecb422c9d789a3d5b17a989f', false);\n  }\n});\n\n"</code></mutation><field name="name">TLS-form-elements-init</field><next><block type="set_object_property" id="igiE{#%8J~||s={;{zt8"><value name="object"><block type="root_block_ui_builder_common__context_blocks_pageData" id="gYCF(ol.+9J2~i)g-J$=" bl_meta="{&quot;label&quot;:&quot;Page Data&quot;}"></block></value><value name="propName"><shadow type="text" id="Y*!{(uLzmE^fQ9gN%.Ai"><field name="TEXT">applyBtnLabel</field></shadow></value><value name="propValue"><block type="text" id="^kw,/]kYn~d$$ZAB[!RK"><field name="TEXT">Apply</field></block></value><next><block type="local_storage_delete" id="|*A(9;TCoW]NGogQBaV^"><value name="key"><shadow type="text" id="i.[cN_e]DEn.#YXf5w0t"><field name="TEXT">originLoad</field></shadow></value><next><block type="try_catch" id="+_}%6t`+A2+$1+Kuh_N~"><statement name="try"><block type="variables_set" id="]{b$KGw##}7cOFp5pAG%"><field name="VAR">certificatesFromServer</field><value name="VALUE"><block type="codeless_function_block_696a14dd8d2f85be7023c2c4441a65a5" id="p{yKBSFw}``qXWYh-gWL" bl_meta="{&quot;fn&quot;:&quot;ProManagerAPI&quot;,&quot;label&quot;:&quot;Custom Function - ProManagerAPI&quot;}"><mutation has_output="true"></mutation><field name="connections_toggler">TRUE</field><value name="method"><block type="text" id="0Noa`x5~Q5/ZP:;ea5Yj"><field name="TEXT">get</field></block></value><value name="path"><block type="text" id="g~]B[34mcdAVHh)FJjp["><field name="TEXT">/manage/cert</field></block></value></block></value><next><block type="variables_set" id="St;1gb;dJlW]g]1F=a2w"><field name="VAR">certificatesDescription</field><value name="VALUE"><block type="codeless_function_block_696a14dd8d2f85be7023c2c4441a65a5" id="=X.A2qSP=9fzaUYwUl)f" bl_meta="{&quot;fn&quot;:&quot;ProManagerAPI&quot;,&quot;label&quot;:&quot;Custom Function - ProManagerAPI&quot;}"><mutation has_output="true"></mutation><field name="connections_toggler">TRUE</field><value name="method"><block type="text" id="+gVC#*M;e(-lv_1665lE"><field name="TEXT">get</field></block></value><value name="path"><block type="text" id="YXodL{f3A2OQ6x{85Zdl"><field name="TEXT">/manage/cert/describe</field></block></value></block></value><next><block type="controls_forEach" id="xtw!.V20@t.flP}+)fgN"><field name="VAR">j</field><value name="LIST"><block type="variables_get" id="#KJqcogOm]-jiA$wF}dL"><field name="VAR">certificatesDescription</field></block></value><statement name="DO"><block type="set_object_property" id="n|Xon}rPSF=bNBU9ZNQA"><value name="object"><block type="root_block_ui_builder_common__context_blocks_pageData" id=";E_[@nHY}+U]G:XcK[R`" bl_meta="{&quot;label&quot;:&quot;Page Data&quot;}"></block></value><value name="propName"><shadow type="text" id="*JH|ZZVKTK0(h~o^Vlkq"><field name="TEXT"></field></shadow><block type="text_join" id="ddM%kAH0nZF7YhM%)n~`"><mutation items="2"></mutation><value name="ADD0"><block type="get_object_property" id="u8f8ik0!Xk8j^%5svI3B"><value name="prop_name"><shadow type="text" id=")G8EZYes#eXHX7_5a?,2"><field name="TEXT">name</field></shadow></value><value name="object"><block type="variables_get" id="6wEd5egY__)h31Ek*T+6"><field name="VAR">j</field></block></value></block></value><value name="ADD1"><block type="text" id="40fl~5/zL~%{2.Vy56$d"><field name="TEXT">Description</field></block></value></block></value><value name="propValue"><block type="get_object_property" id="y!,!_QWf}*NVAQ$E%,a#"><value name="prop_name"><shadow type="text" id="+ZS1o2MtE+O?52,5`kGy"><field name="TEXT">description</field></shadow></value><value name="object"><block type="variables_get" id=")YJ]2VH2EAQaY^a?Z,[1"><field name="VAR">j</field></block></value></block></value></block></statement><next><block type="lists_setIndex" id="p8MU9Y)+hLn@;Ld{t+4?"><mutation at="false"></mutation><field name="MODE">INSERT</field><field name="WHERE">LAST</field><value name="LIST"><block type="variables_get" id="3%`{GOXG?,;Msi{dZT2$"><field name="VAR">certificatesFromServer</field></block></value><value name="TO"><block type="text" id="pm9q~~$H528d|ifOCql`"><field name="TEXT">NO SSL</field></block></value><next><block type="set_object_property" id="p{]$|Wq8%_4*{d5=yR-("><value name="object"><block type="root_block_ui_builder_common__context_blocks_pageData" id=":hs]7PA*}3#[PK9wZnwn" bl_meta="{&quot;label&quot;:&quot;Page Data&quot;}"></block></value><value name="propName"><shadow type="text" id="KCs0..;lA_;*dr#P9=IV"><field name="TEXT">certificates</field></shadow></value><value name="propValue"><block type="list_map_items" id="tvZd/cPxJMF`XWesA{^Z"><field name="item">item</field><value name="list"><block type="variables_get" id="eNNI(;]][b7q=7Z4?QU]"><field name="VAR">certificatesFromServer</field></block></value><value name="returnCode"><block type="create_object" id="giH/PDme.*jR%E6)~~4F"><mutation><properties><item id="property" prop-name="name"></item><item id="property" prop-name="value"></item></properties></mutation><value name="create_object_mutator_container_properties_stack_property0"><block type="variables_get" id="EsQ2yrC)8#j6{eqWSq6V"><field name="VAR">item</field></block></value><value name="create_object_mutator_container_properties_stack_property1"><block type="variables_get" id="o#NQ~I;DO6@4NdrNt}8B"><field name="VAR">item</field></block></value></block></value></block></value></block></next></block></next></block></next></block></next></block></statement><statement name="catch"><block type="codeless_function_block_8f16ba2ef5c9c7a7b32d569b3762f6c4" id="dHiC@Y!N8zcYyXv8|x7b" bl_meta="{&quot;fn&quot;:&quot;showMessage&quot;,&quot;label&quot;:&quot;Custom Function - showMessage&quot;}"><mutation has_output="false"></mutation><field name="connections_toggler">FALSE</field><value name="pageData"><block type="root_block_ui_builder_common__context_blocks_pageData" id="u_6Ehh}x86+Rf[Z`9D~[" bl_meta="{&quot;label&quot;:&quot;Page Data&quot;}"></block></value><value name="message"><block type="get_object_property" id="m7-UIiT%7T;91_S,@U{#"><value name="prop_name"><shadow type="text" id="@V=S4DiHO:f_tmt6?#MN"><field name="TEXT">message</field></shadow></value><value name="object"><block type="variables_get" id="o.xc,FwOc[lKA3z/d`45"><field name="VAR">error</field></block></value></block></value><value name="color"><block type="text" id="f(fUM%Nz/LqKn74t4[`}"><field name="TEXT">#ff0000</field></block></value><value name="alert"><block type="ui_common_blocks__get_component_by_id" id="*q6p3B$hc)yS+:?%p[^/" bl_meta="{&quot;label&quot;:&quot;Get component by id&quot;}"><field name="componentUid">'95980ee1806a02128292c7d76666d134'</field></block></value><value name="styleAlert"><block type="ui_common_blocks__get_component_data_style" id="gHFalnVLK=FZ%M_In]#x" bl_meta="{&quot;label&quot;:&quot;Get component style&quot;}"><field name="componentUid">'95980ee1806a02128292c7d76666d134'</field></block></value><value name="styleAlertText"><block type="ui_common_blocks__get_component_data_style" id="(7)#QC#uB!jH#RR0Zl|I" bl_meta="{&quot;label&quot;:&quot;Get component style&quot;}"><field name="componentUid">'56af2c373986c15715d6b101723d8d4f'</field></block></value></block></statement></block></next></block></next></block></next></block></statement></block></xml>