<xml xmlns="http://www.w3.org/1999/xhtml"><block type="root_block_ui_builder_text_onClassListAssignment_handler" id="GA*MUZ4tSy?dj/]7Kc2X" deletable="false" x="20" y="50"><statement name="statements_code"><block type="variables_set" id="7[?fmI300/ft+|Nv%6$`"><field name="VAR">classList</field><value name="VALUE"><block type="lists_create_with" id="zNgK|x^iqlYHF{)6wxMP"><mutation items="1"></mutation><value name="ADD0"><block type="text" id=".+AUf3#oBEgG:a/`!zqz"><field name="TEXT">ServerStatus__RestartAllBtn</field></block></value></block></value><next><block type="controls_forEach" id="_y/UX,|m4cdSs+*k:5d{" disabled="true"><field name="VAR">item</field><value name="LIST"><block type="get_object_property" id="HT|r;fHh!GC83NDqow%%"><value name="prop_name"><shadow type="text" id="ljtQmoL1s|;G*oUa,~Cf"><field name="TEXT">groupActionList</field></shadow></value><value name="object"><block type="root_block_ui_builder_common__context_blocks_pageData" id="|kE8NjME:{PCYn@P,,KO"></block></value></block></value><statement name="DO"><block type="controls_if" id="w972kBX;R?6{W,6lt%`A"><value name="IF0"><block type="logic_operation" id="=EhV3{OI9B,j@rBNX:Nk"><field name="OP">OR</field><value name="A"><block type="logic_compare" id="|yz6IU]ISvs1jQ,f`.f$"><field name="OP">EQ</field><value name="A"><block type="get_object_property" id="la]M5|_2}S)w$96w)gCu" inline="false"><value name="prop_name"><shadow type="text" id="^n,#]=c$[([?Edte_),("><field name="TEXT">status</field></shadow></value><value name="object"><block type="variables_get" id="WD_oJ*X0/+`?M:_@x1Pb"><field name="VAR">item</field></block></value></block></value><value name="B"><block type="text" id="RM=M{`Evo_x%mpQ6DCoE"><field name="TEXT">running</field></block></value></block></value><value name="B"><block type="logic_compare" id="kb=$-^B)?$FAKk1/=2OG"><field name="OP">EQ</field><value name="A"><block type="get_object_property" id="tn`VP^1}xtKg/0sh8DBY" inline="false"><value name="prop_name"><shadow type="text" id="GUuSMDcy|;c6fGsNt`Sw"><field name="TEXT">status</field></shadow></value><value name="object"><block type="variables_get" id="2O;o3*PoI{nVU=xw(UY2"><field name="VAR">item</field></block></value></block></value><value name="B"><block type="text" id="?4#do+kDFyRosrvvn7FQ"><field name="TEXT">changing</field></block></value></block></value></block></value><statement name="DO0"><block type="variables_set" id=":dKTJlRN,mqD9~O}as[k"><field name="VAR">classList</field><value name="VALUE"><block type="lists_create_with" id="*yTd|8H4:[+F7{+veE`d"><mutation items="2"></mutation><value name="ADD0"><block type="text" id="x1bN?2%E?d9jl3PSEPH!"><field name="TEXT">ServerStatus__RestartAllBtn</field></block></value><value name="ADD1"><block type="text" id="qf.n{vEKq@`~4W%H~sc2"><field name="TEXT">ServerStatus__RestartAllBtn--active</field></block></value></block></value></block></statement></block></statement><next><block type="controls_if" id="2|#%!b}`a_)IMUWW(x9."><value name="IF0"><block type="logic_compare" id="DHC}y(=3Ae_rI`HbQ!2h"><field name="OP">NEQ</field><value name="A"><block type="lists_length" id=":O_x?}8^z~pBz@96f!i#"><value name="VALUE"><block type="get_object_property" id="#k)B_`?+l#w2`R{$,ZRf"><value name="prop_name"><shadow type="text" id="v{Q-6bD0)n=+QIi#)}MO"><field name="TEXT">groupActionList</field></shadow></value><value name="object"><block type="root_block_ui_builder_common__context_blocks_pageData" id="8il{!]a3Mf?%UskOCf^k"></block></value></block></value></block></value><value name="B"><block type="math_number" id="beA,lO.i8M!~|USgaj+E"><field name="NUM">0</field></block></value></block></value><statement name="DO0"><block type="variables_set" id="?9Xnvbm2^M*~[_lea%+o"><field name="VAR">classList</field><value name="VALUE"><block type="lists_create_with" id="|[5I}tLh;$d.3(oQqr=%"><mutation items="2"></mutation><value name="ADD0"><block type="text" id="zAUkkK4P68f;Pdf;)d:c"><field name="TEXT">ServerStatus__RestartAllBtn</field></block></value><value name="ADD1"><block type="text" id="}E*D=LUUs}Ip,0yJ(VRu"><field name="TEXT">ServerStatus__RestartAllBtn--active</field></block></value></block></value></block></statement></block></next></block></next></block></statement><value name="return"><block type="variables_get" id="vg{lDyzFx9iSi?jt3pr}"><field name="VAR">classList</field></block></value></block></xml>