<xml xmlns="http://www.w3.org/1999/xhtml"><block type="root_block_ui_builder_block_onClassListAssignment_handler" id="usg7)?AHS(((R%87Mu@)" deletable="false" x="20" y="50"><statement name="statements_code"><block type="variables_set" id="KFrI`.}cYeQIyxxm7l/P"><field name="VAR">classList</field><value name="VALUE"><block type="lists_create_with" id="?Osb?HcjC(7J6M=Nr}bW"><mutation items="1"></mutation><value name="ADD0"><block type="text" id="^:9:^k6=oDUKI`mlPB/t"><field name="TEXT">aside__TabContentItem</field></block></value></block></value><next><block type="controls_if" id="{OMNLU}QtWu!o#5ZU@n="><value name="IF0"><block type="logic_compare" id="4ZnJmJ5nqW.T_rx$MiO2"><field name="OP">EQ</field><value name="A"><block type="get_object_property" id="9Kt6Bdnh6Kg$QWVRW?pE"><value name="prop_name"><shadow type="text" id="!cChr,WfN51U:OLa6:u$"><field name="TEXT">pageConfiguration</field></shadow></value><value name="object"><block type="root_block_ui_builder_common__context_blocks_pageData" id="vRSh]_1FIlD~~rmK}Yd2" bl_meta="{&quot;label&quot;:&quot;Page Data&quot;}"></block></value></block></value><value name="B"><block type="text" id="e#t3MXP9[(8aTv{liKv;"><field name="TEXT">redis</field></block></value></block></value><statement name="DO0"><block type="variables_set" id="Zn?eK[*]g%{v{7o@{[Jy"><field name="VAR">classList</field><value name="VALUE"><block type="lists_create_with" id="L#t[MSoz6${%hoe0nkB@"><mutation items="2"></mutation><value name="ADD0"><block type="text" id="bug5x[}UiU`[CM8UO=R7"><field name="TEXT">aside__TabContentItem</field></block></value><value name="ADD1"><block type="text" id="NN5b#JH!{,^@cE.;vAyZ"><field name="TEXT">aside__TabContentItem--active</field></block></value></block></value><next><block type="controls_if" id="X[`V*KLc8H=tPAm@oimR" disabled="true"><value name="IF0"><block type="logic_compare" id="3?ieX4uVy{}3Hz8Sflf+"><field name="OP">NEQ</field><value name="A"><block type="ui_dynamic_category__device-api__get_component_size" id="gd~UzBz]eIEkdU3){NNl" bl_meta="{&quot;label&quot;:&quot;Dynamic Block: Get Component&quot;}"><field name="typeSize">'clientHeight'</field><value name="component"><block type="ui_common_blocks__get_component_by_id" id="*C{3`5#@K2H//tz8WTj8"><field name="componentUid">3c48282edad672c3a97414a89b3c15df</field></block></value></block></value><value name="B"><block type="math_number" id="tl.A=JB+C4J/sqLKk/j."><field name="NUM">0</field></block></value></block></value><statement name="DO0"><block type="set_object_property" id="1@Fpj%#B{Jixw@6S8LYB"><value name="object"><block type="ui_common_blocks__get_component_data_style" id="c6DQbp.f;/;BznsrJ9.q"><field name="componentUid">3c48282edad672c3a97414a89b3c15df</field></block></value><value name="propName"><shadow type="text" id="Zxi_lBva4zEiLu/b?NHG"><field name="TEXT">maxHeight</field></shadow></value><value name="propValue"><block type="text_join" id="??z~|=$fTR(r{/gA;IyH"><mutation items="2"></mutation><value name="ADD0"><block type="math_number" id="tKbv4hGgnor6XjZ`3RDH"><field name="NUM">0</field></block></value><value name="ADD1"><block type="text" id="H%h:T[jfmGdy^!$~r?{6"><field name="TEXT">px</field></block></value></block></value><next><block type="list_add_item" id="E[b+wJqH!H{lL_p$wZ)h"><mutation has_output="false"></mutation><field name="connections_toggler">FALSE</field><value name="list"><block type="ui_common_blocks__get_component_classes" id="+2#t:SU^4UxQ%LD^K?1?"><field name="componentUid">1fed8d3527f135219fb66d9de15adb04</field></block></value><value name="value"><block type="text" id="M}}ylyenO7+{3SBT@4JH"><field name="TEXT">aside__TabHeader--rotated</field></block></value></block></next></block></statement></block></next></block></statement></block></next></block></statement><value name="return"><block type="variables_get" id="6(J=O9rGvJUc[]1?AIXi"><field name="VAR">classList</field></block></value></block></xml>