<xml xmlns="http://www.w3.org/1999/xhtml"><block type="root_block_ui_builder_block_onBeforeMount_handler" id="}({gh/q[fpP:]#}GqOf_" deletable="false" x="20" y="50"><statement name="statements_code"><block type="controls_if" id="QX*D@=}zS/Y0Fe}N+w*_"><mutation else="1"></mutation><value name="IF0"><block type="get_object_property" id="0Xjpv[;*Lsz]PV_{?d+Z"><value name="prop_name"><shadow type="text" id="N-C#JP[p+J-@0%@zJwl;"><field name="TEXT">statusData</field></shadow></value><value name="object"><block type="root_block_ui_builder_common__context_blocks_appData" id="lI$#4^T2w2zaix0QP{M(" bl_meta="{&quot;label&quot;:&quot;App Data&quot;}"></block></value></block></value><statement name="DO0"><block type="set_object_property" id="zoNhG(P1JBrA@JBrlxxZ"><value name="object"><block type="root_block_ui_builder_common__context_blocks_cc6c067e2b46da2502deb333245ebfc6_data" id=":M4mCv0j5/y%,Ld;03ap" bl_meta="{&quot;label&quot;:&quot;\&quot;ServerLogs controls\&quot; Data&quot;}"></block></value><value name="propName"><shadow type="text" id="Bq51q}q,)jXBU|8qa3*K"><field name="TEXT">statusData</field></shadow></value><value name="propValue"><block type="get_object_property" id="e#N[@!k1[6aPqXPVK;O3"><value name="prop_name"><shadow type="text" id="wg$R,2R*FU6SdgH1,m^)"><field name="TEXT">statusData</field></shadow></value><value name="object"><block type="root_block_ui_builder_common__context_blocks_appData" id="n#]vip0RgWPS7$kNk6ja" bl_meta="{&quot;label&quot;:&quot;App Data&quot;}"></block></value></block></value></block></statement><statement name="ELSE"><block type="try_catch" id="1KCN3(N`2E),er|PR:9D"><statement name="try"><block type="set_object_property" id="=Gh*].d`5D_08aF__0bT"><value name="object"><block type="root_block_ui_builder_common__context_blocks_cc6c067e2b46da2502deb333245ebfc6_data" id="/I/u{d/4ELQfolV~^FAr" bl_meta="{&quot;label&quot;:&quot;\&quot;ServerLogs controls\&quot; Data&quot;}"></block></value><value name="propName"><shadow type="text" id="fhnNrgwRLnRM,G^kCUcc"><field name="TEXT">statusData</field></shadow></value><value name="propValue"><block type="codeless_function_block_696a14dd8d2f85be7023c2c4441a65a5" id="1/=!6OwX{%mzKuLR`YZ7" bl_meta="{&quot;fn&quot;:&quot;ProManagerAPI&quot;,&quot;label&quot;:&quot;Custom Function - ProManagerAPI&quot;}"><mutation has_output="true"></mutation><field name="connections_toggler">TRUE</field><value name="method"><block type="text" id="HKh)ArT/EOb0(W9-zsze"><field name="TEXT">get</field></block></value><value name="path"><block type="text" id="BjW7#EG`6/chFK1(s%#R"><field name="TEXT">/manage/status</field></block></value></block></value></block></statement><statement name="catch"><block type="ui_dynamic_category__device-api__show_alert" id="3{v~VT*^_f31U/4Tqt*}" bl_meta="{&quot;label&quot;:&quot;Dynamic Block: Show Alert&quot;}"><value name="message"><shadow type="text" id=".ibzKewGrPCV|DN2{M)%"><field name="TEXT"></field></shadow><block type="get_object_property" id="~`%xKOPIZxx=y/Bn!dyT"><value name="prop_name"><shadow type="text" id="S]:kSSBAp#]N%xbs,$.o"><field name="TEXT">message</field></shadow></value><value name="object"><block type="variables_get" id="1=JUt2ty6+?-I0Tc9`wz"><field name="VAR">error</field></block></value></block></value></block></statement></block></statement><next><block type="try_catch" id="{8OUfPU-y`@sZb%o3L`M"><statement name="try"><block type="variables_set" id="Z6b~mm?ogs~n=udo2DM]"><field name="VAR">pollingIntervalMS</field><value name="VALUE"><block type="get_object_property" id=":1oXzB!?-Adx:=$]8CVW"><value name="prop_name"><shadow type="text" id="xsX?*W1V5}*+x`7@m:QV"><field name="TEXT">pollingIntervalMS</field></shadow></value><value name="object"><block type="http_request" id="kK/1;szaWAo+2`;rjF3:"><mutation has_output="true"></mutation><field name="encoding">'utf8'</field><field name="connections_toggler">TRUE</field><value name="method"><shadow type="http_request_method" id="^W[3vT01):jl5HK}Y~BU"><field name="method">get</field></shadow></value><value name="path"><shadow type="text" id="R(s@gpI_}}*S,EQ_g?*L"><field name="TEXT"></field></shadow><block type="text_join" id="^gaCJ~I@Jx-Kvu*fBO/z"><mutation items="2"></mutation><value name="ADD0"><block type="get_object_property" id="HQS;[$qvj20!6;ysd*t1" inline="false"><value name="prop_name"><shadow type="text" id="{]{1.g(KrZ8zoop{}`Pm"><field name="TEXT">origin</field></shadow></value><value name="object"><block type="ui_dynamic_category__device-api__get_window_location" id="oQ{[#9t7:1O6xf-l$7nz" bl_meta="{&quot;label&quot;:&quot;Dynamic Block: Get Window Location&quot;}"></block></value></block></value><value name="ADD1"><block type="text" id="Vh.vlb~V.8Q5b3D{U]gd"><field name="TEXT">/settings.json</field></block></value></block></value></block></value></block></value><next><block type="controls_if" id="E2CgHPZZ:}Ho#FO]cHtq"><value name="IF0"><block type="logic_negate" id="qgU5Bf=?s`X8L?K;mB^."><value name="BOOL"><block type="is_type" id="BH}IxW{u9W/X0B`[CCd/"><field name="checker">number</field><value name="object"><block type="variables_get" id="y2}mZ5`KY$h[orWzeQz8"><field name="VAR">pollingIntervalMS</field></block></value></block></value></block></value><statement name="DO0"><block type="variables_set" id="b*a)iPL5k6Y#l,4}][Gm"><field name="VAR">pollingIntervalMS</field><value name="VALUE"><block type="math_number" id=":C7M,V(Jc:f2Ti#Zm@SF"><field name="NUM">2000</field></block></value></block></statement><next><block type="set_interval" id="aqCH({,7N)ng,(1z;)@e"><value name="delay"><shadow type="math_number" id="({K0ULi_S{-R@[N=M{k#"><field name="NUM">0</field></shadow><block type="variables_get" id="VLHD(0QIDtfEFoN=:]-#"><field name="VAR">pollingIntervalMS</field></block></value><value name="timerId"><shadow type="text" id="6lhx1~Rn3)Y,YT:$`^J-"><field name="TEXT">timerStatusData</field></shadow></value><statement name="callback"><block type="set_object_property" id=".#+t0EVrFe?+l$.hvJHi"><value name="object"><block type="root_block_ui_builder_common__context_blocks_cc6c067e2b46da2502deb333245ebfc6_data" id="j+%kk)ZHl`:P,~d0+dfw" bl_meta="{&quot;label&quot;:&quot;\&quot;ServerLogs controls\&quot; Data&quot;}"></block></value><value name="propName"><shadow type="text" id="e+pwDEjkjtV|R@eT-kNv"><field name="TEXT">statusData</field></shadow></value><value name="propValue"><block type="codeless_function_block_696a14dd8d2f85be7023c2c4441a65a5" id="Rxq3)hlgRBI(`i:-!%UQ" bl_meta="{&quot;fn&quot;:&quot;ProManagerAPI&quot;,&quot;label&quot;:&quot;Custom Function - ProManagerAPI&quot;}"><mutation has_output="true"></mutation><field name="connections_toggler">TRUE</field><value name="method"><block type="text" id="c]+KdEblzX(IxbjvG-Z)"><field name="TEXT">get</field></block></value><value name="path"><block type="text" id="vmeWE?Q9T^-#5q3nPJgy"><field name="TEXT">/manage/status</field></block></value></block></value></block></statement></block></next></block></next></block></statement><statement name="catch"><block type="ui_dynamic_category__device-api__show_alert" id="5F#):Xg4@ca*4(@=O7D|" bl_meta="{&quot;label&quot;:&quot;Dynamic Block: Show Alert&quot;}"><value name="message"><shadow type="text" id=".ibzKewGrPCV|DN2{M)%"><field name="TEXT"></field></shadow><block type="get_object_property" id=",9B7Ge(go$(k!y?t78f0"><value name="prop_name"><shadow type="text" id="/YAINu|w`aIDg?hD)w$M"><field name="TEXT">message</field></shadow></value><value name="object"><block type="variables_get" id="XppoFEW#|J8YQY4(OAmM"><field name="VAR">error</field></block></value></block></value></block></statement></block></next></block></statement></block></xml>