<xml xmlns="http://www.w3.org/1999/xhtml"><block type="root_block_ui_builder_block_onMounted_handler" id="zwR]8M}2(!S:oTIJ~)E6" deletable="false" x="20" y="50"><statement name="statements_code"><block type="controls_if" id="QRoHCjx~[{gw*CL;a$R|"><value name="IF0"><block type="get_object_property" id="Gs;}hG.$FC8jXj#P{6E/"><value name="prop_name"><shadow type="text" id="$xmysF%hg#`LL8gMGUE|"><field name="TEXT">Protocol</field></shadow></value><value name="object"><block type="root_block_ui_builder_common__context_blocks_8df5e86e263721a17d2eb9a2f1451d2c_data" id="Ds_nkn,RQ]#/V+4;CyxP" bl_meta="{&quot;label&quot;:&quot;\&quot;data container\&quot; Repeater Data Item&quot;,&quot;dynamicListId&quot;:&quot;9f186f89932cdfe880554e43f4f916a1&quot;}"></block></value></block></value><statement name="DO0"><block type="set_object_property" id="qMO((n$n18o8C*Wt*b~l"><value name="object"><block type="root_block_ui_builder_common__context_blocks_8df5e86e263721a17d2eb9a2f1451d2c_data" id="et(ytVKM{tv#-4}GIA*:" bl_meta="{&quot;label&quot;:&quot;\&quot;data container\&quot; Repeater Data Item&quot;,&quot;dynamicListId&quot;:&quot;9f186f89932cdfe880554e43f4f916a1&quot;}"></block></value><value name="propName"><shadow type="text" id="(zKU0L_xA~yicPnHG0YW"><field name="TEXT">TLS</field></shadow></value><value name="propValue"><block type="logic_compare" id="rj(195A()p!dH1%aeY3x" inline="false"><field name="OP">EQ</field><value name="A"><block type="get_object_property" id="FT.R/*d%9k,H+xK7pBl`"><value name="prop_name"><shadow type="text" id="8EpYo7h6d4JJQVh)6KXk"><field name="TEXT">Protocol</field></shadow></value><value name="object"><block type="root_block_ui_builder_common__context_blocks_8df5e86e263721a17d2eb9a2f1451d2c_data" id="*PQ*Pq]i-9pxknhz~qMX" bl_meta="{&quot;label&quot;:&quot;\&quot;data container\&quot; Repeater Data Item&quot;,&quot;dynamicListId&quot;:&quot;9f186f89932cdfe880554e43f4f916a1&quot;}"></block></value></block></value><value name="B"><block type="text" id=":ej1CLCbYSrZ?{bRatnf"><field name="TEXT">TLS</field></block></value></block></value><next><block type="set_object_property" id="k~qo6a2wDX%l$rwa7.Y-"><value name="object"><block type="root_block_ui_builder_common__context_blocks_8df5e86e263721a17d2eb9a2f1451d2c_data" id="bBQMN4#x]AvaD@6kfpLB" bl_meta="{&quot;label&quot;:&quot;\&quot;data container\&quot; Repeater Data Item&quot;,&quot;dynamicListId&quot;:&quot;9f186f89932cdfe880554e43f4f916a1&quot;}"></block></value><value name="propName"><shadow type="text" id="xzdR4Eu9VS+V$`9^MB?Y"><field name="TEXT">SSL</field></shadow></value><value name="propValue"><block type="logic_compare" id="|SHw/NP;,StOphe{a:m-" inline="false"><field name="OP">EQ</field><value name="A"><block type="get_object_property" id="_iS3Oi?A~210bow#2a_g"><value name="prop_name"><shadow type="text" id="@-E^}`:t/BIp;m@u0^aQ"><field name="TEXT">Protocol</field></shadow></value><value name="object"><block type="root_block_ui_builder_common__context_blocks_8df5e86e263721a17d2eb9a2f1451d2c_data" id="+NbSI8YkXY1`t1Jfs(*y" bl_meta="{&quot;label&quot;:&quot;\&quot;data container\&quot; Repeater Data Item&quot;,&quot;dynamicListId&quot;:&quot;9f186f89932cdfe880554e43f4f916a1&quot;}"></block></value></block></value><value name="B"><block type="text" id="M5%H?+Vb*K)zIJ=|1v@;"><field name="TEXT">SSL</field></block></value></block></value></block></next></block></statement></block></statement></block></xml>