<xml xmlns="http://www.w3.org/1999/xhtml"><block type="root_block_ui_builder_block_onClick_handler" id="@bz;wp;,8{b+EIuC$I/Z" deletable="false" x="20" y="50"><statement name="statements_code"><block type="set_object_property" id="s*;_WEe/}RkvBI#/*#+L"><value name="object"><block type="get_object_property" id="M)VxE^}{.J*f#Tvaxw%p"><value name="prop_name"><shadow type="text" id="R.(iy`?H9CMENEPKT0K("><field name="TEXT">el</field></shadow></value><value name="object"><block type="ui_common_blocks__get_component_by_id" id="fT$Z[D9B48a`OYPX)Y~]" bl_meta="{&quot;label&quot;:&quot;Get component by id&quot;}"><field name="componentUid">'4fa9f7ddbea8648a68589c2bdd118b95'</field></block></value></block></value><value name="propName"><shadow type="text" id="3,#([O4Sz+R|h(L`4X%p"><field name="TEXT">type</field></shadow></value><value name="propValue"><block type="text" id="hc~#oSSEcwv%+V?4`Pv$"><field name="TEXT">password</field></block></value><next><block type="ui_common_blocks__toggle_component_visibility" id="m.8(+Idp47rb9dmC6,Lx" bl_meta="{&quot;label&quot;:&quot;Toggle component visibility&quot;}"><field name="componentUid">'891bf3ca729d37cf46cc1e6329c36163'</field><value name="visible"><block type="logic_boolean" id="QAH.Uje#31hJwK2Ct-H}"><field name="BOOL">FALSE</field></block></value><next><block type="ui_common_blocks__toggle_component_visibility" id="#FgKAz[uHQ=Wh!Xa0;Z+" bl_meta="{&quot;label&quot;:&quot;Toggle component visibility&quot;}"><field name="componentUid">'90d8c3571dc2b58b3ce53fd97a5af9d9'</field><value name="visible"><block type="logic_boolean" id="-y3:LQ4}/E5c}]]n,gmc"><field name="BOOL">TRUE</field></block></value></block></next></block></next></block></statement></block></xml>