<xml xmlns="http://www.w3.org/1999/xhtml"><block type="root_block_ui_builder_button_onClick_handler" id="ox4Vm-cs4-2zho5er_sM" deletable="false" x="20" y="50"><statement name="statements_code"><block type="set_object_property" id="(vSEGtWzXBhpuZ_}k|Y}"><value name="object"><block type="ui_common_blocks__get_component_data_style" id="~[;G8GcO$y7e{7mKV#Fw" bl_meta="{&quot;label&quot;:&quot;Get component style&quot;}"><field name="componentUid">'2296afff5b9ced6febcee034fa4def5b'</field></block></value><value name="propName"><shadow type="text" id="=U5qRG)v{0xGM3Cgo}A9"><field name="TEXT">opacity</field></shadow></value><value name="propValue"><block type="math_number" id="{]zYz5wDoa+oV`kt)X4o"><field name="NUM">1</field></block></value><next><block type="set_object_property" id="GtERYfb`1p8!b|r~EeyT"><value name="object"><block type="ui_common_blocks__get_component_data_style" id="vXU3C=@OxTwpZIB6Fpb:" bl_meta="{&quot;label&quot;:&quot;Get component style&quot;}"><field name="componentUid">'2296afff5b9ced6febcee034fa4def5b'</field></block></value><value name="propName"><shadow type="text" id="{Y*inJs?w/K4#qR|Vf]."><field name="TEXT">visibility</field></shadow></value><value name="propValue"><block type="text" id="t5_/P77|W^Ebsj33jAON"><field name="TEXT">visible</field></block></value><next><block type="ui_common_blocks__set_component_data_store" id="[o(ZPVn$F/H(`%z=.Mks" bl_meta="{&quot;label&quot;:&quot;Set component data store&quot;}"><field name="componentUid">'c285fdb7425cfedb989a67dd73e1e756'</field><value name="dataModel"><block type="create_object" id="t+gv@jJi)9;7:V1_g-zv"><mutation><properties><item id="property" prop-name="name"></item><item id="property" prop-name="value"></item><item id="property" prop-name="btnLabel"></item><item id="property" prop-name="nameDescription"></item><item id="property" prop-name="crtFileDescription"></item><item id="property" prop-name="keyFileDescription"></item></properties></mutation><value name="create_object_mutator_container_properties_stack_property0"><block type="get_object_property" id="j^jSqnzQ;ctiM+%U=#W." inline="false"><value name="prop_name"><shadow type="text" id="yVn:WwY{T6KEtOARc,Qy"><field name="TEXT">name</field></shadow></value><value name="object"><block type="root_block_ui_builder_common__context_blocks_cbcd2b9a94586ade25e3f3d98cd44ee8_data" id="9}LqLX3GvQ:r;xi5nYm1" bl_meta="{&quot;label&quot;:&quot;\&quot;certificates container\&quot; Repeater Data Item&quot;,&quot;dynamicListId&quot;:&quot;0fc50839b619a44213d9ef7683dd5a3b&quot;}"></block></value></block></value><value name="create_object_mutator_container_properties_stack_property1"><block type="get_object_property" id=":H;-t0dGU:ez@(6%)]{[" inline="false"><value name="prop_name"><shadow type="text" id="7}:L=9oJ4Nb4{2Fw:c*@"><field name="TEXT">value</field></shadow></value><value name="object"><block type="root_block_ui_builder_common__context_blocks_cbcd2b9a94586ade25e3f3d98cd44ee8_data" id="D=f_tV0]OMC[a#X|DPVI" bl_meta="{&quot;label&quot;:&quot;\&quot;certificates container\&quot; Repeater Data Item&quot;,&quot;dynamicListId&quot;:&quot;0fc50839b619a44213d9ef7683dd5a3b&quot;}"></block></value></block></value><value name="create_object_mutator_container_properties_stack_property2"><block type="text" id="7aYQ6i:ncw@YVb}ocf1?"><field name="TEXT">Update</field></block></value><value name="create_object_mutator_container_properties_stack_property3"><block type="get_object_property" id="{?Cn|v5!aBGZ3;O@OT0K" inline="false"><value name="prop_name"><shadow type="text" id="$F8{Klv6?%]6;x^qZiox"><field name="TEXT">nameDescription</field></shadow></value><value name="object"><block type="root_block_ui_builder_common__context_blocks_pageData" id="(]Tdp]}/Eh^e*_G4KV`J" bl_meta="{&quot;label&quot;:&quot;Page Data&quot;}"></block></value></block></value><value name="create_object_mutator_container_properties_stack_property4"><block type="get_object_property" id="etJN5}7(*oZ1_7P.IjrJ" inline="false"><value name="prop_name"><shadow type="text" id="G1OfAop]iA+nu;@MEuI)"><field name="TEXT">crtFileDescription</field></shadow></value><value name="object"><block type="root_block_ui_builder_common__context_blocks_pageData" id="Ly3|eg2v}[v,I#ZPRyN6" bl_meta="{&quot;label&quot;:&quot;Page Data&quot;}"></block></value></block></value><value name="create_object_mutator_container_properties_stack_property5"><block type="get_object_property" id="YFB|o~Fns,k#b)2[[b};" inline="false"><value name="prop_name"><shadow type="text" id="CTpJ#]P+;GmT%4}ql.yZ"><field name="TEXT">keyFileDescription</field></shadow></value><value name="object"><block type="root_block_ui_builder_common__context_blocks_pageData" id="{B_p[E1;Ru#cE3jN/{_a" bl_meta="{&quot;label&quot;:&quot;Page Data&quot;}"></block></value></block></value></block></value></block></next></block></next></block></statement></block></xml>