<xml xmlns="http://www.w3.org/1999/xhtml"><block type="root_block_ui_builder_block_onMounted_handler" id="JdO1=b!W:/*~4V0RY#%z" deletable="false" x="20" y="50"><statement name="statements_code"><block type="controls_if" id="=?%IOVggrOpyF(~}w4!{"><value name="IF0"><block type="ui_common_blocks__get_component_by_id" id="(q)ZgjFhN#b]Zp}np!(U" bl_meta="{&quot;label&quot;:&quot;Get component by id&quot;}"><field name="componentUid">'924202b19f0ef683e3940a99b258d565'</field></block></value><statement name="DO0"><block type="set_object_property" id="@]{mghlKD:Es5`o1p!2l"><value name="object"><block type="ui_common_blocks__get_component_data_style" id="@EkvCc(,9-/QyeI.m6PZ" bl_meta="{&quot;label&quot;:&quot;Get component style&quot;}"><field name="componentUid">'924202b19f0ef683e3940a99b258d565'</field></block></value><value name="propName"><shadow type="text" id="SdbO,rLH$[r0^bIRIYRh"><field name="TEXT">display</field></shadow></value><value name="propValue"><block type="text" id="+cJ+3LUZXkWByM-y^DXA"><field name="TEXT">none</field></block></value></block></statement><next><block type="controls_if" id="/vGH0;%ky)xG8g4;V:%!"><value name="IF0"><block type="ui_common_blocks__get_component_by_id" id=".z.qn/6v=F@(pFEz!AXq" bl_meta="{&quot;label&quot;:&quot;Get component by id&quot;}"><field name="componentUid">'4f334f9dc1010f33ff9a725c1781b1c7'</field></block></value><statement name="DO0"><block type="set_object_property" id="Pn0#;SBM]Xn7WkmK*MP4"><value name="object"><block type="ui_common_blocks__get_component_data_style" id="9aYH?~?5P(;bnAPS`s~?" bl_meta="{&quot;label&quot;:&quot;Get component style&quot;}"><field name="componentUid">'4f334f9dc1010f33ff9a725c1781b1c7'</field></block></value><value name="propName"><shadow type="text" id=";n/u!!IIsBG-VrFAVM_!"><field name="TEXT">display</field></shadow></value><value name="propValue"><block type="text" id="1(GQa%2+Mb+.!%quX_tF"><field name="TEXT">flex</field></block></value></block></statement><next><block type="ui_common_blocks__set_component_dynamic_list_items" id="sDn=m%DD;R!L{V/R$p2*" bl_meta="{&quot;label&quot;:&quot;Set component repeater data&quot;}"><field name="componentUid">'9f186f89932cdfe880554e43f4f916a1'</field><value name="listItems"><block type="codeless_function_block_696a14dd8d2f85be7023c2c4441a65a5" id="OJzyKYT^#Fe[7Z07pJ~!" bl_meta="{&quot;fn&quot;:&quot;ProManagerAPI&quot;,&quot;label&quot;:&quot;Custom Function - ProManagerAPI&quot;}"><mutation has_output="true"></mutation><field name="connections_toggler">TRUE</field><value name="method"><block type="text" id="0=449=qjc|ja-AkFF;Ig"><field name="TEXT">get</field></block></value><value name="path"><block type="text" id=")xMa9+w)l{230Jdpo[wp"><field name="TEXT">/user</field></block></value></block></value><next><block type="set_object_property" id="]P#)GD/(c8vr}6ARq{4Z"><value name="object"><block type="root_block_ui_builder_common__context_blocks_pageData" id="b8nn66_(^=%wtyslhu)h" bl_meta="{&quot;label&quot;:&quot;Page Data&quot;}"></block></value><value name="propName"><shadow type="text" id="R4G5w#K4$g{%.Le|7(@m"><field name="TEXT">noUserMessage</field></shadow></value><value name="propValue"><block type="logic_compare" id="2@0BgqN+nxEg*~,V0;eZ"><field name="OP">EQ</field><value name="A"><block type="lists_length" id="v#w,/Y=(F5X/p9=$D*{."><value name="VALUE"><block type="ui_common_blocks__get_component_dynamic_list_items" id="|dO{?oJLd~aZ2vArJ8e3" bl_meta="{&quot;label&quot;:&quot;Get component repeater data&quot;}"><field name="componentUid">'9f186f89932cdfe880554e43f4f916a1'</field></block></value></block></value><value name="B"><block type="math_number" id="$JV6%D=mY{Az{xq13-)C"><field name="NUM">0</field></block></value></block></value><next><block type="set_object_property" id="fc,T;!WHb}cs]nJb`B~4"><value name="object"><block type="root_block_ui_builder_common__context_blocks_pageData" id="%_+,EAN!:Ot@u]ucqr^t" bl_meta="{&quot;label&quot;:&quot;Page Data&quot;}"></block></value><value name="propName"><shadow type="text" id="y[tWzcNaNte|!8rFPtDg"><field name="TEXT">userManagement</field></shadow></value><value name="propValue"><block type="logic_boolean" id="vNZ-T{.38NitM%1p#tv}"><field name="BOOL">TRUE</field></block></value><next><block type="controls_if" id="K.4a7R3t5Fh3A8r6ZTvf"><value name="IF0"><block type="ui_common_blocks__get_component_by_id" id="Eq2mq4f1V7$)]6f4A`(A" bl_meta="{&quot;label&quot;:&quot;Get component by id&quot;}"><field name="componentUid">'4f334f9dc1010f33ff9a725c1781b1c7'</field></block></value><statement name="DO0"><block type="set_object_property" id="Rs*2NEVbFG03eDNBHTCJ"><value name="object"><block type="ui_common_blocks__get_component_data_style" id="|B6knJT)WVzBeGo/brn+" bl_meta="{&quot;label&quot;:&quot;Get component style&quot;}"><field name="componentUid">'4f334f9dc1010f33ff9a725c1781b1c7'</field></block></value><value name="propName"><shadow type="text" id="lWM:kGV[6h9Ak/MOiJkC"><field name="TEXT">display</field></shadow></value><value name="propValue"><block type="text" id="XanCvN!{swNE~C?;Ow#w"><field name="TEXT">none</field></block></value></block></statement><next><block type="controls_if" id="(Vq[B[kS)]nCO1EsN*|,"><value name="IF0"><block type="ui_common_blocks__get_component_by_id" id="}jMGpIk^@U9Nybu)oxB{" bl_meta="{&quot;label&quot;:&quot;Get component by id&quot;}"><field name="componentUid">'924202b19f0ef683e3940a99b258d565'</field></block></value><statement name="DO0"><block type="set_object_property" id="KdALrDtI-t#to@54;dFN"><value name="object"><block type="ui_common_blocks__get_component_data_style" id="~q}Eo+Zu]tNuy]hrr+!r" bl_meta="{&quot;label&quot;:&quot;Get component style&quot;}"><field name="componentUid">'924202b19f0ef683e3940a99b258d565'</field></block></value><value name="propName"><shadow type="text" id="ctIUM-1,f_=hU%2~OL^8"><field name="TEXT">display</field></shadow></value><value name="propValue"><block type="text" id="m.jh+TsBp:0/F)o4X{!`"><field name="TEXT">flex</field></block></value></block></statement></block></next></block></next></block></next></block></next></block></next></block></next></block></statement></block></xml>