<xml xmlns="http://www.w3.org/1999/xhtml"><block type="root_block_ui_builder_icon_onClick_handler" id="p*l0NQ#YBmfBi6v!z5`g" deletable="false" x="20" y="50"><statement name="statements_code"><block type="controls_if" id="TMAot8GGIyS3n(fKM~_{"><mutation else="1"></mutation><value name="IF0"><block type="list_contains" id="f?USt9AxcEc4Hm/3E2$G"><value name="list"><block type="ui_common_blocks__get_component_classes" id="j;U}+@`L?Q5R[SirC]F0" bl_meta="{&quot;label&quot;:&quot;Get component classes&quot;}"><field name="componentUid">'0bb8b95410de45982f75d608ad7b0f66'</field></block></value><value name="item"><block type="text" id=";FlCi40oWI1/xeBEZuy5"><field name="TEXT">InputWrapper__icon--rotated</field></block></value></block></value><statement name="DO0"><block type="list_remove_item" id="^=HIrC8L;I@LrZB)RZqA"><mutation has_output="false"></mutation><field name="connections_toggler">FALSE</field><value name="list"><block type="ui_common_blocks__get_component_classes" id="pC^8tsy#zNSxp-:)$#9i" bl_meta="{&quot;label&quot;:&quot;Get component classes&quot;}"><field name="componentUid">'0bb8b95410de45982f75d608ad7b0f66'</field></block></value><value name="item"><block type="text" id="A0fP~`GY2$G8Rvj[XGi$"><field name="TEXT">InputWrapper__icon--rotated</field></block></value><value name="comparator"><shadow type="text" id="A$VeB2xivXzmK8mg|@~B"><field name="TEXT"></field></shadow></value><next><block type="list_remove_item" id="LnlTFJ=Ebm3XAIRYbCP9"><mutation has_output="false"></mutation><field name="connections_toggler">FALSE</field><value name="list"><block type="ui_common_blocks__get_component_classes" id=".g9jkWtH[LIa*p_04Nzg" bl_meta="{&quot;label&quot;:&quot;Get component classes&quot;}"><field name="componentUid">'43de92c3d9013b8c2e6e6b62e1f4df5d'</field></block></value><value name="item"><block type="text" id="g6lS]S)*(iLv`@BBD2pv"><field name="TEXT">InputWrapper__select--open</field></block></value><value name="comparator"><shadow type="text" id="U_$lCK3(EIeN`0uF*`p)"><field name="TEXT"></field></shadow></value></block></next></block></statement><statement name="ELSE"><block type="list_add_item" id="v.K_w@D85Nln7GwevUna"><mutation has_output="false"></mutation><field name="connections_toggler">FALSE</field><value name="list"><block type="ui_common_blocks__get_component_classes" id="a%Wv|F2`=RtRb5Q(V)3+" bl_meta="{&quot;label&quot;:&quot;Get component classes&quot;}"><field name="componentUid">'0bb8b95410de45982f75d608ad7b0f66'</field></block></value><value name="value"><block type="text" id="f,99WrW3w_Du6PqGAits"><field name="TEXT">InputWrapper__icon--rotated</field></block></value><next><block type="list_add_item" id="gQi}T~UV9a;?e!WT5$_a"><mutation has_output="false"></mutation><field name="connections_toggler">FALSE</field><value name="list"><block type="ui_common_blocks__get_component_classes" id="ar7k/It;H2G%IAhwI//[" bl_meta="{&quot;label&quot;:&quot;Get component classes&quot;}"><field name="componentUid">'43de92c3d9013b8c2e6e6b62e1f4df5d'</field></block></value><value name="value"><block type="text" id="J.X/ctqg*Cf,f}syAhuW"><field name="TEXT">InputWrapper__select--open</field></block></value><next><block type="ui_dynamic_category__device-api__focus_component" id="kY?Ybi5YU@(M^n;?cl@P" bl_meta="{&quot;label&quot;:&quot;Dynamic Block: Focus On&quot;}"><value name="component"><block type="ui_common_blocks__get_component_by_id" id="|[7o2:/vbE0D~P1x.gWr" bl_meta="{&quot;label&quot;:&quot;Get component by id&quot;}"><field name="componentUid">'21e1be695ae329a98ddc535f083e4ebf'</field></block></value><next><block type="ui_dynamic_category__component-events__stop_event_propagation" id="E|rcC/xX/H_ORIbvC#?x" bl_meta="{&quot;label&quot;:&quot;Dynamic Block: Stop Propagation for&quot;}"><value name="event"><block type="root_block_ui_builder_icon_onClick_handler_context_blocks_event" id=";5mwu6TcGQ_ijj!9r,ji" bl_meta="{&quot;label&quot;:&quot;Event&quot;}"></block></value></block></next></block></next></block></next></block></statement></block></statement></block></xml>