<xml xmlns="http://www.w3.org/1999/xhtml"><block type="root_block_ui_builder_button_onClick_handler" id="@|KbQ|(qjijA{0n1c@`-" deletable="false" x="20" y="50"><statement name="statements_code"><block type="ui_common_blocks__set_component_data_store" id="yDF+C+fAu(e=R#WSUbL+" bl_meta="{&quot;label&quot;:&quot;Set component data store&quot;}"><field name="componentUid">'08eeca24e142146f1894a98264378b8e'</field><value name="dataModel"><block type="create_object" id="=_1wtDqTQg]Ox~dTBj}g"><mutation><properties><item id="property" prop-name="certName"></item><item id="property" prop-name="btnLabel"></item></properties></mutation><value name="create_object_mutator_container_properties_stack_property0"><block type="get_object_property" id="aTM.)i1*5][txi@RSg1[" inline="false"><value name="prop_name"><shadow type="text" id="PTGdo.ND6?)0xK-exe9b"><field name="TEXT">name</field></shadow></value><value name="object"><block type="root_block_ui_builder_common__context_blocks_cbcd2b9a94586ade25e3f3d98cd44ee8_data" id="fa#n`Ce3v/Zq/#C@^I(H" bl_meta="{&quot;label&quot;:&quot;\&quot;certificates container\&quot; Repeater Data Item&quot;,&quot;dynamicListId&quot;:&quot;0fc50839b619a44213d9ef7683dd5a3b&quot;}"></block></value></block></value><value name="create_object_mutator_container_properties_stack_property1"><block type="text" id="p;7H.$^xSH|a^7lQ;DZB"><field name="TEXT">Delete</field></block></value></block></value><next><block type="set_object_property" id="sX`Er1nMbh~:8v~?v]Kr"><value name="object"><block type="ui_common_blocks__get_component_data_style" id="/[,@KJHEUy#[1,9I9-e7" bl_meta="{&quot;label&quot;:&quot;Get component style&quot;}"><field name="componentUid">'08eeca24e142146f1894a98264378b8e'</field></block></value><value name="propName"><shadow type="text" id="PBy_!x@72AxWl8u:j44z"><field name="TEXT">visibility</field></shadow></value><value name="propValue"><block type="text" id="W{cTI*0!eDSCdI7GGiAs"><field name="TEXT">visible</field></block></value><next><block type="set_object_property" id=":XmUiKz8umQ_%F_{2:Bc"><value name="object"><block type="ui_common_blocks__get_component_data_style" id="6C;65!Phv(q4PA)w6/:k" bl_meta="{&quot;label&quot;:&quot;Get component style&quot;}"><field name="componentUid">'08eeca24e142146f1894a98264378b8e'</field></block></value><value name="propName"><shadow type="text" id="wlW{@K.0Lz_DJto0R6|-"><field name="TEXT">opacity</field></shadow></value><value name="propValue"><block type="math_number" id=",5Ou$]^8j=:0eA*}bNlh"><field name="NUM">1</field></block></value></block></next></block></next></block></statement></block></xml>