<xml xmlns="http://www.w3.org/1999/xhtml"><block type="root_block_ui_builder_block_onStyleAssignment_handler" id="GXgpiGOM6o=rO0h;tB!~" deletable="false" x="20" y="50"><statement name="statements_code"><block type="custom_js_code" id="m`9Ly+M5#mtrcu,GeChP"><mutation output="false"><code>"const elemList = document.querySelector('.install__ProgressContainer')\n\nelemList.scrollTop = elemList.scrollHeight;"</code></mutation><field name="name">scrollToBottom</field></block></statement></block></xml>