<xml xmlns="http://www.w3.org/1999/xhtml"><block type="root_block_ui_builder_block_onClick_handler" id="mIYf`DO{fi0*_JPI8:.k" deletable="false" x="348" y="288"><statement name="statements_code"><block type="set_object_property" id="{5Nk`7g]AlU6g$TX;YZt"><value name="object"><block type="root_block_ui_builder_common__context_blocks_cc6c067e2b46da2502deb333245ebfc6_data" id="x[w`qwye|O3[ILJ8@C|M" bl_meta="{&quot;label&quot;:&quot;ServerLogs controls Data&quot;}"></block></value><value name="propName"><shadow type="text" id="FxYK+b{p~nS_;Ap|wv{p"><field name="TEXT">startBtnLabel</field></shadow></value><value name="propValue"><block type="text" id=":3`6Tk?,%ZnMcu${ytRN"><field name="TEXT">Starting...</field></block></value><next><block type="text_print" id="@Dw87~I2rgzw$qB6j!_q"><value name="TEXT"><shadow type="text" id="IuGEakhn%kGk?EDw$(Ei"><field name="TEXT">abc</field></shadow><block type="codeless_function_block_696a14dd8d2f85be7023c2c4441a65a5" id="7w60^#`9y$`**w0%;D49" bl_meta="{&quot;fn&quot;:&quot;ProManagerAPI&quot;,&quot;label&quot;:&quot;Custom Function - ProManagerAPI&quot;}"><value name="method"><block type="text" id="]{pr?dr:4jy6jPSiaw;Y"><field name="TEXT">put</field></block></value><value name="path"><block type="text" id="{Qs!$40$GKL4hi1I}N8B"><field name="TEXT">/manage/state</field></block></value><value name="body"><block type="create_object" id="T5f!qMk+s^f5K$An([5x"><mutation><properties><item id="property" prop-name="serviceName"></item><item id="property" prop-name="state"></item><item id="property" prop-name="hidden"></item></properties></mutation><value name="create_object_mutator_container_properties_stack_property0"><block type="get_object_property" id="Hof.0:I/9G~!O2//U_$w"><value name="prop_name"><shadow type="text" id="I.pf0MT5ZOYUk#0oed%l"><field name="TEXT">serviceName</field></shadow></value><value name="object"><block type="root_block_ui_builder_common__context_blocks_pageData" id="7OUWIcwu#O=u`uT;12+3" bl_meta="{&quot;label&quot;:&quot;Page Data&quot;}"></block></value></block></value><value name="create_object_mutator_container_properties_stack_property1"><block type="text" id="c!Jq94CXho8P-f(hLpk+"><field name="TEXT">start</field></block></value><value name="create_object_mutator_container_properties_stack_property2"><block type="logic_boolean" id="zO*S)HwIu*8idqCr@2k6"><field name="BOOL">FALSE</field></block></value></block></value></block></value></block></next></block></statement></block></xml>