<xml xmlns="http://www.w3.org/1999/xhtml"><block type="root_block_ui_builder_block_onDisplayAssignment_handler" id="*3116EZSOxomH:sMpC1N" deletable="false" x="20" y="50"><statement name="statements_code"><block type="variables_set" id="~=k$=qJ=flO%Z@g_17)9"><field name="VAR">visible</field><value name="VALUE"><block type="logic_boolean" id="P_@k5CyI`)SV=o(E}}A."><field name="BOOL">TRUE</field></block></value><next><block type="controls_if" id="Sx^a~`3`Xd$dPX:xeRdy"><value name="IF0"><block type="get_object_property" id="vJTb.ME`6[~A@g:l*W/r"><value name="prop_name"><shadow type="text" id="MXrd{[oBMncA;09#U[Ho"><field name="TEXT">statusData</field></shadow></value><value name="object"><block type="root_block_ui_builder_common__context_blocks_cc6c067e2b46da2502deb333245ebfc6_data" id="|u/Ebdg/pd_D.2OO8oO@" bl_meta="{&quot;label&quot;:&quot;ServerLogs controls Data&quot;}"></block></value></block></value><statement name="DO0"><block type="variables_set" id="n*(cC4Dt{}zPw?={y3Q,"><field name="VAR">currentService</field><value name="VALUE"><block type="list_filter_items" id="j@bze=52TMcHIH^rIF`l"><field name="item">service</field><value name="list"><block type="get_object_property" id="uDfh){[8rn6Ge^~)U^ft"><value name="prop_name"><shadow type="text" id="qkB?N^$a@1)%%?Zye/V]"><field name="TEXT">statusData</field></shadow></value><value name="object"><block type="root_block_ui_builder_common__context_blocks_cc6c067e2b46da2502deb333245ebfc6_data" id="6}PayU:1.{rm05u+6p_!" bl_meta="{&quot;label&quot;:&quot;ServerLogs controls Data&quot;}"></block></value></block></value><value name="returnCode"><block type="logic_compare" id="cy!TYfu/sz-p2oS;-=3v"><field name="OP">EQ</field><value name="A"><block type="get_object_property" id="e{.X)x`8;uwbbO3t8yQC" inline="false"><value name="prop_name"><shadow type="text" id="ofpZhy$F-fOkEYWuk!Rq"><field name="TEXT">name</field></shadow></value><value name="object"><block type="variables_get" id="yYYgG*:tsaVLi+y;WR%q"><field name="VAR">service</field></block></value></block></value><value name="B"><block type="get_object_property" id=",EC$H}10ner{A)JX_[.(" inline="false"><value name="prop_name"><shadow type="text" id="x5A8h$J$#JR]X4,)jjRC"><field name="TEXT">serviceName</field></shadow></value><value name="object"><block type="root_block_ui_builder_common__context_blocks_pageData" id="5O;)GCYvC~:1Toyqp_.E" bl_meta="{&quot;label&quot;:&quot;Page Data&quot;}"></block></value></block></value></block></value></block></value><next><block type="variables_set" id="ia,R+j?Vbc#:5L`Iik*-"><field name="VAR">currentStatus</field><value name="VALUE"><block type="get_object_property" id="4hmDF0=pF_Cee;IKrI%K"><value name="prop_name"><shadow type="text" id="VUI1#pg~*Jzx2Bhs[F$z"><field name="TEXT">status</field></shadow></value><value name="object"><block type="lists_getIndex" id="nxpFXi|k}@nB!fh5gI6%"><mutation statement="false" at="false"></mutation><field name="MODE">GET</field><field name="WHERE">FIRST</field><value name="VALUE"><block type="variables_get" id="biFfWuv@DODl)(G4-+-9"><field name="VAR">currentService</field></block></value></block></value></block></value><next><block type="controls_if" id="rGdqq-Il]Z$C|7fzg=6?"><value name="IF0"><block type="logic_compare" id="2da`(9W;Ld)CTu-Iv?$S"><field name="OP">EQ</field><value name="A"><block type="variables_get" id="T|uB|aD{Bl4z~xjc2vyN"><field name="VAR">currentStatus</field></block></value><value name="B"><block type="text" id="YExiSf|RG{jB8Rs=:O+x"><field name="TEXT">running</field></block></value></block></value><statement name="DO0"><block type="set_object_property" id="|T]]GTF:G62#$u-^)8Nw"><value name="object"><block type="root_block_ui_builder_common__context_blocks_cc6c067e2b46da2502deb333245ebfc6_data" id="2q@23GSo0dZ?a/*w;0H(" bl_meta="{&quot;label&quot;:&quot;ServerLogs controls Data&quot;}"></block></value><value name="propName"><shadow type="text" id="IF)?}%2IVxYVh-{%8fdU"><field name="TEXT">startBtnLabel</field></shadow></value><value name="propValue"><block type="text" id="gM=q|.}CBPZY*AP-WZ@|"><field name="TEXT">Start</field></block></value><next><block type="variables_set" id="2/X%1C5y(+R#UrM7Af7n"><field name="VAR">visible</field><value name="VALUE"><block type="logic_boolean" id="d6H,^e9g$q%dyq!1$%D."><field name="BOOL">FALSE</field></block></value></block></next></block></statement><next><block type="controls_if" id="ZZe)vS%I!d)F;p$!$5ia"><value name="IF0"><block type="logic_compare" id="M$u^o6rE71c5Lb0[IhI5"><field name="OP">EQ</field><value name="A"><block type="variables_get" id="E%;~$T,}*Ja`u@bD(T5E"><field name="VAR">currentStatus</field></block></value><value name="B"><block type="text" id="=9ssBL`uCC[@D@,Q!8h-"><field name="TEXT">notInstalled</field></block></value></block></value><statement name="DO0"><block type="set_object_property" id="r]`:JehLIaB(~d5q+H@*"><value name="object"><block type="root_block_ui_builder_common__context_blocks_cc6c067e2b46da2502deb333245ebfc6_data" id="f:]EUs`E?9zrqDyh,lI]" bl_meta="{&quot;label&quot;:&quot;ServerLogs controls Data&quot;}"></block></value><value name="propName"><shadow type="text" id="r=CVDN0PxL3`9;5XFL1s"><field name="TEXT">startBtnLabel</field></shadow></value><value name="propValue"><block type="text" id=":[6:UK*XEAsGiON{GQ,6"><field name="TEXT">Start</field></block></value><next><block type="variables_set" id="}^^x+7?A_R(b+pWWj9P6"><field name="VAR">visible</field><value name="VALUE"><block type="logic_boolean" id="d(MCzYER!q,0^BGcTXQ6"><field name="BOOL">FALSE</field></block></value></block></next></block></statement><next><block type="controls_if" id="f50J9!/tqot*uQ+}.K#i"><value name="IF0"><block type="logic_compare" id="#0d%mM*tUC./6@ORC{-H"><field name="OP">EQ</field><value name="A"><block type="variables_get" id="zoudfGbA*RgZfzQ[{Q|#"><field name="VAR">currentStatus</field></block></value><value name="B"><block type="text" id="s*gL|qPheoeXT$_-JNpp"><field name="TEXT">complete</field></block></value></block></value><statement name="DO0"><block type="set_object_property" id="DTK)yZfd/$m;XD:]ovoY"><value name="object"><block type="root_block_ui_builder_common__context_blocks_cc6c067e2b46da2502deb333245ebfc6_data" id="Os?S,}0Y@jx.anE%Z+Er" bl_meta="{&quot;label&quot;:&quot;ServerLogs controls Data&quot;}"></block></value><value name="propName"><shadow type="text" id=";o6tbyMh!ctK4z/UobV/"><field name="TEXT">startBtnLabel</field></shadow></value><value name="propValue"><block type="text" id="-lGjeC4F0|3[REPTahvy"><field name="TEXT">Start</field></block></value><next><block type="variables_set" id="s/^1EaX|z;KZ2a=y0NY("><field name="VAR">visible</field><value name="VALUE"><block type="logic_boolean" id="@3(o!h+e|a`*3A_7x01q"><field name="BOOL">FALSE</field></block></value></block></next></block></statement><next><block type="controls_if" id="O5Jim+$J7Lf`9j+XC8HK"><value name="IF0"><block type="logic_compare" id="{m^fDZ@Zm`xfU)t06;-9"><field name="OP">EQ</field><value name="A"><block type="variables_get" id="sS2u$JBc-{jRD]u/Tt[F"><field name="VAR">currentStatus</field></block></value><value name="B"><block type="text" id="UaPfRcm;1ut9InpnD5ZS"><field name="TEXT">changing</field></block></value></block></value><statement name="DO0"><block type="set_object_property" id="{5Nk`7g]AlU6g$TX;YZt"><value name="object"><block type="root_block_ui_builder_common__context_blocks_cc6c067e2b46da2502deb333245ebfc6_data" id="x[w`qwye|O3[ILJ8@C|M" bl_meta="{&quot;label&quot;:&quot;ServerLogs controls Data&quot;}"></block></value><value name="propName"><shadow type="text" id="FxYK+b{p~nS_;Ap|wv{p"><field name="TEXT">startBtnLabel</field></shadow></value><value name="propValue"><block type="text" id=":3`6Tk?,%ZnMcu${ytRN"><field name="TEXT">Start</field></block></value><next><block type="variables_set" id="{;lEo;ZePV5{Rq}#JDYm"><field name="VAR">visible</field><value name="VALUE"><block type="logic_boolean" id="QA{1wLg#X1oKU#;:EKA5"><field name="BOOL">FALSE</field></block></value></block></next></block></statement></block></next></block></next></block></next></block></next></block></next></block></statement></block></next></block></statement><value name="return"><block type="variables_get" id="a#maXIk0V3#gBui6VHRu"><field name="VAR">visible</field></block></value></block></xml>