<xml xmlns="http://www.w3.org/1999/xhtml"><block type="root_block_ui_builder_block_onMounted_handler" id="7[7#+Y[@4Vq$[FWW[.c0" deletable="false" x="20" y="50"><statement name="statements_code"><block type="set_object_property" id=".o$K|UkkN+r_:$3p?aoq"><value name="object"><block type="root_block_ui_builder_common__context_blocks_cc6c067e2b46da2502deb333245ebfc6_data" id="ehZoeh=,f,51OoM=VA{5" bl_meta="{&quot;label&quot;:&quot;\&quot;ServerLogs controls\&quot; Data&quot;}"></block></value><value name="propName"><shadow type="text" id="H8BDIL~1$+4uhL-S=U+h"><field name="TEXT">startBtnLabel</field></shadow></value><value name="propValue"><block type="text" id="}{WEWi(WfB6({K1BnhH}"><field name="TEXT">Start</field></block></value></block></statement></block></xml>