<xml xmlns="http://www.w3.org/1999/xhtml"><block type="root_block_ui_builder_text_onClick_handler" id="-$T8qi$}HIhp$$;B.Kf2" deletable="false" x="20" y="50"><statement name="statements_code"><block type="controls_if" id="=1mx?t+:2v)s^i}=8l0h"><value name="IF0"><block type="logic_operation" id="FF7z,TzV4mjhU7E@Fp6w" inline="false"><field name="OP">AND</field><value name="A"><block type="list_contains" id="p;./tmKX{yw,ktL9W(y~"><value name="list"><block type="ui_common_blocks__get_component_classes" id="!htX/CKxbp~}EId3LJr$" bl_meta="{&quot;label&quot;:&quot;Get component classes&quot;}"><field name="componentUid">'ee3841a4181ee45f1b4401031351092b'</field></block></value><value name="item"><block type="text" id="DN[RWfYB5L,NL},z]=S+"><field name="TEXT">UpgradeControl__icon--rotated</field></block></value></block></value><value name="B"><block type="list_contains" id="NUg^KY@Z+/.Ze88pR*3*"><value name="list"><block type="ui_common_blocks__get_component_classes" id="1$cp]4#G:S3VODiup/Jy" bl_meta="{&quot;label&quot;:&quot;Get component classes&quot;}"><field name="componentUid">'cd0aa986266406caac51787fc262311a'</field></block></value><value name="item"><block type="text" id="@hdqf{Lgj/wNnZDwLwP."><field name="TEXT">UpgradeControl__results--open</field></block></value></block></value></block></value><statement name="DO0"><block type="list_remove_item" id="*0_42ml4!U3l~veeeWQy"><mutation has_output="false"></mutation><field name="connections_toggler">FALSE</field><value name="list"><block type="ui_common_blocks__get_component_classes" id="r%5})~A.,ub]#uM?Nu{s" bl_meta="{&quot;label&quot;:&quot;Get component classes&quot;}"><field name="componentUid">'ee3841a4181ee45f1b4401031351092b'</field></block></value><value name="item"><block type="text" id="h[_d|y|3i1hk[hQxM@MR"><field name="TEXT">UpgradeControl__icon--rotated</field></block></value><value name="comparator"><shadow type="text" id="J$S%pIeI7R,Hm{Nd!1,["><field name="TEXT"></field></shadow></value><next><block type="list_remove_item" id="KU2dLcyTK:aTG7qGrnCa"><mutation has_output="false"></mutation><field name="connections_toggler">FALSE</field><value name="list"><block type="ui_common_blocks__get_component_classes" id="XEnNs`7gaqfLC-#!#7Tl" bl_meta="{&quot;label&quot;:&quot;Get component classes&quot;}"><field name="componentUid">'cd0aa986266406caac51787fc262311a'</field></block></value><value name="item"><block type="text" id="*ysOb47jY*k}O6BjgkZw"><field name="TEXT">UpgradeControl__results--open</field></block></value><value name="comparator"><shadow type="text" id="VAj{l[#Ge?$w9}31+d;k"><field name="TEXT"></field></shadow></value></block></next></block></statement><next><block type="controls_if" id="c{roPzN5wGVLU:{Z3LCC"><mutation else="1"></mutation><value name="IF0"><block type="logic_operation" id="Een?}laV1GRF^!wuqQ.T" inline="false"><field name="OP">AND</field><value name="A"><block type="logic_compare" id=")Q%c3FvCa/7m5!Rcx),m"><field name="OP">NEQ</field><value name="A"><block type="root_block_ui_builder_common__context_blocks_0768ae4a5bce8bd43872e8d894cfc446_data" id="Q/)d$Y(Kl^/z|(!0LONd" bl_meta="{&quot;label&quot;:&quot;\&quot;UpgradeControl__results\&quot; Repeater Data Item&quot;,&quot;dynamicListId&quot;:&quot;cd0aa986266406caac51787fc262311a&quot;}"></block></value><value name="B"><block type="text" id="QC^qv]a}T0tx=Kw^pPLU"><field name="TEXT">Loading...</field></block></value></block></value><value name="B"><block type="logic_compare" id="m`}Y_~;|f+|T21IwmdEL"><field name="OP">NEQ</field><value name="A"><block type="root_block_ui_builder_common__context_blocks_0768ae4a5bce8bd43872e8d894cfc446_data" id="7U8+,utAhmKBEbA1eNn," bl_meta="{&quot;label&quot;:&quot;\&quot;UpgradeControl__results\&quot; Repeater Data Item&quot;,&quot;dynamicListId&quot;:&quot;cd0aa986266406caac51787fc262311a&quot;}"></block></value><value name="B"><block type="text" id="Ym]o)h(%u@|?[FP/c_Mb"><field name="TEXT">Nothing found</field></block></value></block></value></block></value><statement name="DO0"><block type="set_object_property" id="n65{r7T?sq`|c;IU2B|R"><value name="object"><block type="root_block_ui_builder_common__context_blocks_pageData" id="sY$H0%TZdKBOJe244{.i" bl_meta="{&quot;label&quot;:&quot;Page Data&quot;}"></block></value><value name="propName"><shadow type="text" id="}cqjm`nqqB#]Qjftexd8"><field name="TEXT">version</field></shadow></value><value name="propValue"><block type="root_block_ui_builder_common__context_blocks_0768ae4a5bce8bd43872e8d894cfc446_data" id="657`;,+iX+^JV15qa}_8" bl_meta="{&quot;label&quot;:&quot;\&quot;UpgradeControl__results\&quot; Repeater Data Item&quot;,&quot;dynamicListId&quot;:&quot;cd0aa986266406caac51787fc262311a&quot;}"></block></value><next><block type="set_object_property" id="e1nP[,GH`}W2M{[i.t1z" inline="true"><value name="object"><block type="root_block_ui_builder_common__context_blocks_pageData" id="!{4nf[$ql3NZ^n/o#oQX" bl_meta="{&quot;label&quot;:&quot;Page Data&quot;}"></block></value><value name="propName"><shadow type="text" id="D26:e%VCSCw4f8rp_}t-"><field name="TEXT">btnUpgradeDisabled</field></shadow></value><value name="propValue"><block type="logic_boolean" id="s!z*Izt#/_mu/?;sGIhZ"><field name="BOOL">FALSE</field></block></value></block></next></block></statement><statement name="ELSE"><block type="set_object_property" id="PKqHk9ZVxns?J0Esm,;)" inline="true"><value name="object"><block type="root_block_ui_builder_common__context_blocks_pageData" id=")2+:fFWxPkq)T=*B,E$i" bl_meta="{&quot;label&quot;:&quot;Page Data&quot;}"></block></value><value name="propName"><shadow type="text" id="e`?i/d7-/+I?)Jguj?QL"><field name="TEXT">btnUpgradeDisabled</field></shadow></value><value name="propValue"><block type="logic_boolean" id="0^[j.u4RO,#8T0ON{39?"><field name="BOOL">TRUE</field></block></value></block></statement></block></next></block></statement></block></xml>