<xml xmlns="http://www.w3.org/1999/xhtml"><block type="root_block_ui_builder_block_onClick_handler" id="7}Yyxn(bqk9kHaQ=/kAu" deletable="false" x="16" y="40"><statement name="statements_code"><block type="controls_if" id="Nb$.GogQp0|,=l)ZI8p9"><mutation else="1"></mutation><value name="IF0"><block type="logic_compare" id=";sOijH_nxK6k#|FZ%3XY"><field name="OP">EQ</field><value name="A"><block type="ui_dynamic_category__device-api__get_component_size" id="EeSzPYe*;EbwS5+07r63" bl_meta="{&quot;label&quot;:&quot;Dynamic Block: Get Component&quot;}"><field name="typeSize">'clientHeight'</field><value name="component"><block type="ui_common_blocks__get_component_by_id" id="Q@0ff[FS-=ud+gOUHcyB"><field name="componentUid">ca8df858b6abfa78f849814f98cbadeb</field></block></value></block></value><value name="B"><block type="math_number" id="yajD?7Wnm=oa,/4.u%lV"><field name="NUM">0</field></block></value></block></value><statement name="DO0"><block type="set_object_property" id="24*k7Eo5g9GOyM-y9ZrH"><value name="object"><block type="ui_common_blocks__get_component_data_style" id="MA/q1~$J[p3/e`wJO1}u"><field name="componentUid">ca8df858b6abfa78f849814f98cbadeb</field></block></value><value name="propName"><shadow type="text" id="g9xkY/g}We8L2p]Gp6bd"><field name="TEXT">maxHeight</field></shadow></value><value name="propValue"><block type="text_join" id="+S4g9SEWt32#$?e;*/Td"><mutation items="2"></mutation><value name="ADD0"><block type="custom_js_code" id="vx~AbiMYbK^U-2h5XxVr"><mutation output="true"><arg arg-name="element"></arg><code>return element.el.scrollHeight</code></mutation><field name="name">getHeight</field><value name="element"><block type="ui_common_blocks__get_component_by_id" id="8w5B1XyDUx)Rc;y{TTjC"><field name="componentUid">ca8df858b6abfa78f849814f98cbadeb</field></block></value></block></value><value name="ADD1"><block type="text" id="nt.Pr|tywRO1VEMktE9)"><field name="TEXT">px</field></block></value></block></value><next><block type="list_add_item" id="*ioo3i1}=O8``{y5ccOW"><mutation has_output="false"></mutation><field name="connections_toggler">FALSE</field><value name="list"><block type="ui_common_blocks__get_component_classes" id="ejIm:q+Yc^N_1C%?NI~-"><field name="componentUid">02f59a618f63b16eab9c8fcf60ac6e41</field></block></value><value name="value"><block type="text" id="I1sq~oC,09u(b.Rt)-gm"><field name="TEXT">aside__TabHeader--rotated</field></block></value></block></next></block></statement><statement name="ELSE"><block type="set_object_property" id="}`LWAbmSQX_=Oc}QXTPH"><value name="object"><block type="ui_common_blocks__get_component_data_style" id="$_=,oz,}z@wf77J8}sM2"><field name="componentUid">ca8df858b6abfa78f849814f98cbadeb</field></block></value><value name="propName"><shadow type="text" id="})%{!lmo*LC8OfHD`x|z"><field name="TEXT">maxHeight</field></shadow></value><value name="propValue"><block type="text_join" id="vp]fxAIZ@b%:Jfj*c};K"><mutation items="2"></mutation><value name="ADD0"><block type="math_number" id="[rg}Ad#/2zip8tHs*U]M"><field name="NUM">0</field></block></value><value name="ADD1"><block type="text" id="^r4q!a_K~e1iAP~#tE+y"><field name="TEXT">px</field></block></value></block></value><next><block type="controls_whileUntil" id="}2F]121?Y0|j{SKVe}%*"><field name="MODE">WHILE</field><value name="BOOL"><block type="logic_compare" id="nOAI{3er;a~EKZ,_F!HH"><field name="OP">GT</field><value name="A"><block type="lists_length" id=":dmdy}djNCAXI76Vb7|!"><value name="VALUE"><block type="ui_common_blocks__get_component_classes" id="FVt8ANNo(Dj6k+3;ZjE5"><field name="componentUid">02f59a618f63b16eab9c8fcf60ac6e41</field></block></value></block></value><value name="B"><block type="math_number" id="GH5}L7#QF*wJRq|B.3=k"><field name="NUM">2</field></block></value></block></value><statement name="DO"><block type="lists_getIndex" id="rLpQVZWK]rextxv4:|4f"><mutation statement="true" at="false"></mutation><field name="MODE">REMOVE</field><field name="WHERE">LAST</field><value name="VALUE"><block type="ui_common_blocks__get_component_classes" id="R?,B0^f}+,JRG@9)Rt1N"><field name="componentUid">02f59a618f63b16eab9c8fcf60ac6e41</field></block></value></block></statement></block></next></block></statement></block></statement></block></xml>