<xml xmlns="http://www.w3.org/1999/xhtml"><block type="root_block_ui_builder_checkbox_onChange_handler" id="A_8?j_V(w$;ybXP@_b,m" deletable="false" x="20" y="50"><statement name="statements_code"><block type="controls_if" id="ydL!/2Ye8KhZ#dxFD%mS"><mutation else="1"></mutation><value name="IF0"><block type="root_block_ui_builder_checkbox_onChange_handler_context_blocks_value" id="~GzW}vQ{:bH%gSr?3]VC"></block></value><statement name="DO0"><block type="set_object_property" id="[X3dB4tR63*(klK54lvW"><value name="object"><block type="root_block_ui_builder_common__context_blocks_pageData" id="HfW1o[61HxIHk%kR=s]0"></block></value><value name="propName"><shadow type="text" id="F1)h$3:?|hl_}nfzmOGk"><field name="TEXT">groupActionList</field></shadow></value><value name="propValue"><block type="dynamic_context_blocks__get_component_dynamic_list_items" id="l_[SD4Oe_hLiKukF?B!8"><field name="componentUid">0fbd34b64c4b8f271001b02635bd0324</field></block></value></block></statement><statement name="ELSE"><block type="set_object_property" id="Cr4b#vv=R~C6g8MksT|c"><value name="object"><block type="root_block_ui_builder_common__context_blocks_pageData" id="p^=C|n1Vnsrku(Bub.4q"></block></value><value name="propName"><shadow type="text" id="2b7|YEv{x^D1h!L_=hR."><field name="TEXT">groupActionList</field></shadow></value><value name="propValue"><block type="lists_create_with" id="T6H}{@i!_(7h|!66[WA?"><mutation items="0"></mutation></block></value></block></statement><next><block type="controls_forEach" id="dLN#ZpB73!`%*nG#wE$0"><field name="VAR">j</field><value name="LIST"><block type="dynamic_context_blocks__get_component_dynamic_list_items" id="tnvHs_!5q$bY$Vs0W3WW"><field name="componentUid">0fbd34b64c4b8f271001b02635bd0324</field></block></value><statement name="DO"><block type="set_object_property" id="T7P41WPqO)C_wY[1I{|G"><value name="object"><block type="variables_get" id="vO1]q/Sdr]lYJf_M{;yT"><field name="VAR">j</field></block></value><value name="propName"><shadow type="text" id="L{z1,,=IIKpThA*@e-a,"><field name="TEXT">checked</field></shadow></value><value name="propValue"><block type="root_block_ui_builder_checkbox_onChange_handler_context_blocks_value" id="5wNQBlZ2+vZ(@*o*o=^C"></block></value></block></statement></block></next></block></statement></block></xml>