{
  "label": "Landing Page",
  "style": {},
  "usedComponentTypes": [
    "block",
    "r_136108f7a232cd8e581efe5a164824cf",
    "text",
    "button"
  ],
  "components": {
    "page": {
      "type": "page",
      "moduleType": "system",
      "moduleId": "page",
      "handlers": {
        "onEnter": {
          "dependencies": [
            "./functions/696a14dd8d2f85be7023c2c4441a65a5/code.js"
          ]
        },
        "onLeave": {
          "dependencies": []
        }
      }
    },
    "df3c4a1a5dd57776c99bd62dbd53a59c": {
      "id": "install ProgressItemime",
      "type": "text",
      "moduleType": "system",
      "moduleId": "text",
      "handlers": {
        "onContentAssignment": {
          "dependencies": []
        }
      }
    },
    "6ec49b615f364fc25ba12557e2fb8e0f": {
      "id": "install ManageButton",
      "type": "button",
      "moduleType": "system",
      "moduleId": "button",
      "handlers": {
        "onClick": {
          "dependencies": []
        }
      }
    }
  },
  "dataBinding": {},
  "attrs": {},
  "pods": {}
}