<xml xmlns="http://www.w3.org/1999/xhtml"><block type="root_block_ui_builder_button_onClick_handler" id="y*wf,Nj*4#+f4F/G3I28" deletable="false" x="20" y="50"><statement name="statements_code"><block type="set_object_property" id="J+QxJ]6Xhr~1Kw$Q(l^I"><value name="object"><block type="root_block_ui_builder_common__context_blocks_bff4d8ac579f78a648132998464e4919_data" id="aSfX-@+c!n]z1+~EddD;" bl_meta="{&quot;label&quot;:&quot;\&quot;ModalConfirm\&quot; Data&quot;}"></block></value><value name="propName"><shadow type="text" id="SU#,f`Z|uly|!:GLmjeR"><field name="TEXT">btnDeleteDisabled</field></shadow></value><value name="propValue"><block type="logic_boolean" id="%Y+4u{VeQ;NvJ+4Z8cpB"><field name="BOOL">TRUE</field></block></value><next><block type="set_object_property" id="tP[tm*g+?#.c)uyn`w}("><value name="object"><block type="root_block_ui_builder_common__context_blocks_bff4d8ac579f78a648132998464e4919_data" id=":x9Vt-bOwE=~on-JB9Kh" bl_meta="{&quot;label&quot;:&quot;\&quot;ModalConfirm\&quot; Data&quot;}"></block></value><value name="propName"><shadow type="text" id="axc^%H.9Qr%]b!UPuLrI"><field name="TEXT">btnLabel</field></shadow></value><value name="propValue"><block type="text" id="jH45G7rLfqV)cw.OwFG("><field name="TEXT">Deleting...</field></block></value><next><block type="try_catch" id="GKLTaMCXPKpBjDloliO{"><statement name="try"><block type="codeless_function_block_696a14dd8d2f85be7023c2c4441a65a5" id="!PerOCPOLeWl{78#u1ZH" bl_meta="{&quot;fn&quot;:&quot;ProManagerAPI&quot;,&quot;label&quot;:&quot;Custom Function - ProManagerAPI&quot;}"><mutation has_output="false"></mutation><field name="connections_toggler">FALSE</field><value name="method"><block type="text" id="7|p^_tc]D|2Mv+Ji1/jm"><field name="TEXT">delete</field></block></value><value name="path"><block type="text" id="C?SaPh/#S!*Le]3jy#(S"><field name="TEXT">/user</field></block></value><value name="body"><block type="create_object" id="dPO@wwgdS6G$v)uT5|hs"><mutation><properties><item id="property" prop-name="id"></item></properties></mutation><value name="create_object_mutator_container_properties_stack_property0"><block type="get_object_property" id="Y=@tqHTU|^Z1D!~c7$%}"><value name="prop_name"><shadow type="text" id="Mg{WQ{yVVl5EEQLoZW[y"><field name="TEXT">id</field></shadow></value><value name="object"><block type="root_block_ui_builder_common__context_blocks_bff4d8ac579f78a648132998464e4919_data" id="jit(/sV#dx]lBM7sRCmf" bl_meta="{&quot;label&quot;:&quot;\&quot;ModalConfirm\&quot; Data&quot;}"></block></value></block></value></block></value><next><block type="ui_common_blocks__set_component_dynamic_list_items" id=":#1eBH$xB.;2@FW~Dz97" bl_meta="{&quot;label&quot;:&quot;Set component repeater data&quot;}"><field name="componentUid">'9f186f89932cdfe880554e43f4f916a1'</field><value name="listItems"><block type="list_filter_items" id="g~I1T/ecRJXTPAdZ/Gp."><field name="item">user</field><value name="list"><block type="ui_common_blocks__get_component_dynamic_list_items" id="1~TL*y@Cipe*km-kYLGn" bl_meta="{&quot;label&quot;:&quot;Get component repeater data&quot;}"><field name="componentUid">'9f186f89932cdfe880554e43f4f916a1'</field></block></value><value name="returnCode"><block type="logic_compare" id="s7k9r34C2Iw1Y.YNBrz;" inline="false"><field name="OP">NEQ</field><value name="A"><block type="get_object_property" id="$hecD$yhTB2-Axjh(CGz" inline="false"><value name="prop_name"><shadow type="text" id="69*kJB#]!.t;lh.F~Bq9"><field name="TEXT">id</field></shadow></value><value name="object"><block type="variables_get" id="rXvo%5BshQJ8x`1Dz;d0"><field name="VAR">user</field></block></value></block></value><value name="B"><block type="get_object_property" id="/W+?},^T87@v$#Aj_^^E" inline="false"><value name="prop_name"><shadow type="text" id="?X%K;=M|qyX5aCJek^0."><field name="TEXT">id</field></shadow></value><value name="object"><block type="root_block_ui_builder_common__context_blocks_bff4d8ac579f78a648132998464e4919_data" id="ofMdxV3auaR0^5gIhs,[" bl_meta="{&quot;label&quot;:&quot;\&quot;ModalConfirm\&quot; Data&quot;}"></block></value></block></value></block></value></block></value><next><block type="controls_if" id="A3.#CZJ5}/fk6KVp[5[g"><value name="IF0"><block type="logic_compare" id="{PTP`:Htm4xQAi+|VqYx"><field name="OP">EQ</field><value name="A"><block type="lists_length" id="uP/)!M)+Zy[fKyPQ28SJ"><value name="VALUE"><block type="ui_common_blocks__get_component_dynamic_list_items" id="nPf8)q0Y%pW4FYI/IjDH" bl_meta="{&quot;label&quot;:&quot;Get component repeater data&quot;}"><field name="componentUid">'9f186f89932cdfe880554e43f4f916a1'</field></block></value></block></value><value name="B"><block type="math_number" id="w^6IW_qD=Y[!484*Hj+@"><field name="NUM">0</field></block></value></block></value><statement name="DO0"><block type="set_object_property" id="8AC*HP36*DEt{UPe:gc}"><value name="object"><block type="root_block_ui_builder_common__context_blocks_pageData" id="h:e$lKc6gKX:6?M,e|zd" bl_meta="{&quot;label&quot;:&quot;Page Data&quot;}"></block></value><value name="propName"><shadow type="text" id="wZQs!TdxpO.YmSLYt9n0"><field name="TEXT">noUserMessage</field></shadow></value><value name="propValue"><block type="logic_boolean" id="ht|3Yv)tRmyu=nT0]#Kn"><field name="BOOL">TRUE</field></block></value></block></statement><next><block type="procedures_callnoreturn" id="4RGm~xjnRqo5HmXvv6l$"><mutation name="closeModal"><arg name="message"></arg><arg name="color"></arg></mutation><value name="ARG0"><block type="text" id="a{P{9MW@%IKk^^^m%X@r"><field name="TEXT">User has been deleted successfully</field></block></value><value name="ARG1"><block type="text" id="o`eWWS3A|SF0bte!`];:"><field name="TEXT">#fff</field></block></value></block></next></block></next></block></next></block></statement><statement name="catch"><block type="procedures_callnoreturn" id="@k2jV%*8i=AVNg9ZY]Rs"><mutation name="closeModal"><arg name="message"></arg><arg name="color"></arg></mutation><value name="ARG0"><block type="get_object_property" id="{M^!C1%H1^kU6ez4jlF?" inline="false"><value name="prop_name"><shadow type="text" id="|}}#[#t;HtDER@`{.jz9"><field name="TEXT">message</field></shadow></value><value name="object"><block type="variables_get" id="fZ8;0d=Y]Z.M5e2|Q{``"><field name="VAR">error</field></block></value></block></value><value name="ARG1"><block type="text" id="8$jRzuJC3:K:Ta|a0A{c"><field name="TEXT">#ff0000</field></block></value></block></statement></block></next></block></next></block></statement></block><block type="procedures_defnoreturn" id="%9Rg7S[D=A}Ct([`#rDV" x="496" y="753"><mutation><arg name="message"></arg><arg name="color"></arg></mutation><field name="NAME">closeModal</field><comment pinned="false" h="80" w="160">Describe this function...</comment><statement name="STACK"><block type="set_object_property" id="|t8.Myz9,;r)`|9RH69i"><value name="object"><block type="ui_common_blocks__get_component_data_style" id="zrbcWZ~FZ.LUK=?GIO.0" bl_meta="{&quot;label&quot;:&quot;Get component style&quot;}"><field name="componentUid">'bff4d8ac579f78a648132998464e4919'</field></block></value><value name="propName"><shadow type="text" id="3UVmRY3*Khn/=sT|%tyf"><field name="TEXT">visibility</field></shadow></value><value name="propValue"><block type="text" id="0W{BbnA!T.i.lWNOsq@I"><field name="TEXT">hidden</field></block></value><next><block type="set_object_property" id="~xAp$EN+(gNv@hzRuWr7"><value name="object"><block type="ui_common_blocks__get_component_data_style" id="GQ}s7hezQx/QFaCCX)9q" bl_meta="{&quot;label&quot;:&quot;Get component style&quot;}"><field name="componentUid">'bff4d8ac579f78a648132998464e4919'</field></block></value><value name="propName"><shadow type="text" id="hTY(=Ta%N-Sm!OA4L9n%"><field name="TEXT">opacity</field></shadow></value><value name="propValue"><block type="math_number" id="B^*}~vATGb.fBYnYEXtj"><field name="NUM">0</field></block></value><next><block type="codeless_function_block_8f16ba2ef5c9c7a7b32d569b3762f6c4" id="J68LzhbBo+S22N%9h}K}" bl_meta="{&quot;fn&quot;:&quot;showMessage&quot;,&quot;label&quot;:&quot;Custom Function - showMessage&quot;}"><mutation has_output="false"></mutation><field name="connections_toggler">FALSE</field><value name="pageData"><block type="root_block_ui_builder_common__context_blocks_pageData" id="=i,RlJiJ%JZT^c4.|O)X" bl_meta="{&quot;label&quot;:&quot;Page Data&quot;}"></block></value><value name="message"><block type="variables_get" id="l/K#V4v[R-5Ml^{mL0LN"><field name="VAR">message</field></block></value><value name="color"><block type="variables_get" id="p-?i-!b^pyPi9kA5*s;B"><field name="VAR">color</field></block></value><value name="alert"><block type="ui_common_blocks__get_component_by_id" id=",^7KVtk;h/mUEFbeb4p6" bl_meta="{&quot;label&quot;:&quot;Get component by id&quot;}"><field name="componentUid">'95980ee1806a02128292c7d76666d134'</field></block></value><value name="styleAlert"><block type="ui_common_blocks__get_component_data_style" id="#m)kcjT]?O@dFnO@1etP" bl_meta="{&quot;label&quot;:&quot;Get component style&quot;}"><field name="componentUid">'95980ee1806a02128292c7d76666d134'</field></block></value><value name="styleAlertText"><block type="ui_common_blocks__get_component_data_style" id="ptm`^;HAq,jQ_yVQI?1*" bl_meta="{&quot;label&quot;:&quot;Get component style&quot;}"><field name="componentUid">'56af2c373986c15715d6b101723d8d4f'</field></block></value></block></next></block></next></block></statement></block></xml>