<xml xmlns="http://www.w3.org/1999/xhtml"><block type="root_block_ui_builder_block_onDynamicItemsAssignment_handler" id="OdV#r:@F.s~vdCE!g7$P" deletable="false" x="20" y="50"><value name="return"><block type="logic_ternary" id="l~P*^rlodhrwF-|j?1j_"><value name="IF"><block type="get_object_property" id="o/=BRho0sfy0~9}d$M8~"><value name="prop_name"><shadow type="text" id="YRPxO2*!djo%9wOjzyog"><field name="TEXT">certificates</field></shadow></value><value name="object"><block type="root_block_ui_builder_common__context_blocks_pageData" id="n!jd;`?)dkd*4JO9-b-T" bl_meta="{&quot;label&quot;:&quot;Page Data&quot;}"></block></value></block></value><value name="THEN"><block type="list_filter_items" id="dDHqW}F.dw+:GvvL,oke"><field name="item">item</field><value name="list"><block type="get_object_property" id="h|RHJisHis$WT)2Jvx7K"><value name="prop_name"><shadow type="text" id="4qi(:{$-4=K-GIge6S2L"><field name="TEXT">certificates</field></shadow></value><value name="object"><block type="root_block_ui_builder_common__context_blocks_pageData" id="B`!E`q95-uKKr6eP5+ru" bl_meta="{&quot;label&quot;:&quot;Page Data&quot;}"></block></value></block></value><value name="returnCode"><block type="logic_compare" id="GB9R,_R#$jz}l1]kI4U*"><field name="OP">NEQ</field><value name="A"><block type="get_object_property" id=",3u}}{gf^^!HGuSy0~7g" inline="false"><value name="prop_name"><shadow type="text" id="%2ck-pY/,x|RaXG?AAp|"><field name="TEXT">name</field></shadow></value><value name="object"><block type="variables_get" id="R7HGOf2@8PGDt(;^0!v9"><field name="VAR">item</field></block></value></block></value><value name="B"><block type="text" id="(bc+3/b@7dR[f~-Ep$hN"><field name="TEXT">NO SSL</field></block></value></block></value></block></value><value name="ELSE"><block type="logic_null" id="2THhI?;kPsTa;5(Ycz[r"></block></value></block></value></block></xml>