<xml xmlns="http://www.w3.org/1999/xhtml"><block type="root_block_ui_builder_button_onClick_handler" id="k#Lg`.gCC|G|jq0)/4;}" deletable="false" x="20" y="50"><statement name="statements_code"><block type="publish_pub_sub_msg" id="Vv$`_Un@Z0p~5hs?aUJd"><mutation has_output="false"></mutation><field name="connections_toggler">FALSE</field><value name="channel"><shadow type="text" id="T4xLEH)x#|3,,wN=sMBF"><field name="TEXT">bl-server-logs</field></shadow></value><value name="subtopic"><shadow type="text" id="!gO$p]rvaY29$kGV5|Sj"><field name="TEXT"></field></shadow></value><value name="message"><shadow type="text" id="0QCN|,a]4TVYm#bN[o(}"><field name="TEXT">Hello I'm some button </field></shadow></value></block></statement></block></xml>