<xml xmlns="http://www.w3.org/1999/xhtml"><block type="root_block_ui_builder_input_onChange_handler" id="{PSQm;aEf]H1N6}g4~|5" deletable="false" x="20" y="50"><statement name="statements_code"><block type="try_catch" id="$@l7+nZ0smBnu537|M-Z"><statement name="try"><block type="variables_set" id="{@OoF8hB!}CRzc!s/`#y"><field name="VAR">versionsData</field><value name="VALUE"><block type="get_object_property" id="Ur+w6s)Ah/R:||G)=:B@"><value name="prop_name"><shadow type="text" id="Ql8VMC-8Kw76=(u.0u8P"><field name="TEXT">versions</field></shadow></value><value name="object"><block type="root_block_ui_builder_common__context_blocks_pageData" id="tPWu`0EnUTXK.w],ULi|" bl_meta="{&quot;label&quot;:&quot;Page Data&quot;}"></block></value></block></value><next><block type="controls_if" id="tERqGDZVT^G4oP$HQv7A"><mutation else="1"></mutation><value name="IF0"><block type="variables_get" id="[}{DSVSNM9K8#y/lj;Mk"><field name="VAR">versionsData</field></block></value><statement name="DO0"><block type="controls_if" id=",]2$DEf4pf-egUI~v-0,"><mutation else="1"></mutation><value name="IF0"><block type="logic_compare" id="Wky~oS1[+y?`t.Hec-QW"><field name="OP">EQ</field><value name="A"><block type="lists_length" id="h^4*LK:+)UEMV`GQ.HON"><value name="VALUE"><block type="variables_get" id="S^3P=LR4m9{U(%P,O1hc"><field name="VAR">versionsData</field></block></value></block></value><value name="B"><block type="math_number" id=",.92thO))N~w.k53j*_w"><field name="NUM">0</field></block></value></block></value><statement name="DO0"><block type="set_object_property" id="pVKZky-~6hKDT8jZ?@D." inline="false"><value name="object"><block type="root_block_ui_builder_common__context_blocks_pageData" id="%vOFbFbW)0E=Aqbvd;Xi" bl_meta="{&quot;label&quot;:&quot;Page Data&quot;}"></block></value><value name="propName"><shadow type="text" id="+1}mI4}21$I],2N/*pf~"><field name="TEXT">btnUpgradeDisabled</field></shadow></value><value name="propValue"><block type="logic_boolean" id="%Hismz9*wBoytq.AZhvJ"><field name="BOOL">TRUE</field></block></value><next><block type="set_object_property" id="`3Ry-`l|S~e)O|P@}WNt"><value name="object"><block type="root_block_ui_builder_common__context_blocks_pageData" id="CPc:tI,B`|gi[_g@4C@O" bl_meta="{&quot;label&quot;:&quot;Page Data&quot;}"></block></value><value name="propName"><shadow type="text" id="nn+^fD*U*w^pBzJI{Wfc"><field name="TEXT">versions</field></shadow></value><value name="propValue"><block type="lists_create_with" id="CNI.??=uAVP!)-:5h9g*"><mutation items="1"></mutation><value name="ADD0"><block type="text" id="[hwU]!QyZ6|)@ya|f6Hr"><field name="TEXT">Nothing found</field></block></value></block></value></block></next></block></statement><statement name="ELSE"><block type="variables_set" id="d7D`R/RJ}ehj{zxILxDS"><field name="VAR">filterResults</field><value name="VALUE"><block type="list_filter_items" id="|3|8=7!}+T:1uEHLHgJ~"><field name="item">item</field><value name="list"><block type="variables_get" id="BVyu#S-b2;KKuvrSVA;h"><field name="VAR">versionsData</field></block></value><statement name="code"><block type="controls_if" id="5.kD-zHa~r0:9EsazC7="><mutation else="1"></mutation><value name="IF0"><block type="logic_compare" id="PAf{7-;bS^VV662yl#$c" inline="false"><field name="OP">NEQ</field><value name="A"><block type="variables_get" id="NIJR6cFKTlOK+10oDN:k"><field name="VAR">item</field></block></value><value name="B"><block type="root_block_ui_builder_input_onChange_handler_context_blocks_value" id="R$^]^GOz{#[3(l#S+UkQ" bl_meta="{&quot;label&quot;:&quot;Changed Value&quot;}"></block></value></block></value><statement name="DO0"><block type="set_object_property" id="-t+xu+ItlyF~X2B3b*m?" inline="false"><value name="object"><block type="root_block_ui_builder_common__context_blocks_pageData" id="6.+UIh9v:B/+Bp4h!TQ!" bl_meta="{&quot;label&quot;:&quot;Page Data&quot;}"></block></value><value name="propName"><shadow type="text" id="`CttnsjhJ3(H^PyQm.iT"><field name="TEXT">btnUpgradeDisabled</field></shadow></value><value name="propValue"><block type="logic_boolean" id="bJKT:*~*v|t:D;W.Oh.T"><field name="BOOL">TRUE</field></block></value><next><block type="set_object_property" id="a.};G|bHzS}hgMK/h=R^"><value name="object"><block type="root_block_ui_builder_common__context_blocks_pageData" id="q.Dz!2os=pwL=^[A0n5+" bl_meta="{&quot;label&quot;:&quot;Page Data&quot;}"></block></value><value name="propName"><shadow type="text" id="JD1fQTOB.;dQxS}qF3Yc"><field name="TEXT">versions</field></shadow></value><value name="propValue"><block type="variables_get" id="4Q0!{_)O`Hmf!AX9j)b7"><field name="VAR">versionsData</field></block></value></block></next></block></statement><statement name="ELSE"><block type="set_object_property" id="+eZJRuN@fc+NbqO,vTc?" inline="false"><value name="object"><block type="root_block_ui_builder_common__context_blocks_pageData" id=":BJLB=W@T^P/~Q,22rYf" bl_meta="{&quot;label&quot;:&quot;Page Data&quot;}"></block></value><value name="propName"><shadow type="text" id="6LU_tfu.`6a,JxaMl|{L"><field name="TEXT">btnUpgradeDisabled</field></shadow></value><value name="propValue"><block type="logic_boolean" id="}E)#(d!%W?w;oo34hohn"><field name="BOOL">FALSE</field></block></value><next><block type="set_object_property" id="H}g6C)vM6=%6]U;dD}+e"><value name="object"><block type="root_block_ui_builder_common__context_blocks_pageData" id="si9(PWj7En=s;29^L=jq" bl_meta="{&quot;label&quot;:&quot;Page Data&quot;}"></block></value><value name="propName"><shadow type="text" id="AYZ2[|b[Rs#QO|tDO;p^"><field name="TEXT">versions</field></shadow></value><value name="propValue"><block type="variables_get" id="[2MnIf=(GRPt;mwj]`J9"><field name="VAR">versionsData</field></block></value></block></next></block></statement></block></statement></block></value></block></statement></block></statement><statement name="ELSE"><block type="set_object_property" id="r|G4$//Ktwv.r]gJ[B|_"><value name="object"><block type="root_block_ui_builder_common__context_blocks_pageData" id="N{QJp3dF1%urvt-F4n8|" bl_meta="{&quot;label&quot;:&quot;Page Data&quot;}"></block></value><value name="propName"><shadow type="text" id="H)Kd~^ZYVv3m;45dC](I"><field name="TEXT">versions</field></shadow></value><value name="propValue"><block type="lists_create_with" id="4Qaaop8HIGJMDmeh^L#["><mutation items="1"></mutation><value name="ADD0"><block type="text" id=";-*7rE0eARwrUv~IHsZi"><field name="TEXT">Nothing found</field></block></value></block></value><next><block type="set_object_property" id="_~|3M[XK[.c*Vih`0$)n" inline="false"><value name="object"><block type="root_block_ui_builder_common__context_blocks_pageData" id="B:DGaKBZf-/iID#z{.9|" bl_meta="{&quot;label&quot;:&quot;Page Data&quot;}"></block></value><value name="propName"><shadow type="text" id="uD#`+JGrpU85QTHAt/(N"><field name="TEXT">btnUpgradeDisabled</field></shadow></value><value name="propValue"><block type="logic_boolean" id="jcq+O97IyFN-EgKn%NWB"><field name="BOOL">TRUE</field></block></value></block></next></block></statement></block></next></block></statement><statement name="catch"><block type="text_print" id="H7-e_AM{v)BmQi@!^+;^"><value name="TEXT"><block type="variables_get" id="zn+HKklo|u8uE9%3.Iz~"><field name="VAR">error</field></block></value></block></statement></block></statement></block></xml>