<xml xmlns="http://www.w3.org/1999/xhtml"><block type="root_block_ui_builder_input_onFocus_handler" id="94-%`Fz$`wSWge`_!@!]" deletable="false" x="20" y="50"><statement name="statements_code"><block type="controls_if" id="=1mx?t+:2v)s^i}=8l0h"><value name="IF0"><block type="logic_operation" id="FF7z,TzV4mjhU7E@Fp6w" inline="false"><field name="OP">AND</field><value name="A"><block type="logic_negate" id=";v6f)rq}Cjhj-sjJKjhg"><value name="BOOL"><block type="list_contains" id="p;./tmKX{yw,ktL9W(y~"><value name="list"><block type="ui_common_blocks__get_component_classes" id="!htX/CKxbp~}EId3LJr$" bl_meta="{&quot;label&quot;:&quot;Get component classes&quot;}"><field name="componentUid">'ee3841a4181ee45f1b4401031351092b'</field></block></value><value name="item"><block type="text" id="DN[RWfYB5L,NL},z]=S+"><field name="TEXT">UpgradeControl__icon--rotated</field></block></value></block></value></block></value><value name="B"><block type="logic_negate" id="f7dk.bzh2,hjk+%WJ=U7"><value name="BOOL"><block type="list_contains" id="NUg^KY@Z+/.Ze88pR*3*"><value name="list"><block type="ui_common_blocks__get_component_classes" id="1$cp]4#G:S3VODiup/Jy" bl_meta="{&quot;label&quot;:&quot;Get component classes&quot;}"><field name="componentUid">'cd0aa986266406caac51787fc262311a'</field></block></value><value name="item"><block type="text" id="@hdqf{Lgj/wNnZDwLwP."><field name="TEXT">UpgradeControl__results--open</field></block></value></block></value></block></value></block></value><statement name="DO0"><block type="list_add_item" id="ND%AB*uh)k),iE(2e^D|"><mutation has_output="false"></mutation><field name="connections_toggler">FALSE</field><value name="list"><block type="ui_common_blocks__get_component_classes" id="r%5})~A.,ub]#uM?Nu{s" bl_meta="{&quot;label&quot;:&quot;Get component classes&quot;}"><field name="componentUid">'ee3841a4181ee45f1b4401031351092b'</field></block></value><value name="value"><block type="text" id="h[_d|y|3i1hk[hQxM@MR"><field name="TEXT">UpgradeControl__icon--rotated</field></block></value><next><block type="list_add_item" id="]dx4p]B4vgsXY?ixC~a3"><mutation has_output="false"></mutation><field name="connections_toggler">FALSE</field><value name="list"><block type="ui_common_blocks__get_component_classes" id="XEnNs`7gaqfLC-#!#7Tl" bl_meta="{&quot;label&quot;:&quot;Get component classes&quot;}"><field name="componentUid">'cd0aa986266406caac51787fc262311a'</field></block></value><value name="value"><block type="text" id="*ysOb47jY*k}O6BjgkZw"><field name="TEXT">UpgradeControl__results--open</field></block></value></block></next></block></statement><next><block type="controls_if" id="ml%%csu4JHt3?3z4e2|?"><mutation else="1"></mutation><value name="IF0"><block type="get_object_property" id="UjBm`c8KwHTWmOXrCK5a"><value name="prop_name"><shadow type="text" id="@)uAPF.5h6`tG[ytF~p5"><field name="TEXT">versions</field></shadow></value><value name="object"><block type="root_block_ui_builder_common__context_blocks_pageData" id="4CRLz/euw%e:@+{_fx|2" bl_meta="{&quot;label&quot;:&quot;Page Data&quot;}"></block></value></block></value><statement name="DO0"><block type="controls_if" id="PfY,~Rj!;-A4P).pu%C%"><value name="IF0"><block type="logic_compare" id="eX*s/VlC42v:;w+|$q,%"><field name="OP">EQ</field><value name="A"><block type="lists_length" id="nkdM*mGu8@S#u8RY)hL7"><value name="VALUE"><block type="get_object_property" id="y7en%:?9VQtYo0JA:66%"><value name="prop_name"><shadow type="text" id="D)wDHUuoy3]pxb}L1.wy"><field name="TEXT">versions</field></shadow></value><value name="object"><block type="root_block_ui_builder_common__context_blocks_pageData" id="A{1AJXI:j,G7(Kx2@?T!" bl_meta="{&quot;label&quot;:&quot;Page Data&quot;}"></block></value></block></value></block></value><value name="B"><block type="math_number" id="Q{VjW`H;*jWYlO!pA@UA"><field name="NUM">0</field></block></value></block></value><statement name="DO0"><block type="set_object_property" id="wKCQ3T9_P|atL+3lc||_"><value name="object"><block type="root_block_ui_builder_common__context_blocks_pageData" id="Wfj(GEnMVRfuk;S6h{gy" bl_meta="{&quot;label&quot;:&quot;Page Data&quot;}"></block></value><value name="propName"><shadow type="text" id="@i,?l!%IHAEH+vQ5J;[("><field name="TEXT">versions</field></shadow></value><value name="propValue"><block type="lists_create_with" id="N)5u]B{b{Er^-Uh2Px(`"><mutation items="1"></mutation><value name="ADD0"><block type="text" id="SNT6eu)R2HSjOT8G7O*Z"><field name="TEXT">Nothing found</field></block></value></block></value></block></statement><next><block type="controls_if" id="|F3:3a)bU#Kstp,_w7Ei"><value name="IF0"><block type="logic_compare" id="BM1F]K7pbT0rWE;cR9cM" inline="false"><field name="OP">EQ</field><value name="A"><block type="get_object_property" id="RL{0Tp9,=(n%u!FVJMZZ"><value name="prop_name"><shadow type="text" id="59%tv0_dBof@3Xwa1.}}"><field name="TEXT">versions</field></shadow></value><value name="object"><block type="root_block_ui_builder_common__context_blocks_pageData" id=")9l6=r:75R9c8]sI`K*i" bl_meta="{&quot;label&quot;:&quot;Page Data&quot;}"></block></value></block></value><value name="B"><block type="logic_null" id="?ML}=~bByb*yR#@78k@o"></block></value></block></value><statement name="DO0"><block type="set_object_property" id=".sf7p{m^c|N4_/O1Qr*A"><value name="object"><block type="root_block_ui_builder_common__context_blocks_pageData" id="|}FR`n!F,Qie3R(i)mzD" bl_meta="{&quot;label&quot;:&quot;Page Data&quot;}"></block></value><value name="propName"><shadow type="text" id="3%y=lZIz/KIVJ7Yf,jf*"><field name="TEXT">versions</field></shadow></value><value name="propValue"><block type="lists_create_with" id="cYP)HP-6FBA=luv^,onq"><mutation items="1"></mutation><value name="ADD0"><block type="text" id="2PA6[vb;2D?E0Ln48.;Z"><field name="TEXT">Loading...</field></block></value></block></value></block></statement></block></next></block></statement><statement name="ELSE"><block type="set_object_property" id="^(CA/9TI0-(,j7o#=1y/"><value name="object"><block type="root_block_ui_builder_common__context_blocks_pageData" id="(=r%m*o|[5=[fQODZpNl" bl_meta="{&quot;label&quot;:&quot;Page Data&quot;}"></block></value><value name="propName"><shadow type="text" id="Oj.EaTh-7%ENvI,~MM+u"><field name="TEXT">versions</field></shadow></value><value name="propValue"><block type="lists_create_with" id="ES4h}8!z2h*_8gN6E|8)"><mutation items="1"></mutation><value name="ADD0"><block type="text" id="ss;F?RmL7}B$}3m8,+w6"><field name="TEXT">Loading...</field></block></value></block></value><next><block type="try_catch" id="1X+p%#P]|j3}o)*pi86}"><statement name="try"><block type="variables_set" id="[-OBAwa~%F.lN1!kS18T"><field name="VAR">versions</field><value name="VALUE"><block type="codeless_function_block_696a14dd8d2f85be7023c2c4441a65a5" id="f1Bd0#L$u4[nK-+D?|~C" bl_meta="{&quot;fn&quot;:&quot;ProManagerAPI&quot;,&quot;label&quot;:&quot;Custom Function - ProManagerAPI&quot;}"><mutation has_output="true"></mutation><field name="connections_toggler">TRUE</field><value name="method"><block type="text" id=",l]@#j*h3v*)9-(Vz?l]"><field name="TEXT">get</field></block></value><value name="path"><block type="text" id="0|cHCr1,f@yE2B/oG_mg"><field name="TEXT">/system/version/</field></block></value></block></value><next><block type="set_object_property" id="PL.;+eCtha?5i/0X3^s$"><value name="object"><block type="root_block_ui_builder_common__context_blocks_pageData" id="==@WA?mF%uL^9Xi,3o}a" bl_meta="{&quot;label&quot;:&quot;Page Data&quot;}"></block></value><value name="propName"><shadow type="text" id="al[5od8K0~{,X=XM)xdC"><field name="TEXT">versions</field></shadow></value><value name="propValue"><block type="get_object_property" id="`g~E7=`2W*iL-/Y.;q|l"><value name="prop_name"><shadow type="text" id="l)?,ZSzLvJq;?`=}^[y#"><field name="TEXT">all</field></shadow></value><value name="object"><block type="variables_get" id="+jlXqg%8Z?YgHk^T,Q,f"><field name="VAR">versions</field></block></value></block></value></block></next></block></statement><statement name="catch"><block type="codeless_function_block_8f16ba2ef5c9c7a7b32d569b3762f6c4" id=",YPDcA*UquSMrX^4;eMN" bl_meta="{&quot;fn&quot;:&quot;showMessage&quot;,&quot;label&quot;:&quot;Custom Function - showMessage&quot;}"><mutation has_output="false"></mutation><field name="connections_toggler">FALSE</field><value name="pageData"><block type="root_block_ui_builder_common__context_blocks_pageData" id="nDA4oR92t/tf;bFRti5)" bl_meta="{&quot;label&quot;:&quot;Page Data&quot;}"></block></value><value name="message"><block type="get_object_property" id="-n)5TDn}HR2J6%|j8Z6A"><value name="prop_name"><shadow type="text" id="s/amh!vY1uVsb8@?l-sI"><field name="TEXT">message</field></shadow></value><value name="object"><block type="variables_get" id="jfmU^)ZX{$8Gf8;FXi2q"><field name="VAR">error</field></block></value></block></value><value name="color"><block type="text" id="6j6T5WMX-dF{O~ls7bEd"><field name="TEXT">rgba(231, 76, 60, 0.93)</field></block></value><value name="alert"><block type="ui_common_blocks__get_component_by_id" id=".u`NF81MXN~;*A0Qeb^w" bl_meta="{&quot;label&quot;:&quot;Get component by id&quot;}"><field name="componentUid">'95980ee1806a02128292c7d76666d134'</field></block></value><value name="styleAlert"><block type="ui_common_blocks__get_component_data_style" id="_7#j1CacvxO${0?q5^3S" bl_meta="{&quot;label&quot;:&quot;Get component style&quot;}"><field name="componentUid">'95980ee1806a02128292c7d76666d134'</field></block></value><value name="styleAlertText"><block type="ui_common_blocks__get_component_data_style" id="MfuxsX#7WguoeNg`]alH" bl_meta="{&quot;label&quot;:&quot;Get component style&quot;}"><field name="componentUid">'56af2c373986c15715d6b101723d8d4f'</field></block></value><next><block type="set_object_property" id="tpkh{BxpYDMZvM[a-x^S"><value name="object"><block type="root_block_ui_builder_common__context_blocks_pageData" id="Kob0etD/vSGRL%^IAmMT" bl_meta="{&quot;label&quot;:&quot;Page Data&quot;}"></block></value><value name="propName"><shadow type="text" id="0ZYxj#lctoaH2O,8304v"><field name="TEXT">versions</field></shadow></value><value name="propValue"><block type="lists_create_with" id="ISI?/]Bh1Sz`0ef4%iDM"><mutation items="1"></mutation><value name="ADD0"><block type="text" id="uV{J?a=VsbxwXLgd%s$v"><field name="TEXT">Loading...</field></block></value></block></value></block></next></block></statement></block></next></block></statement></block></next></block></statement></block></xml>