<xml xmlns="http://www.w3.org/1999/xhtml"><block type="root_block_ui_builder_block_onDynamicItemsAssignment_handler" id="2_fw_E3/X^;Z.?1t}W$@" deletable="false" x="20" y="50"><value name="return"><block type="logic_ternary" id="`#QlZldD,uyvT#SAy2GZ"><value name="IF"><block type="get_object_property" id="Rr-^)woS{gbXYp:_S~b3"><value name="prop_name"><shadow type="text" id="0(y9k;-n7{3-3ffrk5Dn"><field name="TEXT">description</field></shadow></value><value name="object"><block type="root_block_ui_builder_common__context_blocks_pageData" id="Fdym^.lkuE{k`DnDSL)?" bl_meta="{&quot;label&quot;:&quot;Page Data&quot;}"></block></value></block></value><value name="THEN"><block type="get_object_property" id="m:Ik%|M~%Pr}{2L1SMa~"><value name="prop_name"><shadow type="text" id=":D0N+av.tKNxd[gTQWe^"><field name="TEXT">options</field></shadow></value><value name="object"><block type="lists_getIndex" id="3.7Z`KP%`n2sP*-hDtYU"><mutation statement="false" at="true"></mutation><field name="MODE">GET</field><field name="WHERE">FROM_START</field><value name="VALUE"><block type="get_object_property" id="Sb[yB`=C[t7nnM`NFqU~"><value name="prop_name"><shadow type="text" id="c+od@yapdboGC+DlYB^*"><field name="TEXT">description</field></shadow></value><value name="object"><block type="root_block_ui_builder_common__context_blocks_pageData" id="}H2Ju9AL2=p|t9g)Td_|" bl_meta="{&quot;label&quot;:&quot;Page Data&quot;}"></block></value></block></value><value name="AT"><block type="math_number" id="Jj*O2a2uxV9~a(rWEtG%"><field name="NUM">3</field></block></value></block></value></block></value><value name="ELSE"><block type="logic_boolean" id="wZ}2K^05Ox-.m|^`g:)^"><field name="BOOL">FALSE</field></block></value></block></value></block></xml>