<xml xmlns="http://www.w3.org/1999/xhtml"><block type="root_block_ui_builder_block_onClick_handler" id="G(Yh]H=rN1sqFEl7__oO" deletable="false" x="20" y="50"><statement name="statements_code"><block type="codeless_function_block_d1c73eef0a362f8719d1f5ffd944aded" id="LQPY4L)g7m;=El?EC9d6"><value name="classLists"><block type="get_object_property" id="#REto2-MX[*8oY!%lWsQ"><value name="prop_name"><shadow type="text" id="mJ1Es[-sMWoc6q9i{a4G"><field name="TEXT">contentItemClasses</field></shadow></value><value name="object"><block type="root_block_ui_builder_common__context_blocks_pageData" id="TJ,PL#]BAN1!jXD3d(9t"></block></value></block></value><next><block type="list_add_item" id="6yM=bFKBq`~#UG3rfGna"><mutation has_output="false"></mutation><field name="connections_toggler">FALSE</field><value name="list"><block type="dynamic_context_blocks__get_component_classes" id="jj6rcpIsVr[ff;r?Gy8p"><field name="componentUid">150e85a8707f64851b813d69fcd4c7ae</field></block></value><value name="value"><block type="text" id=";;W{Zu|KuDLV/b_316H."><field name="TEXT">aside__TabContentItem--active</field></block></value></block></next></block></statement></block></xml>