<xml xmlns="http://www.w3.org/1999/xhtml"><block type="root_block_ui_builder_block_onClassListAssignment_handler" id="2GV-v|DpM.[.FQ|nf(T0" deletable="false" x="20" y="50"><statement name="statements_code"><block type="variables_set" id="nxwyLc#rL58ytI%}HT;h"><field name="VAR">classList</field><value name="VALUE"><block type="lists_create_with" id="Iaco;v{MDCU0abEb~J|f"><mutation items="1"></mutation><value name="ADD0"><block type="text" id="I~k[A_(zIj(u3n7`dfS]"><field name="TEXT">aside__TabContentItem</field></block></value></block></value><next><block type="controls_if" id="F8RAK@l^=OcSD_qf[aIn"><value name="IF0"><block type="logic_compare" id=":^{EBy{);NDP4xboh+{%"><field name="OP">EQ</field><value name="A"><block type="get_object_property" id="It2Ik(+0=*;8^:-R$vXA"><value name="prop_name"><shadow type="text" id="L;PB}%;C/@s]!3J-:}YA"><field name="TEXT">pageConfiguration</field></shadow></value><value name="object"><block type="root_block_ui_builder_common__context_blocks_pageData" id="wP^q@;`NK/2~5cr=5/Yc" bl_meta="{&quot;label&quot;:&quot;Page Data&quot;}"></block></value></block></value><value name="B"><block type="text" id="~4x9dVlPJ`Sd=q5LJ=ji"><field name="TEXT">dataService</field></block></value></block></value><statement name="DO0"><block type="variables_set" id="Hr|Uu7G[*hdL2-rX;L{u"><field name="VAR">classList</field><value name="VALUE"><block type="lists_create_with" id="Y8|9A9#M`kkptef2b%_I"><mutation items="2"></mutation><value name="ADD0"><block type="text" id="$WTkx.q]3ibwS*;ib[ba"><field name="TEXT">aside__TabContentItem</field></block></value><value name="ADD1"><block type="text" id="wJI5ubf8qS={,LKr#yj]"><field name="TEXT">aside__TabContentItem--active</field></block></value></block></value></block></statement></block></next></block></statement><value name="return"><block type="variables_get" id="_|lX#9O^Zrle(1^vYC@e"><field name="VAR">classList</field></block></value></block></xml>