{
  "components": {
    "9f186f89932cdfe880554e43f4f916a1": {
      "id": "redis container",
      "type": "block",
      "moduleType": "system",
      "moduleId": "block",
      "handlers": {
        "onMounted": {
          "usedCustomFunctions": [
            "696a14dd8d2f85be7023c2c4441a65a5"
          ]
        }
      }
    },
    "4038f86f5b6cacb8ee37a8efac3527aa": {
      "id": "redis TitleMain",
      "type": "text",
      "moduleType": "system",
      "moduleId": "text",
      "handlers": {
        "onContentAssignment": {
          "usedCustomFunctions": []
        }
      }
    },
    "198c9c59e5389ad5ff37a4bb3e22bce5": {
      "id": "QuestionIcon",
      "type": "block",
      "moduleType": "system",
      "moduleId": "block",
      "handlers": {
        "onTooltipTextAssignment": {
          "usedCustomFunctions": [
            "4f8fe7d853c915840a67685fa058d83f"
          ]
        }
      }
    },
    "6ee9263676997e3caaa315452be887df": {
      "id": "QuestionIcon",
      "type": "block",
      "moduleType": "system",
      "moduleId": "block",
      "handlers": {
        "onTooltipTextAssignment": {
          "usedCustomFunctions": [
            "4f8fe7d853c915840a67685fa058d83f"
          ]
        }
      }
    },
    "cb32ffe5c76e4f69d148911494c6952e": {
      "id": "QuestionIcon",
      "type": "block",
      "moduleType": "system",
      "moduleId": "block",
      "handlers": {
        "onTooltipTextAssignment": {
          "usedCustomFunctions": [
            "4f8fe7d853c915840a67685fa058d83f"
          ]
        }
      }
    },
    "cd73b3928006379f77b53b870895e855": {
      "id": "QuestionIcon",
      "type": "block",
      "moduleType": "system",
      "moduleId": "block",
      "handlers": {
        "onTooltipTextAssignment": {
          "usedCustomFunctions": [
            "4f8fe7d853c915840a67685fa058d83f"
          ]
        }
      }
    },
    "b11bd95b7c781e9ce31e01ee1b83b966": {
      "id": "QuestionIcon",
      "type": "block",
      "moduleType": "system",
      "moduleId": "block",
      "handlers": {
        "onTooltipTextAssignment": {
          "usedCustomFunctions": [
            "4f8fe7d853c915840a67685fa058d83f"
          ]
        }
      }
    },
    "5a537424c7d5f0fa5c2169ba52cdc3b9": {
      "id": "redis SaveBtn",
      "type": "button",
      "moduleType": "system",
      "moduleId": "button",
      "handlers": {
        "onClick": {
          "usedCustomFunctions": [
            "696a14dd8d2f85be7023c2c4441a65a5",
            "8f16ba2ef5c9c7a7b32d569b3762f6c4"
          ]
        }
      }
    },
    "b4ac65b40f178182007af4f16afe24d6": {
      "id": "redis controls",
      "type": "block",
      "moduleType": "system",
      "moduleId": "block",
      "handlers": {
        "onMounted": {
          "dependencies": []
        }
      }
    },
    "33a848b796b77f762a2122974b1af0aa": {
      "id": "redis SaveRestartBtn",
      "type": "button",
      "moduleType": "system",
      "moduleId": "button",
      "handlers": {
        "onClick": {
          "usedCustomFunctions": [
            "696a14dd8d2f85be7023c2c4441a65a5",
            "8f16ba2ef5c9c7a7b32d569b3762f6c4"
          ]
        }
      }
    },
    "7e1ac109ebbe4db399af721c8b472bd2": {
      "id": "InputHost",
      "type": "input",
      "moduleType": "system",
      "moduleId": "input",
      "handlers": {
        "onChange": {
          "usedCustomFunctions": []
        }
      }
    },
    "57c1dbc34b1c989c67cdeee5b059df3e": {
      "id": "InputPort",
      "type": "input",
      "moduleType": "system",
      "moduleId": "input",
      "handlers": {
        "onChange": {
          "usedCustomFunctions": []
        }
      }
    },
    "febabf157a01b6cc64e1b8f62b1e1a32": {
      "id": "InputPool",
      "type": "input",
      "moduleType": "system",
      "moduleId": "input",
      "handlers": {
        "onChange": {
          "usedCustomFunctions": []
        }
      }
    },
    "826adfb80e9fa3f9c4d409ef7c4fb6a8": {
      "id": "InputPassword",
      "type": "input",
      "moduleType": "system",
      "moduleId": "input",
      "handlers": {
        "onChange": {
          "usedCustomFunctions": []
        }
      }
    },
    "f6024c35a4be53e6b64b776ba73ce95c": {
      "id": "ValidationMessagePassword",
      "type": "text",
      "moduleType": "system",
      "moduleId": "text",
      "handlers": {
        "onDisplayAssignment": {
          "usedCustomFunctions": []
        }
      }
    },
    "f2cd77e13a5f3c9633a2a81f62910c09": {
      "id": "ValidationMessageHost",
      "type": "text",
      "moduleType": "system",
      "moduleId": "text",
      "handlers": {
        "onDisplayAssignment": {
          "usedCustomFunctions": []
        }
      }
    },
    "49cfbb2af051f87d5dccc9944ddcb7b2": {
      "id": "ValidationMessagePort",
      "type": "text",
      "moduleType": "system",
      "moduleId": "text",
      "handlers": {
        "onDisplayAssignment": {
          "usedCustomFunctions": []
        }
      }
    },
    "c37570257cfd551e117c464d74721426": {
      "id": "ValidationMessagePool",
      "type": "text",
      "moduleType": "system",
      "moduleId": "text",
      "handlers": {
        "onDisplayAssignment": {
          "usedCustomFunctions": []
        }
      }
    },
    "page": {
      "type": "page",
      "moduleType": "system",
      "moduleId": "page",
      "handlers": {
        "onLeave": {
          "dependencies": []
        },
        "onEnter": {
          "dependencies": []
        }
      }
    }
  },
  "dataBinding": {},
  "usedComponentTypes": [
    "block",
    "r_eecdebf7a73f3c5e1cffd6bc92dbd289",
    "r_dcac843a154c1eb2e28a4a08b5d34fec",
    "text",
    "input",
    "switch",
    "button"
  ],
  "style": {},
  "attrs": {},
  "pods": {}
}