<xml xmlns="http://www.w3.org/1999/xhtml"><block type="root_block_ui_builder_block_onDynamicItemsAssignment_handler" id="|5b~Ec3{Rwj5TvYefmI(" deletable="false" x="20" y="50"><value name="return"><block type="get_object_property" id="py(KZpgCE,Nn(SWbSE3@"><value name="prop_name"><shadow type="text" id="SNm;$Psz(d*_|wiDK73^"><field name="TEXT">jobsList</field></shadow></value><value name="object"><block type="root_block_ui_builder_common__context_blocks_appData" id="6bK=*0c^j9b*OR[X,|T?" bl_meta="{&quot;label&quot;:&quot;App Data&quot;}"></block></value></block></value></block></xml>