<xml xmlns="http://www.w3.org/1999/xhtml"><block type="root_block_ui_builder_block_onClick_handler" id="z~q:A.%xUQ_iWO*F]vIB" deletable="false" x="20" y="50"><statement name="statements_code"><block type="set_object_property" id="|!k=B+([1Gwb%e@LF{bz"><value name="object"><block type="get_object_property" id="/Cr@q;97TLVz|1I1ZT[k"><value name="prop_name"><shadow type="text" id="=cm?)Qyo^pP;W[0?lNjh"><field name="TEXT">el</field></shadow></value><value name="object"><block type="ui_common_blocks__get_component_by_id" id="44RY@QF,Q]%;!B,k!|mH" bl_meta="{&quot;label&quot;:&quot;Get component by id&quot;}"><field name="componentUid">'57c1dbc34b1c989c67cdeee5b059df3e'</field></block></value></block></value><value name="propName"><shadow type="text" id="1Mf{nRvj{6X^*=v}-s5Q"><field name="TEXT">type</field></shadow></value><value name="propValue"><block type="text" id="6TD`D([PE]Mqx]n?3-BT"><field name="TEXT">text</field></block></value><next><block type="ui_common_blocks__toggle_component_visibility" id="9~,BmT]^BIZWGc3z8]_?" bl_meta="{&quot;label&quot;:&quot;Toggle component visibility&quot;}"><field name="componentUid">'1141d4fc2d5edd8b5c43756bf938fa9b'</field><value name="visible"><block type="logic_boolean" id="R`PXp2QH7bcfJccf?A{F"><field name="BOOL">FALSE</field></block></value><next><block type="ui_common_blocks__toggle_component_visibility" id="q^;f4EIhP,;HNv8RLqeL" bl_meta="{&quot;label&quot;:&quot;Toggle component visibility&quot;}"><field name="componentUid">'09bad8b3e533875c7a5218a158c3ee48'</field><value name="visible"><block type="logic_boolean" id="Yh[d:;yv$Y*t9upn@W|7"><field name="BOOL">TRUE</field></block></value></block></next></block></next></block></statement></block></xml>