<xml xmlns="http://www.w3.org/1999/xhtml"><block type="root_block_ui_builder_button_onClick_handler" id="=__8v%j^k.CO{!U2*IH}" deletable="false" x="20" y="50"><statement name="statements_code"><block type="set_object_property" id=";B#s]BP?e7W!x54So4!O" inline="true"><value name="object"><block type="root_block_ui_builder_common__context_blocks_pageData" id="Y!v0d!jZf4-vxVy0Fso9" bl_meta="{&quot;label&quot;:&quot;Page Data&quot;}"></block></value><value name="propName"><shadow type="text" id="Blo[k,I.L![iI@n6T_.b"><field name="TEXT">btnUpgradeDisabled</field></shadow></value><value name="propValue"><block type="logic_boolean" id="@dBeS82a(!/]Vfg,.?Y-"><field name="BOOL">TRUE</field></block></value><next><block type="try_catch" id="H8%4c`%40~UjrFZ,cS!d"><statement name="try"><block type="codeless_function_block_696a14dd8d2f85be7023c2c4441a65a5" id="x@93QuNj~Op78W{8NO3i" bl_meta="{&quot;fn&quot;:&quot;ProManagerAPI&quot;,&quot;label&quot;:&quot;Custom Function - ProManagerAPI&quot;}"><mutation has_output="false"></mutation><field name="connections_toggler">FALSE</field><value name="method"><block type="text" id="|_C:8hFet(jUij.dXHul"><field name="TEXT">put</field></block></value><value name="path"><block type="text" id=".(VoZZ6j)EN?~7;g0?$A"><field name="TEXT">/system/version/change</field></block></value><value name="body"><block type="create_object" id="(ZStzfQ/2|1Km{.6_U]."><mutation><properties><item id="property" prop-name="newVersion"></item></properties></mutation><value name="create_object_mutator_container_properties_stack_property0"><block type="get_object_property" id="EO85zW*KC1Cm_;@ai`3("><value name="prop_name"><shadow type="text" id="Nuw+8R1:JezH1i*~c]El"><field name="TEXT">version</field></shadow></value><value name="object"><block type="root_block_ui_builder_common__context_blocks_pageData" id="TYvvyv.WlkPAc4y:JgQK" bl_meta="{&quot;label&quot;:&quot;Page Data&quot;}"></block></value></block></value></block></value></block></statement><statement name="catch"><block type="text_print" id="Z1Gl1;QFDL-RK^~!eFZ#"><value name="TEXT"><block type="variables_get" id="5KyG.*m$1zekvS.WduiQ"><field name="VAR">error</field></block></value><next><block type="codeless_function_block_8f16ba2ef5c9c7a7b32d569b3762f6c4" id="WtE{-e%9X{o@v?qonFbK" bl_meta="{&quot;fn&quot;:&quot;showMessage&quot;,&quot;label&quot;:&quot;Custom Function - showMessage&quot;}"><mutation has_output="false"></mutation><field name="connections_toggler">FALSE</field><value name="pageData"><block type="root_block_ui_builder_common__context_blocks_pageData" id="(|Foyn0.9oZwoY{d}^:H" bl_meta="{&quot;label&quot;:&quot;Page Data&quot;}"></block></value><value name="message"><block type="get_object_property" id="203Cwv7PE5(i9[8B]hN="><value name="prop_name"><shadow type="text" id="8Hex!z8JcFFC]rG+2Ytd"><field name="TEXT">message</field></shadow></value><value name="object"><block type="variables_get" id=":vqtB~p(c0{s9AwNuRE~"><field name="VAR">error</field></block></value></block></value><value name="color"><block type="text" id="7%@k`+Q#rMOV}XzYZ@fm"><field name="TEXT">rgba(231, 76, 60, 0.93)</field></block></value><value name="alert"><block type="ui_common_blocks__get_component_by_id" id="7R;.1N=2!iQS4?)=*~BO" bl_meta="{&quot;label&quot;:&quot;Get component by id&quot;}"><field name="componentUid">'95980ee1806a02128292c7d76666d134'</field></block></value><value name="styleAlert"><block type="ui_common_blocks__get_component_data_style" id=".k~,l`eT|1d|(T|Qkg|{" bl_meta="{&quot;label&quot;:&quot;Get component style&quot;}"><field name="componentUid">'95980ee1806a02128292c7d76666d134'</field></block></value><value name="styleAlertText"><block type="ui_common_blocks__get_component_data_style" id="!-T0N6d3YAWq%Pkv$.9," bl_meta="{&quot;label&quot;:&quot;Get component style&quot;}"><field name="componentUid">'56af2c373986c15715d6b101723d8d4f'</field></block></value></block></next></block></statement><statement name="finally"><block type="set_object_property" id="mb?Be{OoeV%UTlKb%vlE" inline="true"><value name="object"><block type="root_block_ui_builder_common__context_blocks_pageData" id="[XH-d+WVm6RuC79k%(_^" bl_meta="{&quot;label&quot;:&quot;Page Data&quot;}"></block></value><value name="propName"><shadow type="text" id="e*bc6KOM*$CdUDOwi#vT"><field name="TEXT">btnUpgradeDisabled</field></shadow></value><value name="propValue"><block type="logic_boolean" id="-xq#z,;$PJS@G*NsMI+$"><field name="BOOL">FALSE</field></block></value></block></statement></block></next></block></statement></block></xml>