<xml xmlns="http://www.w3.org/1999/xhtml"><block type="root_block_ui_builder_button_onDisabledStateAssignment_handler" id="qTiiQ/HXwPFq8Ev=r}LD" deletable="false" x="20" y="50"><statement name="statements_code"><block type="controls_if" id="g7#Lg(Pcn3=*v(n/GZ~J"><mutation else="1"></mutation><value name="IF0"><block type="logic_operation" id="%GOmnqoef?uw@e*zacH{" inline="false"><field name="OP">AND</field><value name="A"><block type="get_object_property" id="r4VnKrG^NNN.CbR^cFqz"><value name="prop_name"><shadow type="text" id="3(FD[z`f=E9VZQJ(vft/"><field name="TEXT">btnIsClicked</field></shadow></value><value name="object"><block type="root_block_ui_builder_common__context_blocks_pageData" id="7=t.kF]OKWeY6{kOHLoH" bl_meta="{&quot;label&quot;:&quot;Page Data&quot;}"></block></value></block></value><value name="B"><block type="get_object_property" id="/N}i4Uq57:KUz}Rm:Fk#"><value name="prop_name"><shadow type="text" id="NwmAWJtqRBB(B.8{:,7w"><field name="TEXT">btnUpgradeDisabled</field></shadow></value><value name="object"><block type="root_block_ui_builder_common__context_blocks_pageData" id="wt;}?5~,)e4CW1BNCr0|" bl_meta="{&quot;label&quot;:&quot;Page Data&quot;}"></block></value></block></value></block></value><statement name="DO0"><block type="set_object_property" id="`T%kEDL+WaFXN73?P!t%" inline="false"><value name="object"><block type="ui_common_blocks__get_component_data_style" id="DtJ}:M|zJa[We7s?YK)," bl_meta="{&quot;label&quot;:&quot;Get component style&quot;}"><field name="componentUid">'d258d65b1a65a3bbd51f4a93943cdb59'</field></block></value><value name="propName"><shadow type="text" id="(a9^k(6k#@jDQRTF,Vyw"><field name="TEXT">opacity</field></shadow></value><value name="propValue"><block type="text" id="jsf7+J/Bz5$bg35I_#.G"><field name="TEXT">0.5</field></block></value><next><block type="immediate_return" id="?7+uE{3()+}%E`F9@1DY"><value name="value"><block type="logic_boolean" id="5EY[DDG*5.2t63Jg#]o6"><field name="BOOL">TRUE</field></block></value></block></next></block></statement><statement name="ELSE"><block type="set_object_property" id="aff=JAKU:P@,`)5Q]Zs{" inline="false"><value name="object"><block type="ui_common_blocks__get_component_data_style" id="$/y=0aa]xM!jU:vz;UbA" bl_meta="{&quot;label&quot;:&quot;Get component style&quot;}"><field name="componentUid">'d258d65b1a65a3bbd51f4a93943cdb59'</field></block></value><value name="propName"><shadow type="text" id="KgN|_%`Nq.RjHox/xj29"><field name="TEXT">opacity</field></shadow></value><value name="propValue"><block type="text" id="]T.J[]0eO,r#Yiq0SF#D"><field name="TEXT">1</field></block></value><next><block type="immediate_return" id="tA)M#`=4Ppl:qsq|yWNA"><value name="value"><block type="logic_boolean" id="*.:/@jkMfO@RbQj`;x,K"><field name="BOOL">FALSE</field></block></value></block></next></block></statement></block></statement><value name="return"><block type="logic_boolean" id="@c4cx)o~5Vm-lQ96Hni2"><field name="BOOL">FALSE</field></block></value></block></xml>