<xml xmlns="http://www.w3.org/1999/xhtml"><block type="root_block_ui_builder_text_onClick_handler" id="Ny}58W7lBq#[C}7#bAVS" deletable="false" x="20" y="50"><statement name="statements_code"><block type="set_object_property" id="MA3QFCPujTg+vhnWwB=8"><value name="object"><block type="ui_common_blocks__get_component_data_style" id="Bju_,b/osg?bV|hIZ_cZ" bl_meta="{&quot;label&quot;:&quot;Get component style&quot;}"><field name="componentUid">'9051123f6b4f94ef192265039293d4cd'</field></block></value><value name="propName"><shadow type="text" id="eT6,5H|{(FsjZkrfCA9R"><field name="TEXT">display</field></shadow></value><value name="propValue"><block type="text" id="!mr+*@Fe+DwWOpH6mU*9"><field name="TEXT">none</field></block></value><next><block type="set_object_property" id=")*|YW!Nz@*G*%U?J0.7="><value name="object"><block type="ui_common_blocks__get_component_data_style" id="Pc!%71Ylk6j5MtIT~?$M" bl_meta="{&quot;label&quot;:&quot;Get component style&quot;}"><field name="componentUid">'232827adb9a5f36d5621ab56e377cca9'</field></block></value><value name="propName"><shadow type="text" id="q:Gwg4k5NaiS-bHd~jzd"><field name="TEXT">display</field></shadow></value><value name="propValue"><block type="text" id=":dsxr5VF-27YridkRJ(*"><field name="TEXT">none</field></block></value><next><block type="set_object_property" id="Zq=7lX,6!^mSs^N7OQe+"><value name="object"><block type="ui_common_blocks__get_component_data_style" id="z4?O!J=-*G8eswRruSSe" bl_meta="{&quot;label&quot;:&quot;Get component style&quot;}"><field name="componentUid">'bf4ddcd624beb122ea9990fa10566b0f'</field></block></value><value name="propName"><shadow type="text" id="LMV:4-71#;;J[IH1x.6:"><field name="TEXT">display</field></shadow></value><value name="propValue"><block type="text" id="BM*Y:FqyB}{gsGqUB/`I"><field name="TEXT">flex</field></block></value><next><block type="controls_if" id="%/]d,(rZOlfWGvFNf,c("><value name="IF0"><block type="logic_compare" id="=JN`}d:ydTO,q#X;ex/["><field name="OP">EQ</field><value name="A"><block type="lists_length" id="HFek`,p%S(MaDvq+1jKS"><value name="VALUE"><block type="ui_common_blocks__get_component_classes" id="T9xH(~+|.{wC4-i2K_)d" bl_meta="{&quot;label&quot;:&quot;Get component classes&quot;}"><field name="componentUid">'7e437288f19344daa5a4bed75c728637'</field></block></value></block></value><value name="B"><block type="math_number" id="_?J-}:D3p5D8B=TD?up{"><field name="NUM">1</field></block></value></block></value><statement name="DO0"><block type="list_add_item" id=",Rs=Mu-m8ZE)MkkRjtZh"><mutation has_output="false"></mutation><field name="connections_toggler">FALSE</field><value name="list"><block type="ui_common_blocks__get_component_classes" id="hP`xGP}5?eH|hjI85@Pg" bl_meta="{&quot;label&quot;:&quot;Get component classes&quot;}"><field name="componentUid">'7e437288f19344daa5a4bed75c728637'</field></block></value><value name="value"><block type="text" id="6}%05?y1Ud[Hkht;Kdc7"><field name="TEXT">ServerLogs__TabsLabel--active</field></block></value><next><block type="controls_if" id="gn-dgKiOB,|6zAcH0**2"><value name="IF0"><block type="logic_compare" id="Jr+N#rI8=!](!C[8d`4y"><field name="OP">GT</field><value name="A"><block type="lists_length" id="-x^#iYFVX`!4A|f+vPpb"><value name="VALUE"><block type="ui_common_blocks__get_component_classes" id="3YZKOGLHJ=]Sp`?zMmPs" bl_meta="{&quot;label&quot;:&quot;Get component classes&quot;}"><field name="componentUid">'184ed6e69bd6d8f1e8fc35c7403c36e5'</field></block></value></block></value><value name="B"><block type="math_number" id="F|_;u,NdvHPl,EeJELM_"><field name="NUM">1</field></block></value></block></value><statement name="DO0"><block type="lists_getIndex" id="%vAL9zRD)~ld,*n4@GGO"><mutation statement="true" at="false"></mutation><field name="MODE">REMOVE</field><field name="WHERE">LAST</field><value name="VALUE"><block type="ui_common_blocks__get_component_classes" id="^[Ip0g4ipH2}KBXUC*sv" bl_meta="{&quot;label&quot;:&quot;Get component classes&quot;}"><field name="componentUid">'184ed6e69bd6d8f1e8fc35c7403c36e5'</field></block></value></block></statement><next><block type="controls_if" id=")aKo.FkxrUAO_{dufT#}"><value name="IF0"><block type="logic_compare" id="v-]EeAGs?4u)*m_/1USZ"><field name="OP">GT</field><value name="A"><block type="lists_length" id="-[b/W]SyoBzEV#2X;vq7"><value name="VALUE"><block type="ui_common_blocks__get_component_classes" id="p8v6`/LW9HR$P!?ZYtlL" bl_meta="{&quot;label&quot;:&quot;Get component classes&quot;}"><field name="componentUid">'64b6f006eead4076cacfac687291d9c6'</field></block></value></block></value><value name="B"><block type="math_number" id="DP2o;h|+MT?:IXU76{w5"><field name="NUM">1</field></block></value></block></value><statement name="DO0"><block type="lists_getIndex" id="c:cAAf;nDDG~vq;=|I^t"><mutation statement="true" at="false"></mutation><field name="MODE">REMOVE</field><field name="WHERE">LAST</field><value name="VALUE"><block type="ui_common_blocks__get_component_classes" id="ts,%iyC6E.f95ckjpLPW" bl_meta="{&quot;label&quot;:&quot;Get component classes&quot;}"><field name="componentUid">'64b6f006eead4076cacfac687291d9c6'</field></block></value></block></statement></block></next></block></next></block></statement></block></next></block></next></block></next></block></statement></block></xml>