<xml xmlns="http://www.w3.org/1999/xhtml"><block type="root_block_ui_builder_button_onClick_handler" id="hpNuJ1tu~]xaMf`pWWU0" deletable="false" x="20" y="50"><statement name="statements_code"><block type="set_object_property" id="sX`Er1nMbh~:8v~?v]Kr"><value name="object"><block type="ui_common_blocks__get_component_data_style" id="/[,@KJHEUy#[1,9I9-e7" bl_meta="{&quot;label&quot;:&quot;Get component style&quot;}"><field name="componentUid">'08eeca24e142146f1894a98264378b8e'</field></block></value><value name="propName"><shadow type="text" id="PBy_!x@72AxWl8u:j44z"><field name="TEXT">visibility</field></shadow></value><value name="propValue"><block type="text" id="W{cTI*0!eDSCdI7GGiAs"><field name="TEXT">hidden</field></block></value><next><block type="set_object_property" id=":XmUiKz8umQ_%F_{2:Bc"><value name="object"><block type="ui_common_blocks__get_component_data_style" id="6C;65!Phv(q4PA)w6/:k" bl_meta="{&quot;label&quot;:&quot;Get component style&quot;}"><field name="componentUid">'08eeca24e142146f1894a98264378b8e'</field></block></value><value name="propName"><shadow type="text" id="wlW{@K.0Lz_DJto0R6|-"><field name="TEXT">opacity</field></shadow></value><value name="propValue"><block type="math_number" id=",5Ou$]^8j=:0eA*}bNlh"><field name="NUM">0</field></block></value></block></next></block></statement></block></xml>