<xml xmlns="http://www.w3.org/1999/xhtml"><block type="root_block_ui_builder_block_onClassListAssignment_handler" id="_Zi=mu2a3T4=brw;63es" deletable="false" x="20" y="50"><statement name="statements_code"><block type="variables_set" id=",-L(7TySw;`2N_cLyl.J"><field name="VAR">classList</field><value name="VALUE"><block type="lists_create_with" id="+IhhXP,gh@/Nqz:{^4(2"><mutation items="1"></mutation><value name="ADD0"><block type="text" id="g[!]S[*cruEy(iCjt}eu"><field name="TEXT">ServerStatus__ItemBtn</field></block></value></block></value><next><block type="controls_if" id="u%wML!q1i%XeempIr4~z"><value name="IF0"><block type="logic_compare" id="E,ac;RLu@|gn)Am%h3uT"><field name="OP">EQ</field><value name="A"><block type="get_object_property" id="3)C=Hu|%fZX42@sUG{ll" inline="false"><value name="prop_name"><shadow type="text" id="DH(wd^g6S6a*j/H/Y)x]"><field name="TEXT">status</field></shadow></value><value name="object"><block type="root_block_ui_builder_common__context_blocks_e9118d25f3628ca2aa41dd74e6510651_data" id="M?BuYdsmeX8ZDpy2ZuxO"></block></value></block></value><value name="B"><block type="text" id="(qp4t9rmIfhS}IwmuZ1]"><field name="TEXT">stopped</field></block></value></block></value><statement name="DO0"><block type="variables_set" id="eF]=z8H:KI0pf;GcOSmH"><field name="VAR">classList</field><value name="VALUE"><block type="lists_create_with" id="qn.Tk4J;aoThW?Uor,M8"><mutation items="2"></mutation><value name="ADD0"><block type="text" id=".5!,@uz~nZj=QlGN@SLs"><field name="TEXT">ServerStatus__ItemBtn</field></block></value><value name="ADD1"><block type="text" id="{UPEYGz6{YHy,kH.!=IW"><field name="TEXT">ServerStatus__ItemBtn--StartActive</field></block></value></block></value></block></statement></block></next></block></statement><value name="return"><block type="variables_get" id="i1J?5KB$3(V@n8TZvdV+"><field name="VAR">classList</field></block></value></block></xml>