<xml xmlns="http://www.w3.org/1999/xhtml"><block type="root_block_ui_builder_text_onClassListAssignment_handler" id="[avm]|!8KD|*wd[f[43c" deletable="false" x="20" y="50"><statement name="statements_code"><block type="variables_set" id="HP`}UCCrjR@yn+kTIZ^2"><field name="VAR">classList</field><value name="VALUE"><block type="lists_create_with" id="HfLR{wz|oQl,Of#TTSPU"><mutation items="1"></mutation><value name="ADD0"><block type="text" id="LL{VBEPh-Q$9LYpitdPx"><field name="TEXT">ServerStatus__BtnIconRestart</field></block></value></block></value><next><block type="controls_if" id="_SILlwQqu6V)Tj[KDkCE"><value name="IF0"><block type="logic_operation" id="v7vR1v{/1Jfh1kaJ5+mz"><field name="OP">OR</field><value name="A"><block type="logic_compare" id="kn(n!;E|AJbKKyhxI{b5"><field name="OP">EQ</field><value name="A"><block type="get_object_property" id="8etDj$5b5AXY/19rKz6." inline="false"><value name="prop_name"><shadow type="text" id="1ywukSB!6g99Z/]X[N!q"><field name="TEXT">status</field></shadow></value><value name="object"><block type="root_block_ui_builder_common__context_blocks_e9118d25f3628ca2aa41dd74e6510651_data" id="DL@0.ttnd{p_`,]a^6al"></block></value></block></value><value name="B"><block type="text" id="}#QW#3@[bad9-!9z@7sS"><field name="TEXT">running</field></block></value></block></value><value name="B"><block type="logic_compare" id="cnU;zV8vOF+MV,`*?gdB"><field name="OP">EQ</field><value name="A"><block type="get_object_property" id="dx3Mfw:1cSKeIQRXria(" inline="false"><value name="prop_name"><shadow type="text" id="5qLh/edWphfjgz^Yk}DC"><field name="TEXT">status</field></shadow></value><value name="object"><block type="root_block_ui_builder_common__context_blocks_e9118d25f3628ca2aa41dd74e6510651_data" id="dBo.}Y#q!l/XtmdLjcHi"></block></value></block></value><value name="B"><block type="text" id="l(Z5UCVKP0Y^8|H[k],4"><field name="TEXT">changing</field></block></value></block></value></block></value><statement name="DO0"><block type="variables_set" id="r,B28Uk|9y]j63^Vut[!"><field name="VAR">classList</field><value name="VALUE"><block type="lists_create_with" id="kBo5#hRfXY#|ktCNNIBw"><mutation items="1"></mutation><value name="ADD0"><block type="text" id="`WFR%]hU{%Ssgwyx2wjc"><field name="TEXT">ServerStatus__BtnIconRestart--active</field></block></value></block></value></block></statement></block></next></block></statement><value name="return"><block type="variables_get" id="PNSMF=ngVrP[[KU94;kE"><field name="VAR">classList</field></block></value></block></xml>