<xml xmlns="http://www.w3.org/1999/xhtml"><block type="root_block_ui_builder_text_onDisplayAssignment_handler" id="(eBu=bNlASfgL.Ey3~v#" deletable="false" x="20" y="50"><statement name="statements_code"><block type="controls_if" id="AW-:f)67@d}!{t^svWl9"><value name="IF0"><block type="get_object_property" id="v!;2-v!^k6nIHG4z$kOp"><value name="prop_name"><shadow type="text" id="|(|)9drJ)0U-Tt7RW5^R"><field name="TEXT">required</field></shadow></value><value name="object"><block type="lists_getIndex" id="pqDD8VEJ#mNT}sPfDuaT"><mutation statement="false" at="false"></mutation><field name="MODE">GET</field><field name="WHERE">FIRST</field><value name="VALUE"><block type="list_filter_items" id="1#[PI9!PqI?n(_K,U@F~"><field name="item">item</field><value name="list"><block type="get_object_property" id="rx7:!wvlIe$]pXPsO#*o"><value name="prop_name"><shadow type="text" id="F8yU;Q^BRBJ)O]GrVt8c"><field name="TEXT">description</field></shadow></value><value name="object"><block type="root_block_ui_builder_common__context_blocks_pageData" id="E4.3el,DZAI!r/Y+l,8}" bl_meta="{&quot;label&quot;:&quot;Page Data&quot;}"></block></value></block></value><value name="returnCode"><block type="logic_compare" id=".91+l@yOMs8.c|=mbz:i"><field name="OP">EQ</field><value name="A"><block type="get_object_property" id="Tqj.C.m+T(kPS(Np;+ez"><value name="prop_name"><shadow type="text" id="wYFijxFew:/kc^@SLlPJ"><field name="TEXT">name</field></shadow></value><value name="object"><block type="variables_get" id="oC;_Z298uXfJAHLN?Ml*"><field name="VAR">item</field></block></value></block></value><value name="B"><block type="text" id=";!:WG6A:3{yE`K-G4k?#"><field name="TEXT">Max page size</field></block></value></block></value></block></value></block></value></block></value><statement name="DO0"><block type="controls_if" id="!1id4N?xh8Mt-0w8T`L,"><mutation else="1"></mutation><value name="IF0"><block type="get_object_property" id="qk[(UrCv+S%~(I^wct+T"><value name="prop_name"><shadow type="text" id="r!a`t=@v;2xYJ.H`1dBo"><field name="TEXT">Max page size</field></shadow></value><value name="object"><block type="root_block_ui_builder_common__context_blocks_8df5e86e263721a17d2eb9a2f1451d2c_data" id="qt1(|7~aR81}{nGvlRYQ" bl_meta="{&quot;label&quot;:&quot;\&quot;data container\&quot; Repeater Data Item&quot;,&quot;dynamicListId&quot;:&quot;9f186f89932cdfe880554e43f4f916a1&quot;}"></block></value></block></value><statement name="DO0"><block type="variables_set" id="*|l#Ycp?6MV4.*q/AeuR"><field name="VAR">visible</field><value name="VALUE"><block type="logic_boolean" id="bp!o%m1r!E.14)5An)(t"><field name="BOOL">FALSE</field></block></value></block></statement><statement name="ELSE"><block type="variables_set" id="%hgn1aMp$*iE};9_N(AQ"><field name="VAR">visible</field><value name="VALUE"><block type="logic_boolean" id="A;Oi:[;bTptm6MAkir2}"><field name="BOOL">TRUE</field></block></value></block></statement></block></statement></block></statement><value name="return"><block type="variables_get" id="5j09Ggv,GcQ~k^{}%R5G"><field name="VAR">visible</field></block></value></block></xml>