<xml xmlns="http://www.w3.org/1999/xhtml"><block type="root_block_ui_builder_file-uploader-button_onBeforeUpload_handler" id="]+89n!b^`BX!J}oNt{oV" deletable="false" x="20" y="50"><statement name="statements_code"><block type="set_object_property" id="cV45Ffr$rG(p5ql9gez9"><value name="object"><block type="root_block_ui_builder_common__context_blocks_c285fdb7425cfedb989a67dd73e1e756_data" id=".Ud/X-}_.NM9.{mmvOiP" bl_meta="{&quot;label&quot;:&quot;\&quot;ForrmCert\&quot; Data&quot;}"></block></value><value name="propName"><shadow type="text" id="ajzA%v{%p:^F27=mncP."><field name="TEXT">keyFile</field></shadow></value><value name="propValue"><block type="lists_getIndex" id="Z%|f50@R*GhT.W4%+bzY"><mutation statement="false" at="false"></mutation><field name="MODE">GET</field><field name="WHERE">FIRST</field><value name="VALUE"><block type="root_block_ui_builder_file-uploader-button_onBeforeUpload_handler_context_blocks_files" id="G%20J]-N1}@KE|CrAj7{" bl_meta="{&quot;label&quot;:&quot;Files&quot;}"></block></value></block></value><next><block type="throw_error" id="]2!kG}6A/n=h*X8,T/vL"><value name="error"><shadow type="new_error" id="+fG#?00M7o*xR^1hU25E"><value name="message"><shadow type="text" id="{7h2N?s#_u#Hm}jFM#IE"><field name="TEXT">stop</field></shadow></value></shadow></value></block></next></block></statement></block></xml>