<xml xmlns="http://www.w3.org/1999/xhtml"><block type="root_block_ui_builder_button_onClick_handler" id="2Var3DS3vjB}lDRL)545" deletable="false" x="20" y="50"><statement name="statements_code"><block type="text_print" id="p*!W|6fY7@{/14o=-988"><value name="TEXT"><shadow type="text" id="Umh#[/=pY9#B}n0W@0|U"><field name="TEXT">kkkkkkkkkkkkkkkkkkk</field></shadow></value><next><block type="text_print" id="Juc$A~@E-?,hLG4}pYoR"><value name="TEXT"><shadow type="text" id="4-NHRO-0b`U*fw;S0Q`a"><field name="TEXT">abc</field></shadow><block type="http_request" id="a?d-u:irUH!_Em(5E[|,"><mutation has_output="true"></mutation><field name="encoding">'utf8'</field><field name="connections_toggler">TRUE</field><value name="method"><shadow type="http_request_method" id="E@NsOg^HjQsDQ$p+1G+="><field name="method">get</field></shadow></value><value name="path"><shadow type="text" id="Tz?Iu}s.4W925o]+Ypx/"><field name="TEXT">http://localhost:5051</field></shadow></value></block></value></block></next></block></statement></block></xml>