<xml xmlns="http://www.w3.org/1999/xhtml"><block type="root_block_ui_builder_block_onBeforeMount_handler" id="A__RcQ;N5Jh9g/TARXC1" deletable="false" x="20" y="50"><statement name="statements_code"><block type="set_object_property" id="kRxs/uS{(x1/t+-%Lgg%"><value name="object"><block type="root_block_ui_builder_common__context_blocks_pageData" id=",G%l=VwOA)JkS?L2?wjS" bl_meta="{&quot;label&quot;:&quot;Page Data&quot;}"></block></value><value name="propName"><shadow type="text" id="ZOSNyd8T1}Lz*2,D.SI3"><field name="TEXT">btnRemoveDisabled</field></shadow></value><value name="propValue"><block type="logic_boolean" id="|.bgVcn_4VHY-EodFU?y"><field name="BOOL">TRUE</field></block></value></block></statement></block></xml>