<xml xmlns="http://www.w3.org/1999/xhtml"><block type="root_block_ui_builder_block_onClick_handler" id="Xrz:wz`69^E^e@NxPUWz" deletable="false" x="20" y="50"><statement name="statements_code"><block type="controls_if" id="9b(qpTZ;o`fK[SSwH21;"><value name="IF0"><block type="logic_compare" id="dmnlR9-{A^{5aNuir=,=" inline="false"><field name="OP">EQ</field><value name="A"><block type="get_object_property" id=";|a1o8$_K6D8wiLIhQ*C"><value name="prop_name"><shadow type="text" id="wCLyhpZrYnHv2d56j;Mx"><field name="TEXT">target</field></shadow></value><value name="object"><block type="root_block_ui_builder_block_onClick_handler_context_blocks_event" id="]Q[6(c.Jg-en2VK;D.7L" bl_meta="{&quot;label&quot;:&quot;Event&quot;}"></block></value></block></value><value name="B"><block type="get_object_property" id="Yv=bnBVgn4+)$p(i15$3" inline="false"><value name="prop_name"><shadow type="text" id="cm/R=ev%cr_W]m(Hmv71"><field name="TEXT">el</field></shadow></value><value name="object"><block type="ui_common_blocks__get_component_by_id" id="!}v!(M14pn2r7@~]iqE9" bl_meta="{&quot;label&quot;:&quot;Get component by id&quot;}"><field name="componentUid">'169ca04218c3102f67d1f8aef66f25f5'</field></block></value></block></value></block></value><statement name="DO0"><block type="set_object_property" id="HWQV]/yb6iROfFP#8(j;"><value name="object"><block type="ui_common_blocks__get_component_data_style" id="$7`OEF%7VI?#-e:cpxCA" bl_meta="{&quot;label&quot;:&quot;Get component style&quot;}"><field name="componentUid">'169ca04218c3102f67d1f8aef66f25f5'</field></block></value><value name="propName"><shadow type="text" id=":R/=MV2C%2d@!@yLLz2_"><field name="TEXT">visibility</field></shadow></value><value name="propValue"><block type="text" id="m/po$r4Wfz2ii1Nz;p57"><field name="TEXT">hidden</field></block></value><next><block type="set_object_property" id="0cG1^d0}ppy|KV=VX0zB"><value name="object"><block type="ui_common_blocks__get_component_data_style" id="wsZ*X`Y_XW,Jq@lyo_u1" bl_meta="{&quot;label&quot;:&quot;Get component style&quot;}"><field name="componentUid">'169ca04218c3102f67d1f8aef66f25f5'</field></block></value><value name="propName"><shadow type="text" id=",`s,U3r;|P4]:usGrS=%"><field name="TEXT">opacity</field></shadow></value><value name="propValue"><block type="math_number" id=",R5`~_56pC5~L%r9,{x!"><field name="NUM">0</field></block></value><next><block type="set_object_property" id="kRxs/uS{(x1/t+-%Lgg%"><value name="object"><block type="root_block_ui_builder_common__context_blocks_pageData" id=",G%l=VwOA)JkS?L2?wjS" bl_meta="{&quot;label&quot;:&quot;Page Data&quot;}"></block></value><value name="propName"><shadow type="text" id="ZOSNyd8T1}Lz*2,D.SI3"><field name="TEXT">btnRemoveDisabled</field></shadow></value><value name="propValue"><block type="logic_boolean" id="|.bgVcn_4VHY-EodFU?y"><field name="BOOL">TRUE</field></block></value><next><block type="ui_common_blocks__toggle_component_visibility" id="$|yw;h!C*@9F#yz)]CzP" bl_meta="{&quot;label&quot;:&quot;Toggle component visibility&quot;}"><field name="componentUid">'169ca04218c3102f67d1f8aef66f25f5'</field><value name="visible"><block type="logic_boolean" id="o].fff{:9Xe!-0l(nwcK"><field name="BOOL">FALSE</field></block></value></block></next></block></next></block></next></block></statement></block></statement></block></xml>