<xml xmlns="http://www.w3.org/1999/xhtml"><block type="root_block_ui_builder_block_onClick_handler" id="F#3QuRU+}W9M[H;^X8EO" deletable="false" x="20" y="50"><statement name="statements_code"><block type="component_action_block_app_router_open_web_page" id="uqXho4xID][~kD2rBPZF" bl_meta="{&quot;label&quot;:&quot;UI Component Action: undefined&quot;}"><field name="isExternal">true</field><value name="url"><shadow type="text" id="[SCRbWw6_.MW[ru7yuJz"><field name="TEXT">https://backendless.com</field></shadow></value></block></statement></block></xml>