<xml xmlns="http://www.w3.org/1999/xhtml"><block type="root_block_ui_builder_block_onClassListAssignment_handler" id="HM$qe1si:PYTqr;P%L,+" deletable="false" x="20" y="50"><statement name="statements_code"><block type="controls_if" id="Y!]0=scq7ZL%6{,Cgn-H"><value name="IF0"><block type="logic_negate" id="y)+V#zqKAj:)Fd]By*-Q"><value name="BOOL"><block type="get_object_property" id="V%R6)o^x8PVqv$!2e%gy" inline="false"><value name="prop_name"><shadow type="text" id="$gf=Wx;SE`{p3l3R)|SW"><field name="TEXT">servicesCreated</field></shadow></value><value name="object"><block type="root_block_ui_builder_common__context_blocks_pageData" id="b9aFK/VIJUgQoCZfF{$Y" bl_meta="{&quot;label&quot;:&quot;Page Data&quot;}"></block></value></block></value></block></value><statement name="DO0"><block type="immediate_return" id="Da7M3|RUTv#I+y8J2:]k"><value name="value"><block type="lists_create_with" id="UL57m#,Y%=2~-3xH%_`e"><mutation items="2"></mutation><value name="ADD0"><block type="text" id=",UZ[cQ%I9qImlV^JK}8@"><field name="TEXT">install__ProgressStatus</field></block></value><value name="ADD1"><block type="text" id="2I.vp!fy-XSpJUe(-fV|"><field name="TEXT">install__ProgressStatus--error</field></block></value></block></value></block></statement></block></statement><value name="return"><block type="lists_create_with" id="43_lQv-jLwWFvivNQC6y"><mutation items="1"></mutation><value name="ADD0"><block type="text" id="*ewSpT:f4QnweukW[_E0"><field name="TEXT">install__ProgressStatus</field></block></value></block></value></block></xml>