<xml xmlns="http://www.w3.org/1999/xhtml"><block type="root_block_ui_builder_block_onTooltipTextAssignment_handler" id="dx}vfjf{_,xCA]:5$?u{" deletable="false" x="20" y="50"><value name="return"><block type="logic_ternary" id="t58=!jzJw.?=o-.F0L}r"><value name="IF"><block type="logic_operation" id="):ZB!k@+/YhNOZ:tdC$#" inline="false"><field name="OP">AND</field><value name="A"><block type="get_object_property" id="-@f:uX*S,#mL@Knixdcy"><value name="prop_name"><shadow type="text" id="A#d?}=2lROC6xBKvgd(J"><field name="TEXT">login</field></shadow></value><value name="object"><block type="root_block_ui_builder_common__context_blocks_8df5e86e263721a17d2eb9a2f1451d2c_data" id="o*I^:~Fe`zQecffPvbk6" bl_meta="{&quot;label&quot;:&quot;\&quot;management container\&quot; Repeater Data Item&quot;,&quot;dynamicListId&quot;:&quot;9f186f89932cdfe880554e43f4f916a1&quot;}"></block></value></block></value><value name="B"><block type="logic_compare" id="1$favt73bC{-Rw#|h^mL" inline="false"><field name="OP">GT</field><value name="A"><block type="lists_length" id="|ckV`qh__)30#s}e%4%I"><value name="VALUE"><block type="get_object_property" id="^$dNzMk2n!5+Ph+2(?`9"><value name="prop_name"><shadow type="text" id="IcNT{CHjAt+WA7=GJKvI"><field name="TEXT">login</field></shadow></value><value name="object"><block type="root_block_ui_builder_common__context_blocks_8df5e86e263721a17d2eb9a2f1451d2c_data" id="y%qz*^R6el_oVQ8WZV_}" bl_meta="{&quot;label&quot;:&quot;\&quot;management container\&quot; Repeater Data Item&quot;,&quot;dynamicListId&quot;:&quot;9f186f89932cdfe880554e43f4f916a1&quot;}"></block></value></block></value></block></value><value name="B"><block type="math_number" id="cnIfi!uJO!Fs]:PATXrt"><field name="NUM">30</field></block></value></block></value></block></value><value name="THEN"><block type="get_object_property" id="/6C0PoUHRxyT8FlUa7s1"><value name="prop_name"><shadow type="text" id="2M[|;^3ZQj8G=./Y,qQ!"><field name="TEXT">login</field></shadow></value><value name="object"><block type="root_block_ui_builder_common__context_blocks_8df5e86e263721a17d2eb9a2f1451d2c_data" id="jMS-_+agna@Vuc|asd~n" bl_meta="{&quot;label&quot;:&quot;\&quot;management container\&quot; Repeater Data Item&quot;,&quot;dynamicListId&quot;:&quot;9f186f89932cdfe880554e43f4f916a1&quot;}"></block></value></block></value><value name="ELSE"><block type="text" id=",E2}f/C@KJIwRbriM;yh"><field name="TEXT"></field></block></value></block></value></block></xml>