<xml xmlns="http://www.w3.org/1999/xhtml"><block type="root_block_ui_builder_checkbox_onChange_handler" id="8uBdxSI4RxcqypZcr$vK" deletable="false" x="20" y="50"><statement name="statements_code"><block type="controls_if" id="U)C:{51vrH+*7$anVCne"><mutation else="1"></mutation><value name="IF0"><block type="root_block_ui_builder_checkbox_onChange_handler_context_blocks_value" id="^}4j?_J50n?gjk=@Kb%x" bl_meta="{&quot;label&quot;:&quot;Changed Value&quot;}"></block></value><statement name="DO0"><block type="set_object_property" id="]gYWT#a5fmoWS,3Jq$KS"><value name="object"><block type="root_block_ui_builder_common__context_blocks_8df5e86e263721a17d2eb9a2f1451d2c_data" id="o(7ShD*oa[a61,c3UH.6" bl_meta="{&quot;label&quot;:&quot;\&quot;data container\&quot; Repeater Data Item&quot;,&quot;dynamicListId&quot;:&quot;9f186f89932cdfe880554e43f4f916a1&quot;}"></block></value><value name="propName"><shadow type="text" id="wGPD8e!Vye#e!^b;PEUB"><field name="TEXT">Protocol</field></shadow></value><value name="propValue"><block type="text" id="0umeQw*Vf/L0GlWX7A|V"><field name="TEXT">TLS</field></block></value><next><block type="set_object_property" id="5X`n1B95}VdLJ$?K#2;V"><value name="object"><block type="root_block_ui_builder_common__context_blocks_8df5e86e263721a17d2eb9a2f1451d2c_data" id="!p*B#2*mnXzc98Dw+sc+" bl_meta="{&quot;label&quot;:&quot;\&quot;data container\&quot; Repeater Data Item&quot;,&quot;dynamicListId&quot;:&quot;9f186f89932cdfe880554e43f4f916a1&quot;}"></block></value><value name="propName"><shadow type="text" id="J:|~sJ,{(mhnJ;2?g|U,"><field name="TEXT">TLS</field></shadow></value><value name="propValue"><block type="logic_boolean" id="X*cn`eESXTcUk+d/9@j-"><field name="BOOL">TRUE</field></block></value><next><block type="set_object_property" id="4*,#G7RVKmjn!7!@=#^f"><value name="object"><block type="root_block_ui_builder_common__context_blocks_8df5e86e263721a17d2eb9a2f1451d2c_data" id="W_{D]g}g0MBx(j4gKr`3" bl_meta="{&quot;label&quot;:&quot;\&quot;data container\&quot; Repeater Data Item&quot;,&quot;dynamicListId&quot;:&quot;9f186f89932cdfe880554e43f4f916a1&quot;}"></block></value><value name="propName"><shadow type="text" id="5%ZxX!;i8S^dN9parA=T"><field name="TEXT">SSL</field></shadow></value><value name="propValue"><block type="logic_boolean" id="#K_UVZ1z@^W;Nm`KaBxu"><field name="BOOL">FALSE</field></block></value></block></next></block></next></block></statement><statement name="ELSE"><block type="set_object_property" id="AwLVJwJv.Z)3DGr%(v+$"><value name="object"><block type="root_block_ui_builder_common__context_blocks_8df5e86e263721a17d2eb9a2f1451d2c_data" id="nz3P?X2N7Pm!6TDE@O0|" bl_meta="{&quot;label&quot;:&quot;\&quot;data container\&quot; Repeater Data Item&quot;,&quot;dynamicListId&quot;:&quot;9f186f89932cdfe880554e43f4f916a1&quot;}"></block></value><value name="propName"><shadow type="text" id="+%dQ|B^Ts-_|O!T2V7)+"><field name="TEXT">Protocol</field></shadow></value><value name="propValue"><block type="text" id="R$=b%~J4.Q?-Wt1fj%+/"><field name="TEXT">SSL</field></block></value><next><block type="set_object_property" id="g0#?m6:xgbY%*)z36*W*"><value name="object"><block type="root_block_ui_builder_common__context_blocks_8df5e86e263721a17d2eb9a2f1451d2c_data" id="=tuGdVo`,%-;__jlS(l{" bl_meta="{&quot;label&quot;:&quot;\&quot;data container\&quot; Repeater Data Item&quot;,&quot;dynamicListId&quot;:&quot;9f186f89932cdfe880554e43f4f916a1&quot;}"></block></value><value name="propName"><shadow type="text" id="V4q[YXuXJEdA3d(vL}Bq"><field name="TEXT">SSL</field></shadow></value><value name="propValue"><block type="logic_boolean" id="JgxTz_NBUwLomUQJqqr+"><field name="BOOL">TRUE</field></block></value><next><block type="set_object_property" id="rVW=lqYLVbSM9P#Ypro}"><value name="object"><block type="root_block_ui_builder_common__context_blocks_8df5e86e263721a17d2eb9a2f1451d2c_data" id="{,U4x4E8Un7@zG@|M-88" bl_meta="{&quot;label&quot;:&quot;\&quot;data container\&quot; Repeater Data Item&quot;,&quot;dynamicListId&quot;:&quot;9f186f89932cdfe880554e43f4f916a1&quot;}"></block></value><value name="propName"><shadow type="text" id="?_xGjZTl@w3a1`(]ZXlD"><field name="TEXT">TLS</field></shadow></value><value name="propValue"><block type="logic_boolean" id="CB6e@9:eqI*w+4Nxhu;$"><field name="BOOL">FALSE</field></block></value></block></next></block></next></block></statement></block></statement></block></xml>