<xml xmlns="http://www.w3.org/1999/xhtml"><block type="root_block_ui_builder_block_onClassListAssignment_handler" id="fZxa%o=8tmQ+z#K]P3[A" deletable="false" x="20" y="50"><statement name="statements_code"><block type="variables_set" id="]:9ZlOFU}X0Fg@/eWEM)"><field name="VAR">classList</field><value name="VALUE"><block type="lists_create_with" id="^@zNX$|0bUMk+[vs4!:@"><mutation items="1"></mutation><value name="ADD0"><block type="text" id="REW*;v_DFC:N6kM5:U9m"><field name="TEXT">aside__TabContentItem</field></block></value></block></value><next><block type="controls_if" id="A$drxrM)(^,eCSy9^Y#w"><value name="IF0"><block type="logic_compare" id="):w:6DAKcZ[fdzzR+42@"><field name="OP">EQ</field><value name="A"><block type="get_object_property" id="N.mV?5)[`3X3Wg$,Jdkx"><value name="prop_name"><shadow type="text" id="6PYA]:#n}Mc,{%3e,kyi"><field name="TEXT">pageSettings</field></shadow></value><value name="object"><block type="root_block_ui_builder_common__context_blocks_pageData" id="(KK{Ld)l$siYMxzy#n#X" bl_meta="{&quot;label&quot;:&quot;Page Data&quot;}"></block></value></block></value><value name="B"><block type="text" id="XZ;i@T@j3)jhZ0Pz7Mu5"><field name="TEXT">kubernetes</field></block></value></block></value><statement name="DO0"><block type="variables_set" id="kl(c}20+YrYsF).;s=HW"><field name="VAR">classList</field><value name="VALUE"><block type="lists_create_with" id="3+07V,%VOD?i=!0(]sg."><mutation items="2"></mutation><value name="ADD0"><block type="text" id="F}sAJLoIRRqVWyKnA%wt"><field name="TEXT">aside__TabContentItem</field></block></value><value name="ADD1"><block type="text" id="i^}!LT=(^GS{a=Tte|9u"><field name="TEXT">aside__TabContentItem--active</field></block></value></block></value></block></statement></block></next></block></statement><value name="return"><block type="variables_get" id="Jt(2f%yVA^+bI95z6j}m"><field name="VAR">classList</field></block></value></block></xml>