<xml xmlns="http://www.w3.org/1999/xhtml"><block type="root_block_ui_builder_page_onEnter_handler" id="NA%V}q}w9Ts-q9a^TcMd" deletable="false" x="20" y="50"><statement name="statements_code"><block type="custom_js_code" id="6+kgZ_I0J^=WjT_.Ho,V"><mutation output="false"><code>"logClear = false;\nstopFollow = false;"</code></mutation><field name="name">init_custom_logic</field><next><block type="local_storage_delete" id="|*A(9;TCoW]NGogQBaV^"><value name="key"><shadow type="text" id="i.[cN_e]DEn.#YXf5w0t"><field name="TEXT">originLoad</field></shadow></value><next><block type="controls_if" id="IHV_mi!A5TX]N4Ti?F5n"><value name="IF0"><block type="logic_negate" id="^iv*ne5Fgcq]@DFPdA:+"><value name="BOOL"><block type="get_object_property" id=".qmHi8(mZXX7jA6%.ER{"><value name="prop_name"><shadow type="text" id="LA4Exs;e,E=LY#3w$xH}"><field name="TEXT">serviceName</field></shadow></value><value name="object"><block type="root_block_ui_builder_common__context_blocks_pageData" id="U,FyB?iU@)l3[j~6}v$s" bl_meta="{&quot;label&quot;:&quot;Page Data&quot;}"></block></value></block></value></block></value><statement name="DO0"><block type="set_object_property" id="v|_dyK)f1DpJezlO8?DD"><value name="object"><block type="root_block_ui_builder_common__context_blocks_pageData" id="-Ur^vs$#o_Uds,ARr`bT" bl_meta="{&quot;label&quot;:&quot;Page Data&quot;}"></block></value><value name="propName"><shadow type="text" id="N^d+~]fpx%5_G[4;fs`S"><field name="TEXT">serviceName</field></shadow></value><value name="propValue"><block type="text" id="P{jd`liVVNZg.Bc0I:0S"><field name="TEXT">bl-server</field></block></value></block></statement><next><block type="controls_if" id="]glQV5e6h~3{4]kY??J*"><value name="IF0"><block type="logic_negate" id=",dNJIQ8^%1lg}ON$L~Y="><value name="BOOL"><block type="get_object_property" id="*brR..6|mVDu_We,zwZY"><value name="prop_name"><shadow type="text" id="irG(/5v*2pXM]h)N$_g-"><field name="TEXT">logData</field></shadow></value><value name="object"><block type="root_block_ui_builder_common__context_blocks_appData" id="AkSFgpeecnFl)0-85Sx]" bl_meta="{&quot;label&quot;:&quot;App Data&quot;}"></block></value></block></value></block></value><statement name="DO0"><block type="set_object_property" id="|p[:`S#v?^gN`J3JU4Bq"><value name="object"><block type="root_block_ui_builder_common__context_blocks_appData" id="9?iHlN$J7.?-;pNydYE{" bl_meta="{&quot;label&quot;:&quot;App Data&quot;}"></block></value><value name="propName"><shadow type="text" id="avQTR)pcwCt2od*gK5nk"><field name="TEXT">logData</field></shadow></value><value name="propValue"><block type="lists_create_with" id=".Jmx?Rip%%2.AP8;djvL"><mutation items="0"></mutation></block></value><next><block type="set_object_property" id=":8p``8Xt?j1QEu2K9IK4"><value name="object"><block type="root_block_ui_builder_common__context_blocks_appData" id="|K35}[LWM(uE5-3Vli{D" bl_meta="{&quot;label&quot;:&quot;App Data&quot;}"></block></value><value name="propName"><shadow type="text" id="v(.;Wg8R+vROy:sqe]@{"><field name="TEXT">openSocket</field></shadow></value><value name="propValue"><block type="custom_js_code" id="}AQsBHeZ3`{a$;=6U73!"><mutation output="true"><arg arg-name="serviceName"></arg><arg arg-name="logsArray"></arg><code>"const io = await BackendlessUI.requireModule('https://cdn.jsdelivr.net/npm/socket.io-client@4.4.0/dist/socket.io.min.js');\n\n socket = io.connect('http://localhost:5051', { transports : ['websocket'] });\n\n\n  socket.on (`${serviceName}-logs`, function (data) {\n    logsArray.push (data);\n  });\n        \n  socket.emit ('service-logs:subscribe', {\n    \"serviceName\":`${serviceName}`,\n    \"channelName\": `${serviceName}-logs`\n  });\n  \n  return socket\n  \n \n  \n  \n  \n\n  \n  "</code></mutation><field name="name">getSocketIoData</field><value name="serviceName"><block type="get_object_property" id="|6)-db#FDhUM|%?X]}MR"><value name="prop_name"><shadow type="text" id="F]04:NJeKO./I5LWW,3{"><field name="TEXT">serviceName</field></shadow></value><value name="object"><block type="root_block_ui_builder_common__context_blocks_pageData" id="/De_5?-x+j{+VBBfTB=T" bl_meta="{&quot;label&quot;:&quot;Page Data&quot;}"></block></value></block></value><value name="logsArray"><block type="get_object_property" id="T)CX`2MB@e1-m!hcoIOK"><value name="prop_name"><shadow type="text" id="FD(,M0G,0__8N)h7i*.7"><field name="TEXT">logData</field></shadow></value><value name="object"><block type="root_block_ui_builder_common__context_blocks_appData" id="IQ}D-nDks/]Se?1kjAN}" bl_meta="{&quot;label&quot;:&quot;App Data&quot;}"></block></value></block></value></block></value><next><block type="set_object_property" id="MTPP]v#`fq3O/,(MNR[?"><value name="object"><block type="root_block_ui_builder_common__context_blocks_appData" id="2`PE4pP1ATAmZ312ETVb" bl_meta="{&quot;label&quot;:&quot;App Data&quot;}"></block></value><value name="propName"><shadow type="text" id="%#6O]XoqvT-`2z~EY7sK"><field name="TEXT">previousService</field></shadow></value><value name="propValue"><block type="get_object_property" id="Y@I{4:T+S($O{6Q!fup^"><value name="prop_name"><shadow type="text" id="qx]=,$`xv#iwcYgCYMvH"><field name="TEXT">serviceName</field></shadow></value><value name="object"><block type="root_block_ui_builder_common__context_blocks_pageData" id="i!dt{{%vB_@mk@K65vv4" bl_meta="{&quot;label&quot;:&quot;Page Data&quot;}"></block></value></block></value></block></next></block></next></block></statement></block></next></block></next></block></next></block></statement></block></xml>