<xml xmlns="http://www.w3.org/1999/xhtml"><block type="root_block_ui_builder_block_onDynamicItemsAssignment_handler" id="r?0u].4Q1cOsS^~mh`#9" deletable="false" x="20" y="50"><value name="return"><block type="get_object_property" id="_DrlbzfTHMqd~aKhLQX!"><value name="prop_name"><shadow type="text" id="LU?NO,4:7guFwL-=BL%I"><field name="TEXT">statusData</field></shadow></value><value name="object"><block type="root_block_ui_builder_common__context_blocks_appData" id="eJjE_[_jMT/o0778I)*X"></block></value></block></value></block></xml>