<xml xmlns="http://www.w3.org/1999/xhtml"><block type="root_block_ui_builder_block_onClassListAssignment_handler" id="G10fjUnDd7-8P,5?fssU" deletable="false" x="20" y="50"><statement name="statements_code"><block type="variables_set" id="8A/0}LVE3R7*ZzK]SlR+"><field name="VAR">classList</field><value name="VALUE"><block type="lists_create_with" id="|KN1z(DHCG*#{.,jzxZ0"><mutation items="1"></mutation><value name="ADD0"><block type="text" id="v@[lOIF(}`y3Q-6*)9L]"><field name="TEXT">aside__TabContentItem</field></block></value></block></value><next><block type="controls_if" id="U]qgL|y*G0tyyt6y`1m:"><value name="IF0"><block type="logic_compare" id="e]V$a%vV-yZS?*zWP58L"><field name="OP">EQ</field><value name="A"><block type="get_object_property" id="uYnD`zKv^X.@!`:8K2Z7"><value name="prop_name"><shadow type="text" id="$FY+V.I#}M|buMMh+g70"><field name="TEXT">pageConfiguration</field></shadow></value><value name="object"><block type="root_block_ui_builder_common__context_blocks_pageData" id="{6qMX$p*kanS+l6=J.=U" bl_meta="{&quot;label&quot;:&quot;Page Data&quot;}"></block></value></block></value><value name="B"><block type="text" id="pg%FWaNt?bb8t[N^H=kj"><field name="TEXT">mySql</field></block></value></block></value><statement name="DO0"><block type="variables_set" id="kA@bt^+-@Uk@ExLbDi;2"><field name="VAR">classList</field><value name="VALUE"><block type="lists_create_with" id="~.vQk*Q|U!`g9oc^GSK."><mutation items="2"></mutation><value name="ADD0"><block type="text" id="dtDIyZLmKvb*q;9D7?+?"><field name="TEXT">aside__TabContentItem</field></block></value><value name="ADD1"><block type="text" id="L5*PvcWm)!X!j[2.GXXw"><field name="TEXT">aside__TabContentItem--active</field></block></value></block></value></block></statement></block></next></block></statement><value name="return"><block type="variables_get" id=")^qzSjHmsC,%l=ix33:K"><field name="VAR">classList</field></block></value></block></xml>