<xml xmlns="http://www.w3.org/1999/xhtml"><block type="root_block_ui_builder_button_onClick_handler" id="e67Z;mvaF[b.JQa@JSi-" deletable="false" x="20" y="50"><statement name="statements_code"><block type="text_print" id="cK:(^|)Fj}[fzk1)n+}A"><value name="TEXT"><shadow type="text" id="!Sw2jr;ZjwIpVp{F2Qmz"><field name="TEXT">abc</field></shadow></value><next><block type="component_action_block_app_router_goto_page" id="X,nfqO(}jk??gfD,,qC~"><value name="pageName"><shadow type="text" id="]^;,_pj,#1SogO*ckW}_"><field name="TEXT">test</field></shadow></value></block></next></block></statement></block></xml>