<xml xmlns="http://www.w3.org/1999/xhtml"><block type="root_block_ui_builder_text_onClassListAssignment_handler" id="h=Keg(,$ASxS;i3Mz09K" deletable="false" x="20" y="50"><statement name="statements_code"><block type="variables_set" id="KwtYQbuU`1Hs_IMOD;qQ"><field name="VAR">classList</field><value name="VALUE"><block type="lists_create_with" id="jwsPYF8g(P{%jmSC.|q_"><mutation items="1"></mutation><value name="ADD0"><block type="text" id="O|xlqy,!H@P9w9=Tm3Ee"><field name="TEXT">ServerStatus__BtnIconStart</field></block></value></block></value><next><block type="controls_if" id="26W=CdN(;kz~7zg-{]rB"><value name="IF0"><block type="logic_compare" id="IhR:pthXmb02=e?nFg~4"><field name="OP">EQ</field><value name="A"><block type="get_object_property" id="%wehC@u}~%mYl*48!vOq" inline="false"><value name="prop_name"><shadow type="text" id="^]=AS+*b{v(B%v}XchV_"><field name="TEXT">status</field></shadow></value><value name="object"><block type="root_block_ui_builder_common__context_blocks_e9118d25f3628ca2aa41dd74e6510651_data" id="[/[tuAei!-(L~wePk;Zy"></block></value></block></value><value name="B"><block type="text" id="d/!be)JPJz-8d6V1P8jG"><field name="TEXT">stopped</field></block></value></block></value><statement name="DO0"><block type="variables_set" id="PARK67|BtDFDzV(GNKvz"><field name="VAR">classList</field><value name="VALUE"><block type="lists_create_with" id="46d4]W2^o;|^opEo{G7H"><mutation items="1"></mutation><value name="ADD0"><block type="text" id="[t^e(+8HAm5{b(gKK4w5"><field name="TEXT">ServerStatus__BtnIconStart--active</field></block></value></block></value></block></statement></block></next></block></statement><value name="return"><block type="variables_get" id="z%t7?R^F1MeVO%_`FU]b"><field name="VAR">classList</field></block></value></block></xml>