<xml xmlns="http://www.w3.org/1999/xhtml"><block type="root_block_ui_builder_text_onClassListAssignment_handler" id="5IlDv;P|87)uj5HiO%,N" deletable="false" x="20" y="50"><statement name="statements_code"><block type="variables_set" id="..rQ3e7i9+!)hD[o~;lo"><field name="VAR">classList</field><value name="VALUE"><block type="lists_create_with" id="~*G2O1w3l$H^_D.nBOnA"><mutation items="1"></mutation><value name="ADD0"><block type="text" id="+Rb|JIo-n$TMJvegzinE"><field name="TEXT">ServerLogs__ControlsIcon</field></block></value></block></value><next><block type="controls_if" id="Sx^a~`3`Xd$dPX:xeRdy"><value name="IF0"><block type="get_object_property" id="vJTb.ME`6[~A@g:l*W/r"><value name="prop_name"><shadow type="text" id="MXrd{[oBMncA;09#U[Ho"><field name="TEXT">statusData</field></shadow></value><value name="object"><block type="root_block_ui_builder_common__context_blocks_cc6c067e2b46da2502deb333245ebfc6_data" id="|u/Ebdg/pd_D.2OO8oO@" bl_meta="{&quot;label&quot;:&quot;\&quot;ServerLogs controls\&quot; Data&quot;}"></block></value></block></value><statement name="DO0"><block type="variables_set" id="n*(cC4Dt{}zPw?={y3Q,"><field name="VAR">currentService</field><value name="VALUE"><block type="list_filter_items" id="j@bze=52TMcHIH^rIF`l"><field name="item">service</field><value name="list"><block type="get_object_property" id="uDfh){[8rn6Ge^~)U^ft"><value name="prop_name"><shadow type="text" id="qkB?N^$a@1)%%?Zye/V]"><field name="TEXT">statusData</field></shadow></value><value name="object"><block type="root_block_ui_builder_common__context_blocks_cc6c067e2b46da2502deb333245ebfc6_data" id="6}PayU:1.{rm05u+6p_!" bl_meta="{&quot;label&quot;:&quot;\&quot;ServerLogs controls\&quot; Data&quot;}"></block></value></block></value><value name="returnCode"><block type="logic_compare" id="cy!TYfu/sz-p2oS;-=3v"><field name="OP">EQ</field><value name="A"><block type="get_object_property" id="e{.X)x`8;uwbbO3t8yQC" inline="false"><value name="prop_name"><shadow type="text" id="ofpZhy$F-fOkEYWuk!Rq"><field name="TEXT">name</field></shadow></value><value name="object"><block type="variables_get" id="yYYgG*:tsaVLi+y;WR%q"><field name="VAR">service</field></block></value></block></value><value name="B"><block type="get_object_property" id=",EC$H}10ner{A)JX_[.(" inline="false"><value name="prop_name"><shadow type="text" id="x5A8h$J$#JR]X4,)jjRC"><field name="TEXT">serviceName</field></shadow></value><value name="object"><block type="root_block_ui_builder_common__context_blocks_pageData" id="5O;)GCYvC~:1Toyqp_.E" bl_meta="{&quot;label&quot;:&quot;Page Data&quot;}"></block></value></block></value></block></value></block></value><next><block type="variables_set" id="ia,R+j?Vbc#:5L`Iik*-"><field name="VAR">currentStatus</field><value name="VALUE"><block type="get_object_property" id="4hmDF0=pF_Cee;IKrI%K"><value name="prop_name"><shadow type="text" id="VUI1#pg~*Jzx2Bhs[F$z"><field name="TEXT">status</field></shadow></value><value name="object"><block type="lists_getIndex" id="nxpFXi|k}@nB!fh5gI6%"><mutation statement="false" at="false"></mutation><field name="MODE">GET</field><field name="WHERE">FIRST</field><value name="VALUE"><block type="variables_get" id="biFfWuv@DODl)(G4-+-9"><field name="VAR">currentService</field></block></value></block></value></block></value><next><block type="controls_if" id="rGdqq-Il]Z$C|7fzg=6?"><value name="IF0"><block type="logic_compare" id="2da`(9W;Ld)CTu-Iv?$S"><field name="OP">EQ</field><value name="A"><block type="variables_get" id="T|uB|aD{Bl4z~xjc2vyN"><field name="VAR">currentStatus</field></block></value><value name="B"><block type="text" id="YExiSf|RG{jB8Rs=:O+x"><field name="TEXT">running</field></block></value></block></value><statement name="DO0"><block type="variables_set" id="ystU3j}LG]MU6~~}%~$("><field name="VAR">classList</field><value name="VALUE"><block type="lists_create_with" id="H38rLLKL{ALM}e?^rpnM"><mutation items="2"></mutation><value name="ADD0"><block type="text" id="-ooCr/jUuo%,/_rf}zJ}"><field name="TEXT">ServerLogs__ControlsIcon</field></block></value><value name="ADD1"><block type="text" id="~QB#5e)0`i5F=fKbc3z*"><field name="TEXT">ServerLogs__ControlsIconRunning</field></block></value></block></value></block></statement><next><block type="controls_if" id="j$x+q1J^R[%w3T{oIU//"><value name="IF0"><block type="logic_compare" id="q[Vu6]C$WBExSexQ80{p"><field name="OP">EQ</field><value name="A"><block type="variables_get" id="1#/VclNHPs6^?{Tq)QzC"><field name="VAR">currentStatus</field></block></value><value name="B"><block type="text" id="`zy%L!pD0m)z3vwBD6]j"><field name="TEXT">stopped</field></block></value></block></value><statement name="DO0"><block type="variables_set" id="DeBJScv3:KcfAi[KRp2n"><field name="VAR">classList</field><value name="VALUE"><block type="lists_create_with" id="kseg9XOqT1,xo^ttvBSE"><mutation items="2"></mutation><value name="ADD0"><block type="text" id="BOmj%a+J~z~]-z3-^f{J"><field name="TEXT">ServerLogs__ControlsIcon</field></block></value><value name="ADD1"><block type="text" id="/uN)q@32ML(.m]gY5-hB"><field name="TEXT">ServerLogs__ControlsIconStopped</field></block></value></block></value></block></statement><next><block type="controls_if" id="ZZe)vS%I!d)F;p$!$5ia"><value name="IF0"><block type="logic_compare" id="M$u^o6rE71c5Lb0[IhI5"><field name="OP">EQ</field><value name="A"><block type="variables_get" id="E%;~$T,}*Ja`u@bD(T5E"><field name="VAR">currentStatus</field></block></value><value name="B"><block type="text" id="=9ssBL`uCC[@D@,Q!8h-"><field name="TEXT">notInstalled</field></block></value></block></value><statement name="DO0"><block type="variables_set" id="`X$g4+wj=Tl,T7vL}OnN"><field name="VAR">classList</field><value name="VALUE"><block type="lists_create_with" id="STW}b#7E*N:%.!zt}CaG"><mutation items="2"></mutation><value name="ADD0"><block type="text" id="L7|lqnRvFiiZ%ZrF18|C"><field name="TEXT">ServerLogs__ControlsIcon</field></block></value><value name="ADD1"><block type="text" id="Vs-wCQS^U!PgQ^IV0mCA"><field name="TEXT">ServerLogs__ControlsIconNotinstalled</field></block></value></block></value></block></statement><next><block type="controls_if" id="f50J9!/tqot*uQ+}.K#i"><value name="IF0"><block type="logic_compare" id="#0d%mM*tUC./6@ORC{-H"><field name="OP">EQ</field><value name="A"><block type="variables_get" id="zoudfGbA*RgZfzQ[{Q|#"><field name="VAR">currentStatus</field></block></value><value name="B"><block type="text" id="s*gL|qPheoeXT$_-JNpp"><field name="TEXT">complete</field></block></value></block></value><statement name="DO0"><block type="variables_set" id="=^%55AB0{!Dx$xVPqv3z"><field name="VAR">classList</field><value name="VALUE"><block type="lists_create_with" id="@YY;]A.^(rj-)J!;1CsK"><mutation items="2"></mutation><value name="ADD0"><block type="text" id=":B*!XX+ExyCnwO9/8J#-"><field name="TEXT">ServerLogs__ControlsIcon</field></block></value><value name="ADD1"><block type="text" id="OVi_I)in-W#.hX/+qP=N"><field name="TEXT">ServerLogs__ControlsIconComplete</field></block></value></block></value></block></statement><next><block type="controls_if" id="O5Jim+$J7Lf`9j+XC8HK"><value name="IF0"><block type="logic_compare" id="{m^fDZ@Zm`xfU)t06;-9"><field name="OP">EQ</field><value name="A"><block type="variables_get" id="sS2u$JBc-{jRD]u/Tt[F"><field name="VAR">currentStatus</field></block></value><value name="B"><block type="text" id="UaPfRcm;1ut9InpnD5ZS"><field name="TEXT">changing</field></block></value></block></value><statement name="DO0"><block type="variables_set" id="[be/+h9_P?yD*el2HX9v"><field name="VAR">classList</field><value name="VALUE"><block type="lists_create_with" id="K[oUF5}YS~2|7kJq5[8h"><mutation items="2"></mutation><value name="ADD0"><block type="text" id="n(^AY0B7WoXAOc|}eSTb"><field name="TEXT">ServerLogs__ControlsIcon</field></block></value><value name="ADD1"><block type="text" id="dH}qZ=F~~*`S*Xa?oA13"><field name="TEXT">ServerLogs__ControlsIconChanging</field></block></value></block></value></block></statement></block></next></block></next></block></next></block></next></block></next></block></next></block></statement></block></next></block></statement><value name="return"><block type="variables_get" id="1i?cuC})LUE2_K0azaD#"><field name="VAR">classList</field></block></value></block></xml>