<xml xmlns="http://www.w3.org/1999/xhtml"><block type="root_block_ui_builder_icon_onClick_handler" id="m!7PtS0Jwc$5}Aa3fFZ6" deletable="false" x="20" y="50"><statement name="statements_code"><block type="set_object_property" id="gq]i4W3$_t3trJjnvgaF"><value name="object"><block type="ui_common_blocks__get_component_data_style" id="_^,M^NFFqi.f!i{-R0k%" bl_meta="{&quot;label&quot;:&quot;Get component style&quot;}"><field name="componentUid">'1744db9f250d6ba85e3435fc3be3660e'</field></block></value><value name="propName"><shadow type="text" id="t$Kok,mv|WJ?!GU!=CXs"><field name="TEXT">visibility</field></shadow></value><value name="propValue"><block type="text" id="F0P1u-2PHj]V3BSh?|:o"><field name="TEXT">hidden</field></block></value><next><block type="set_object_property" id="rw_gBWNwdz7C9YaUMt7P"><value name="object"><block type="ui_common_blocks__get_component_data_style" id="%K[e2c7h9/J/ccu{i_k6" bl_meta="{&quot;label&quot;:&quot;Get component style&quot;}"><field name="componentUid">'1744db9f250d6ba85e3435fc3be3660e'</field></block></value><value name="propName"><shadow type="text" id="g)bl93q3JgB:YXR]T2GL"><field name="TEXT">opacity</field></shadow></value><value name="propValue"><block type="math_number" id="?}M4vG6ty-@DY*_$k1y1"><field name="NUM">0</field></block></value><next><block type="ui_common_blocks__toggle_component_visibility" id="np2w*Ot_(Mlzys;65CxK" bl_meta="{&quot;label&quot;:&quot;Toggle component visibility&quot;}"><field name="componentUid">'d50a1aa5921ba06c583457a897f2a8f7'</field><value name="visible"><block type="logic_boolean" id="A0yv%d?2#%mtcJA[yBiE"><field name="BOOL">FALSE</field></block></value><next><block type="custom_js_code" id="1n=B%1IBuJ(u{^yye8TD"><mutation output="false"><code>"const body = document.querySelector('body');\nbody.style.overflow = 'auto';"</code></mutation><field name="name">showScrollbar</field></block></next></block></next></block></next></block></statement></block></xml>