<xml xmlns="http://www.w3.org/1999/xhtml"><block type="root_block_ui_builder_file-uploader-button_onBeforeUpload_handler" id="^HZHh6]^jH~+o]0;1Q/9" deletable="false" x="20" y="50"><statement name="statements_code"><block type="set_object_property" id="shWjL}N{lQuL^:tAP*Bu" disabled="true"><value name="object"><block type="root_block_ui_builder_common__context_blocks_c285fdb7425cfedb989a67dd73e1e756_data" id="hng=YAr8+`W|8.x5TZ:1" bl_meta="{&quot;label&quot;:&quot;\&quot;ForrmCert\&quot; Data&quot;}"></block></value><value name="propName"><shadow type="text" id="{KsR`^:L3[zKw:V$)(mc"><field name="TEXT">crtFile</field></shadow></value><value name="propValue"><block type="lists_getIndex" id="PN2~y;9_#Li]vm1fsUGI"><mutation statement="false" at="false"></mutation><field name="MODE">GET</field><field name="WHERE">FIRST</field><value name="VALUE"><block type="root_block_ui_builder_file-uploader-button_onBeforeUpload_handler_context_blocks_files" id="G/AfSK:m6[Ub^[QlA2]O" bl_meta="{&quot;label&quot;:&quot;Files&quot;}"></block></value></block></value><next><block type="throw_error" id="f%UXP17FAwsvOd4g_.8{" disabled="true"><value name="error"><shadow type="new_error" id="x##yLWICReXTWH2k!PHk"><value name="message"><shadow type="text" id="|,.:s,63Jh|^a4AB_q4p"><field name="TEXT">stop</field></shadow></value></shadow></value></block></next></block></statement></block></xml>