<xml xmlns="http://www.w3.org/1999/xhtml"><block type="root_block_ui_builder_file-uploader-button_onUploadSuccess_handler" id="=D12Du@b%or]q]H]7aBr" deletable="false" x="20" y="50"><statement name="statements_code"><block type="text_print" id="7@-/9]F2q{AWCnOQfret"><value name="TEXT"><shadow type="text" id="LBa}8W%dy64PNA=Z:+35"><field name="TEXT">abc</field></shadow><block type="root_block_ui_builder_file-uploader-button_onUploadSuccess_handler_context_blocks_uploadedFiles" id="0F7fC25JT#R}o4ssiUkl" bl_meta="{&quot;label&quot;:&quot;Uploaded Files&quot;}"></block></value></block></statement></block></xml>