<xml xmlns="http://www.w3.org/1999/xhtml"><block type="root_block_ui_builder_page_onEnter_handler" id="TifqbLo32tWEZ#jB:A_+" deletable="false" x="20" y="50"><statement name="statements_code"><block type="local_storage_delete" id="|*A(9;TCoW]NGogQBaV^"><value name="key"><shadow type="text" id="i.[cN_e]DEn.#YXf5w0t"><field name="TEXT">originLoad</field></shadow></value><next><block type="try_catch" id="8|=vJ_`9^(H-/OR+j=08"><statement name="try"><block type="variables_set" id="MBvvSPyFBawAJt2v9M?0"><field name="VAR">statusInit</field><value name="VALUE"><block type="codeless_function_block_696a14dd8d2f85be7023c2c4441a65a5" id="l^@Ue@3dmtf{qXfqM|`L" bl_meta="{&quot;fn&quot;:&quot;ProManagerAPI&quot;,&quot;label&quot;:&quot;Custom Function - ProManagerAPI&quot;}"><mutation has_output="true"></mutation><field name="connections_toggler">TRUE</field><value name="method"><block type="text" id="(`zgokY;T)(|U(@S-r#9"><field name="TEXT">get</field></block></value><value name="path"><block type="text" id="%o!7KAd,,dOQUW:ub5is"><field name="TEXT">/install/status</field></block></value></block></value><next><block type="variables_set" id="Z6b~mm?ogs~n=udo2DM]"><field name="VAR">pollingIntervalMS</field><value name="VALUE"><block type="get_object_property" id=":1oXzB!?-Adx:=$]8CVW"><value name="prop_name"><shadow type="text" id="xsX?*W1V5}*+x`7@m:QV"><field name="TEXT">pollingIntervalMS</field></shadow></value><value name="object"><block type="http_request" id="kK/1;szaWAo+2`;rjF3:"><mutation has_output="true"></mutation><field name="encoding">'utf8'</field><field name="connections_toggler">TRUE</field><value name="method"><shadow type="http_request_method" id="^W[3vT01):jl5HK}Y~BU"><field name="method">get</field></shadow></value><value name="path"><shadow type="text" id="R(s@gpI_}}*S,EQ_g?*L"><field name="TEXT"></field></shadow><block type="text_join" id="^gaCJ~I@Jx-Kvu*fBO/z"><mutation items="2"></mutation><value name="ADD0"><block type="get_object_property" id="HQS;[$qvj20!6;ysd*t1" inline="false"><value name="prop_name"><shadow type="text" id="{]{1.g(KrZ8zoop{}`Pm"><field name="TEXT">origin</field></shadow></value><value name="object"><block type="ui_dynamic_category__device-api__get_window_location" id="oQ{[#9t7:1O6xf-l$7nz" bl_meta="{&quot;label&quot;:&quot;Dynamic Block: Get Window Location&quot;}"></block></value></block></value><value name="ADD1"><block type="text" id="Vh.vlb~V.8Q5b3D{U]gd"><field name="TEXT">/settings.json</field></block></value></block></value></block></value></block></value><next><block type="controls_if" id="E2CgHPZZ:}Ho#FO]cHtq"><value name="IF0"><block type="logic_negate" id="qgU5Bf=?s`X8L?K;mB^."><value name="BOOL"><block type="is_type" id="BH}IxW{u9W/X0B`[CCd/"><field name="checker">number</field><value name="object"><block type="variables_get" id="y2}mZ5`KY$h[orWzeQz8"><field name="VAR">pollingIntervalMS</field></block></value></block></value></block></value><statement name="DO0"><block type="variables_set" id="b*a)iPL5k6Y#l,4}][Gm"><field name="VAR">pollingIntervalMS</field><value name="VALUE"><block type="math_number" id=":C7M,V(Jc:f2Ti#Zm@SF"><field name="NUM">2000</field></block></value></block></statement></block></next></block></next></block></statement><statement name="catch"><block type="set_object_property" id="4HDw.yUGuS!=p/3_}gT("><value name="object"><block type="root_block_ui_builder_common__context_blocks_pageData" id="NaYC|Sd=tIZ6Va{qu+eG" bl_meta="{&quot;label&quot;:&quot;Page Data&quot;}"></block></value><value name="propName"><shadow type="text" id="QBN*QspVHTm6;K6[sfz:"><field name="TEXT">status</field></shadow></value><value name="propValue"><block type="get_object_property" id="%rQy/(gbSd_uSReD3.Q%"><value name="prop_name"><shadow type="text" id="}16h7HDxTU^5?}|]6xQ4"><field name="TEXT">message</field></shadow></value><value name="object"><block type="variables_get" id="6liY=W@Y-av!!W-gJ2t`"><field name="VAR">error</field></block></value></block></value><next><block type="immediate_return" id="gXb3G.x];-q!;,y024:U"><value name="value"><block type="logic_boolean" id="v9-;O|o7!(O3Q5x*Smpf"><field name="BOOL">FALSE</field></block></value></block></next></block></statement><next><block type="controls_if" id="M3@xx5{]EXP}RLO,~h(n"><value name="IF0"><block type="logic_negate" id="~T@CT]hog!VDnpHc.#(!"><value name="BOOL"><block type="get_object_property" id="G?9K#eP6)E{a*D#$%Nw7"><value name="prop_name"><shadow type="text" id="3S?04[:%=q+H8v2r?DK^"><field name="TEXT">servicesCreated</field></shadow></value><value name="object"><block type="variables_get" id="1ip2AqA]tfhLh2[Dj8#U"><field name="VAR">statusInit</field></block></value></block></value></block></value><statement name="DO0"><block type="controls_if" id="dWlvR{1m?3Oc(9CDCFj6"><value name="IF0"><block type="logic_compare" id=";(x{WEon7jAVD4=AOu(J"><field name="OP">EQ</field><value name="A"><block type="get_object_property" id="w%u1]P7#8J~]=Fgk4/Tc"><value name="prop_name"><shadow type="text" id="3%6)L/s$W4*LMH[M-N`C"><field name="TEXT">level</field></shadow></value><value name="object"><block type="lists_getIndex" id="*x5[UofI4To=,gh:R9vD"><mutation statement="false" at="false"></mutation><field name="MODE">GET</field><field name="WHERE">LAST</field><value name="VALUE"><block type="get_object_property" id="YIqIY;[hd2C2?|og#ODX"><value name="prop_name"><shadow type="text" id="nXtm#,.P[?Udy+WMw,zj"><field name="TEXT">messages</field></shadow></value><value name="object"><block type="variables_get" id="8V$;/0j{5(mAQ,q7Uu?#"><field name="VAR">statusInit</field></block></value></block></value></block></value></block></value><value name="B"><block type="text" id="=G9bxE,ng0*CO0#Oh,rh"><field name="TEXT">error</field></block></value></block></value><statement name="DO0"><block type="set_object_property" id="+VvwW}[#R8+y:Xt/HgA-"><value name="object"><block type="root_block_ui_builder_common__context_blocks_pageData" id="2[Nq@O9x]#.eR2oQM!cN" bl_meta="{&quot;label&quot;:&quot;Page Data&quot;}"></block></value><value name="propName"><shadow type="text" id="vVjXWtVwW!N$]B.-a]7a"><field name="TEXT">status</field></shadow></value><value name="propValue"><block type="get_object_property" id="%Vp_UK]Ig(:*{:-PHZj."><value name="prop_name"><shadow type="text" id="t[[dvd3lBHo}^l}J4L4Z"><field name="TEXT">message</field></shadow></value><value name="object"><block type="lists_getIndex" id="fzm,~0xd+`M?=R=T{;Ua"><mutation statement="false" at="false"></mutation><field name="MODE">GET</field><field name="WHERE">LAST</field><value name="VALUE"><block type="get_object_property" id="TJw8N-73fM1])]L7cFPR"><value name="prop_name"><shadow type="text" id="csid!5-uIa_t,*#Sn,dO"><field name="TEXT">messages</field></shadow></value><value name="object"><block type="variables_get" id="O;n2GdcOc0ML|_]R##yd"><field name="VAR">statusInit</field></block></value></block></value></block></value></block></value><next><block type="immediate_return" id="KXcL|?-+F_Z@Pc0;Z`u9"><value name="value"><block type="logic_boolean" id="*AnmC19ta|Khb1+CTIb["><field name="BOOL">FALSE</field></block></value></block></next></block></statement><next><block type="set_object_property" id="I`vC|I2)#Fc6w..U*,]4"><value name="object"><block type="root_block_ui_builder_common__context_blocks_pageData" id=".XbN7$s[j[ta][/L-aLw" bl_meta="{&quot;label&quot;:&quot;Page Data&quot;}"></block></value><value name="propName"><shadow type="text" id="7|qb@DX0:V%YE6IA7~;K"><field name="TEXT">status</field></shadow></value><value name="propValue"><block type="get_object_property" id="9/9Le8=XJ=x35iGEtaks"><value name="prop_name"><shadow type="text" id="=Wf@RMX[,HOq(6?WAGNa"><field name="TEXT">message</field></shadow></value><value name="object"><block type="lists_getIndex" id="6Q|N?:hF7dp49c~w[^H1"><mutation statement="false" at="false"></mutation><field name="MODE">GET</field><field name="WHERE">LAST</field><value name="VALUE"><block type="get_object_property" id="u`l@xNb+@R}2e{[_S/V^"><value name="prop_name"><shadow type="text" id="ChKtYeX9j[%t[|Ltt)e4"><field name="TEXT">messages</field></shadow></value><value name="object"><block type="variables_get" id="])QxO?4*r8a!X(O4sO/9"><field name="VAR">statusInit</field></block></value></block></value></block></value></block></value></block></next></block></statement><next><block type="ui_common_blocks__set_component_dynamic_list_items" id="uR]4Njg27.Co)8imL#[:" bl_meta="{&quot;label&quot;:&quot;Set component repeater data&quot;}"><field name="componentUid">'2a8169ce2ece7aa3c82531ac7feaa238'</field><value name="listItems"><block type="get_object_property" id="Ba$xS.Y(Tp,L[!FIyH#|"><value name="prop_name"><shadow type="text" id="AbPIk8X_v5Z^Rwh6rKQ;"><field name="TEXT">messages</field></shadow></value><value name="object"><block type="variables_get" id="tI}AG4i+LE,^iHT6vXhz"><field name="VAR">statusInit</field></block></value></block></value><next><block type="set_interval" id="?ucacb/x)/e|nlPABWB{"><value name="delay"><shadow type="math_number" id="q_n33|cl{_lJ|Al$*1+V"><field name="NUM">0</field></shadow><block type="variables_get" id="+-pMgF:Gn}+i]=qeNGs("><field name="VAR">pollingIntervalMS</field></block></value><value name="timerId"><shadow type="text" id=",4YhUvZ;xZ(UsH97|YCH"><field name="TEXT">timer</field></shadow></value><statement name="callback"><block type="try_catch" id="MWV.jtdfIKFmmQA!2}*U"><statement name="try"><block type="variables_set" id="V-hxL4EhH1_)#W`P7T^h"><field name="VAR">statusInit</field><value name="VALUE"><block type="codeless_function_block_696a14dd8d2f85be7023c2c4441a65a5" id="Gj8%/MOxe;m$](`V5m9E" bl_meta="{&quot;fn&quot;:&quot;ProManagerAPI&quot;,&quot;label&quot;:&quot;Custom Function - ProManagerAPI&quot;}"><mutation has_output="true"></mutation><field name="connections_toggler">TRUE</field><value name="method"><block type="text" id="YLs.SI$(js=[hrJw%G6i"><field name="TEXT">get</field></block></value><value name="path"><block type="text" id="#7Z*rb#1rQhSRCe19lfn"><field name="TEXT">/install/status</field></block></value></block></value><next><block type="set_object_property" id="^b2^U$(I{71GcCh_y4[!"><value name="object"><block type="root_block_ui_builder_common__context_blocks_pageData" id="ac%tl].2r-FJ^;btHNlO" bl_meta="{&quot;label&quot;:&quot;Page Data&quot;}"></block></value><value name="propName"><shadow type="text" id="!FOfaCcd[2X8L@?.?Ut*"><field name="TEXT">status</field></shadow></value><value name="propValue"><block type="get_object_property" id="!zX$E$3fS0fDyz]B*]o3"><value name="prop_name"><shadow type="text" id="Rbg{/ISOHL!.`tC{_yva"><field name="TEXT">message</field></shadow></value><value name="object"><block type="lists_getIndex" id="6)MxB))jkN$pQnUus1?^"><mutation statement="false" at="false"></mutation><field name="MODE">GET</field><field name="WHERE">LAST</field><value name="VALUE"><block type="get_object_property" id="q`%-Vt`K#trG(@%ek{}8"><value name="prop_name"><shadow type="text" id="*aZy.F-xdTYec8ocN?Q#"><field name="TEXT">messages</field></shadow></value><value name="object"><block type="variables_get" id="Hk|l85w}UACyGbU50u_d"><field name="VAR">statusInit</field></block></value></block></value></block></value></block></value><next><block type="ui_common_blocks__set_component_dynamic_list_items" id="*e)uX0{`~v9!;1Hp|8.a" bl_meta="{&quot;label&quot;:&quot;Set component repeater data&quot;}"><field name="componentUid">'2a8169ce2ece7aa3c82531ac7feaa238'</field><value name="listItems"><block type="get_object_property" id="9G/i!ci?gP#lc2/J1NZJ"><value name="prop_name"><shadow type="text" id="HPsWdiRFuXlbsAn}N9zb"><field name="TEXT">messages</field></shadow></value><value name="object"><block type="variables_get" id="PxIK?|=S6,YrzDSfTuCB"><field name="VAR">statusInit</field></block></value></block></value><next><block type="controls_if" id="Va$t:FtmBm-/Yv^~,aqY"><value name="IF0"><block type="get_object_property" id="wI0|5kNg4~HUK:0IV#(}"><value name="prop_name"><shadow type="text" id="W-(W*Yp*T*ti(%L;)SDK"><field name="TEXT">servicesCreated</field></shadow></value><value name="object"><block type="variables_get" id="|m/}F6r0kz0G]YcZ4Lwi"><field name="VAR">statusInit</field></block></value></block></value><statement name="DO0"><block type="clear_interval" id="}CmCw9Y$5[:Gig|6En4-"><value name="timerId"><shadow type="text" id="D@}{{}QT7dY3+fR{bX@d"><field name="TEXT">timer</field></shadow></value><next><block type="ui_common_blocks__toggle_component_visibility" id="$H+lgiL4A/=W62a*B2ix" bl_meta="{&quot;label&quot;:&quot;Toggle component visibility&quot;}"><field name="componentUid">'88ffdb181f515ee98ee96741d0768c1d'</field><value name="visible"><block type="logic_boolean" id="^_`twI)]~s/MvLPbM#_#"><field name="BOOL">FALSE</field></block></value><next><block type="ui_common_blocks__toggle_component_visibility" id="{M/C(U59~5ai%mgL4Xc7" bl_meta="{&quot;label&quot;:&quot;Toggle component visibility&quot;}"><field name="componentUid">'6ec49b615f364fc25ba12557e2fb8e0f'</field><value name="visible"><block type="logic_boolean" id="ZpF(jaBag*S(F/CH+uvN"><field name="BOOL">TRUE</field></block></value></block></next></block></next></block></statement></block></next></block></next></block></next></block></statement><statement name="catch"><block type="set_object_property" id="[RSRHS%xqGr?$.0:GB(3"><value name="object"><block type="root_block_ui_builder_common__context_blocks_pageData" id="7z2lW*pe1acKwaC7AECo" bl_meta="{&quot;label&quot;:&quot;Page Data&quot;}"></block></value><value name="propName"><shadow type="text" id="`x(C[LDbmSq@/-.a8g16"><field name="TEXT">status</field></shadow></value><value name="propValue"><block type="get_object_property" id="Wm`d=C!?ayQI=-4kdjq="><value name="prop_name"><shadow type="text" id="kvH0nto8DNiYT.?$9wYN"><field name="TEXT">message</field></shadow></value><value name="object"><block type="variables_get" id="UC0b/PPB)X8-dJ}c)DyZ"><field name="VAR">error</field></block></value></block></value></block></statement></block></statement></block></next></block></next></block></next></block></next></block></statement></block></xml>