<xml xmlns="http://www.w3.org/1999/xhtml"><block type="root_block_ui_builder_block_onClick_handler" id="pME/zEo|T%`oeuiA:rW@" deletable="false" x="20" y="50"><statement name="statements_code"><block type="controls_if" id="xa)~nH#1W}HqkGI{A!Cg"><value name="IF0"><block type="logic_compare" id="9cji!5*Vb5t]R$1/w+8_" inline="false"><field name="OP">EQ</field><value name="A"><block type="get_object_property" id="I5r4cyQCwVyfioNM(.30"><value name="prop_name"><shadow type="text" id="+Vg(%oMUQKZ.bwwXz[5J"><field name="TEXT">target</field></shadow></value><value name="object"><block type="root_block_ui_builder_block_onClick_handler_context_blocks_event" id="9HPXFW~i.]w%/4}d]jhU" bl_meta="{&quot;label&quot;:&quot;Event&quot;}"></block></value></block></value><value name="B"><block type="get_object_property" id="|`#=}9OiKYUGWk6MJ%Q8" inline="false"><value name="prop_name"><shadow type="text" id="|gP}$V0kj[=^Jhi@Sos6"><field name="TEXT">el</field></shadow></value><value name="object"><block type="ui_common_blocks__get_component_by_id" id="nK)DK|N;ZISvSm?TB[m7" bl_meta="{&quot;label&quot;:&quot;Get component by id&quot;}"><field name="componentUid">'1744db9f250d6ba85e3435fc3be3660e'</field></block></value></block></value></block></value><statement name="DO0"><block type="set_object_property" id="]A3c(C%:,6q%9BjVX8am"><value name="object"><block type="ui_common_blocks__get_component_data_store" id="!BYCiyyZlfM2R6)9g[a[" bl_meta="{&quot;label&quot;:&quot;Get component data store&quot;}"><field name="componentUid">'b4398d5c0048d80587b9664d8f5eac11'</field></block></value><value name="propName"><shadow type="text" id="osrb^$0umET+L%|OWvC8"><field name="TEXT">userName</field></shadow></value><value name="propValue"><block type="text" id="Z1Nl!MktyclZGPyjE5Ha"><field name="TEXT"></field></block></value><next><block type="set_object_property" id="Tn+2tz27+lmYSZLfQJ[b"><value name="object"><block type="ui_common_blocks__get_component_data_store" id="d5M}G@ECe4lbRR|Cy8l)" bl_meta="{&quot;label&quot;:&quot;Get component data store&quot;}"><field name="componentUid">'b4398d5c0048d80587b9664d8f5eac11'</field></block></value><value name="propName"><shadow type="text" id="P?$h8!py,X6$Co#?Q}So"><field name="TEXT">password</field></shadow></value><value name="propValue"><block type="text" id=",dCCn|;yQXl(;uI.7JYd"><field name="TEXT"></field></block></value><next><block type="set_object_property" id="4R8+Bysk$m7?9vBw8X$l"><value name="object"><block type="ui_common_blocks__get_component_data_store" id="m6-=)gEG0$bpeY.RK,:S" bl_meta="{&quot;label&quot;:&quot;Get component data store&quot;}"><field name="componentUid">'b4398d5c0048d80587b9664d8f5eac11'</field></block></value><value name="propName"><shadow type="text" id="UJh1=WLzM}V5|{ie=f`A"><field name="TEXT">confirmPassword</field></shadow></value><value name="propValue"><block type="text" id="F8S};N4()gT!vl1={udw"><field name="TEXT"></field></block></value><next><block type="set_object_property" id="2!((OxQOqLNT/iuZFX50"><value name="object"><block type="ui_common_blocks__get_component_data_style" id="k`y}{c=M~$G?i:t9uvZM" bl_meta="{&quot;label&quot;:&quot;Get component style&quot;}"><field name="componentUid">'1744db9f250d6ba85e3435fc3be3660e'</field></block></value><value name="propName"><shadow type="text" id="qWRgtX]ko~(k[-#C8+_Y"><field name="TEXT">visibility</field></shadow></value><value name="propValue"><block type="text" id=";jlo/Psr^hfScu]]pL^y"><field name="TEXT">hidden</field></block></value><next><block type="set_object_property" id="6kGS3s~)swAhL~Qqbt{G"><value name="object"><block type="ui_common_blocks__get_component_data_style" id="r0~t}Ks`VO`17^e8m:%a" bl_meta="{&quot;label&quot;:&quot;Get component style&quot;}"><field name="componentUid">'1744db9f250d6ba85e3435fc3be3660e'</field></block></value><value name="propName"><shadow type="text" id="rr}/SEGrW{nR;(de/am*"><field name="TEXT">opacity</field></shadow></value><value name="propValue"><block type="math_number" id="vOG]AC^U{4!5iYd1Jot^"><field name="NUM">0</field></block></value><next><block type="ui_common_blocks__toggle_component_visibility" id="J`)YkFwtxAH.Slll!dOU" bl_meta="{&quot;label&quot;:&quot;Toggle component visibility&quot;}"><field name="componentUid">'42fc2f835fa3bf01cbaf06e27b5b5e3b'</field><value name="visible"><block type="logic_boolean" id="6#`M%%WkRKFggIKD+4{e"><field name="BOOL">FALSE</field></block></value><next><block type="ui_common_blocks__toggle_component_visibility" id="d!S_dgqlmZm5u4F2J]Tw" bl_meta="{&quot;label&quot;:&quot;Toggle component visibility&quot;}"><field name="componentUid">'d50a1aa5921ba06c583457a897f2a8f7'</field><value name="visible"><block type="logic_boolean" id="x0f{%5U`BHY%DjnC6bR1"><field name="BOOL">FALSE</field></block></value><next><block type="ui_common_blocks__toggle_component_visibility" id="jOmK~{`3}vkChzrc^,uT" bl_meta="{&quot;label&quot;:&quot;Toggle component visibility&quot;}"><field name="componentUid">'400fba0802880a93bb759cb7cbb9123f'</field><value name="visible"><block type="logic_boolean" id="!PgS2~:HUQLvu)uCT%CH"><field name="BOOL">FALSE</field></block></value><next><block type="ui_common_blocks__toggle_component_visibility" id="wN|cGI1!F*;yOHjpDAe5" bl_meta="{&quot;label&quot;:&quot;Toggle component visibility&quot;}"><field name="componentUid">'76b375976525da5784a688f366843054'</field><value name="visible"><block type="logic_boolean" id=")sJ#p(F#CPWorB!y`-hj"><field name="BOOL">FALSE</field></block></value></block></next></block></next></block></next></block></next></block></next></block></next></block></next></block></next></block></statement></block></statement></block></xml>