<xml xmlns="http://www.w3.org/1999/xhtml"><block type="root_block_ui_builder_block_onClick_handler" id="pME/zEo|T%`oeuiA:rW@" deletable="false" x="20" y="50"><statement name="statements_code"><block type="controls_if" id="!G?,%d8[1$Wve`,P_oC?"><value name="IF0"><block type="logic_compare" id="vAcI`xJkX[()UOgyKE~i" inline="false"><field name="OP">EQ</field><value name="A"><block type="get_object_property" id="n_!T=N2VpM[Qm2^yTHQV"><value name="prop_name"><shadow type="text" id="/52(Wj3ipr{lN@nWK[{c"><field name="TEXT">target</field></shadow></value><value name="object"><block type="root_block_ui_builder_block_onClick_handler_context_blocks_event" id="dJoT=LbHUJ-w~-(:[[2#" bl_meta="{&quot;label&quot;:&quot;Event&quot;}"></block></value></block></value><value name="B"><block type="get_object_property" id="%,xRWNWA=`oGc)C%,i#n" inline="false"><value name="prop_name"><shadow type="text" id="QVObJ9dbB/@e|Mli??#1"><field name="TEXT">el</field></shadow></value><value name="object"><block type="ui_common_blocks__get_component_by_id" id="+FqSqvy2`zS9m$5X2^+y" bl_meta="{&quot;label&quot;:&quot;Get component by id&quot;}"><field name="componentUid">'1744db9f250d6ba85e3435fc3be3660e'</field></block></value></block></value></block></value><statement name="DO0"><block type="set_object_property" id="XXN+)K@c/.`7^Pkx]mhq"><value name="object"><block type="ui_common_blocks__get_component_data_store" id="wV{0v(Ufg=/w5+X2/m9i" bl_meta="{&quot;label&quot;:&quot;Get component data store&quot;}"><field name="componentUid">'b4398d5c0048d80587b9664d8f5eac11'</field></block></value><value name="propName"><shadow type="text" id="@]4cJYgse4%=uRDl:(Tf"><field name="TEXT">userName</field></shadow></value><value name="propValue"><block type="text" id="a(:pNKr#/GiwwxS}jRJ!"><field name="TEXT"></field></block></value><next><block type="set_object_property" id="V?oj8CMID$Y4TYU.%xAl"><value name="object"><block type="ui_common_blocks__get_component_data_store" id="!F3SGs*2Um[4b[U)NuX-" bl_meta="{&quot;label&quot;:&quot;Get component data store&quot;}"><field name="componentUid">'b4398d5c0048d80587b9664d8f5eac11'</field></block></value><value name="propName"><shadow type="text" id="LH,^c-/q^k:*H_..1m~e"><field name="TEXT">password</field></shadow></value><value name="propValue"><block type="text" id="{3uR_p_B#dTS7Ug^c):_"><field name="TEXT"></field></block></value><next><block type="set_object_property" id="3G8M;~iK5+qvQkKz]ZAA"><value name="object"><block type="ui_common_blocks__get_component_data_store" id="M54c}gA,c%;4_+RPgXrN" bl_meta="{&quot;label&quot;:&quot;Get component data store&quot;}"><field name="componentUid">'b4398d5c0048d80587b9664d8f5eac11'</field></block></value><value name="propName"><shadow type="text" id="0X`-2rrMe3A?D;9hePAN"><field name="TEXT">confirmPassword</field></shadow></value><value name="propValue"><block type="text" id="U3M~f*`,@/lmaq_ZFkY4"><field name="TEXT"></field></block></value><next><block type="set_object_property" id="JW}.hiss91X/[x*ox9A3"><value name="object"><block type="ui_common_blocks__get_component_data_style" id="W7.-eokH!vgNHO*{fo]{" bl_meta="{&quot;label&quot;:&quot;Get component style&quot;}"><field name="componentUid">'1744db9f250d6ba85e3435fc3be3660e'</field></block></value><value name="propName"><shadow type="text" id="3EEy)fVV};Gznt3sk$cS"><field name="TEXT">visibility</field></shadow></value><value name="propValue"><block type="text" id="FEq[5`X(VCZxxFd1]5ZZ"><field name="TEXT">hidden</field></block></value><next><block type="set_object_property" id="Z``PXYqV6w7k@``ao0P6"><value name="object"><block type="ui_common_blocks__get_component_data_style" id="L6BOUWx~S{p`LAsdo=?M" bl_meta="{&quot;label&quot;:&quot;Get component style&quot;}"><field name="componentUid">'1744db9f250d6ba85e3435fc3be3660e'</field></block></value><value name="propName"><shadow type="text" id="b`+%1=h;P%cudPWIa?}3"><field name="TEXT">opacity</field></shadow></value><value name="propValue"><block type="math_number" id="4]w.K3FG:;w#F58;;3{F"><field name="NUM">0</field></block></value><next><block type="ui_common_blocks__toggle_component_visibility" id="|mU5Fm?7Oig~!@VO?)x^" bl_meta="{&quot;label&quot;:&quot;Toggle component visibility&quot;}"><field name="componentUid">'42fc2f835fa3bf01cbaf06e27b5b5e3b'</field><value name="visible"><block type="logic_boolean" id="NIsVlX)`hS=iy1!~[!eR"><field name="BOOL">FALSE</field></block></value><next><block type="ui_common_blocks__toggle_component_visibility" id="a,mo8R-]:{ST~Uys)un`" bl_meta="{&quot;label&quot;:&quot;Toggle component visibility&quot;}"><field name="componentUid">'d50a1aa5921ba06c583457a897f2a8f7'</field><value name="visible"><block type="logic_boolean" id="Rhcm0,.cdRd(u7e+Xsa+"><field name="BOOL">FALSE</field></block></value><next><block type="ui_common_blocks__toggle_component_visibility" id="H)RRMu:^brCfuAPN^!8p" bl_meta="{&quot;label&quot;:&quot;Toggle component visibility&quot;}"><field name="componentUid">'400fba0802880a93bb759cb7cbb9123f'</field><value name="visible"><block type="logic_boolean" id="J++!*1G=MWYclr6/]8C+"><field name="BOOL">FALSE</field></block></value><next><block type="ui_common_blocks__toggle_component_visibility" id="]`a[ai$k7JUwLwgT[410" bl_meta="{&quot;label&quot;:&quot;Toggle component visibility&quot;}"><field name="componentUid">'76b375976525da5784a688f366843054'</field><value name="visible"><block type="logic_boolean" id="-TfMODaD)NVw`y)?ZC7m"><field name="BOOL">FALSE</field></block></value></block></next></block></next></block></next></block></next></block></next></block></next></block></next></block></next></block></statement></block></statement></block></xml>