<xml xmlns="http://www.w3.org/1999/xhtml"><block type="root_block_ui_builder_button_onClick_handler" id="#cgF/kw/%o3M@V:^k2Uc" deletable="false" x="20" y="50"><statement name="statements_code"><block type="ui_dynamic_category__app-router__goto_page" id="9]BreZ5e.aUzT;BnCR-:" bl_meta="{&quot;label&quot;:&quot;Dynamic Block: Go To Page&quot;}"><value name="pageName"><shadow type="text" id="Sxm,IK[sUq6Afq-!7WUJ"><field name="TEXT">serverStatus</field></shadow></value><value name="pageData"><block type="create_object" id="QrpMmT:JUF0xHO7LrsTL"><mutation><properties><item id="property" prop-name="pageServerStatus"></item></properties></mutation><value name="create_object_mutator_container_properties_stack_property0"><block type="text" id="1mMCQ#^EtA]u0x2oNQ%a"><field name="TEXT">ServerStatus</field></block></value></block></value></block></statement></block></xml>