<xml xmlns="http://www.w3.org/1999/xhtml"><block type="root_block_ui_builder_block_onClassListAssignment_handler" id="r.})}c/GiVMkqCE.xmf_" deletable="false" x="20" y="50"><statement name="statements_code"><block type="variables_set" id="k{ytDy2$Ge(%h$Dab@V,"><field name="VAR">classList</field><value name="VALUE"><block type="lists_create_with" id="swJ0eiBLS9A]AWR?.mL("><mutation items="1"></mutation><value name="ADD0"><block type="text" id="A02Yhng-i4MI{LQ@,@]_"><field name="TEXT">ServerStatus__ItemBtn</field></block></value></block></value><next><block type="controls_if" id="=s|c#^A,2~XkYuir5rrH"><value name="IF0"><block type="logic_operation" id="m4ah+IMrD?1c2#X[WIG~"><field name="OP">OR</field><value name="A"><block type="logic_compare" id="K53ju?Q*O(i[7?V?e*gO"><field name="OP">EQ</field><value name="A"><block type="get_object_property" id="iYx3y|,OhhO8BH9W1Z{!" inline="false"><value name="prop_name"><shadow type="text" id="6A(t#V:lL,p^R2hi4g?g"><field name="TEXT">status</field></shadow></value><value name="object"><block type="root_block_ui_builder_common__context_blocks_e9118d25f3628ca2aa41dd74e6510651_data" id="ipE%I7v3kk|]*g-2IwcS" bl_meta="{&quot;label&quot;:&quot;ServerStatus container Item Data&quot;,&quot;dynamicListId&quot;:&quot;0fbd34b64c4b8f271001b02635bd0324&quot;}"></block></value></block></value><value name="B"><block type="text" id="|G[d57S,cxb_Af|S*I+r"><field name="TEXT">running</field></block></value></block></value><value name="B"><block type="logic_compare" id="p5izI~lSsFJ[6A!Xz,K~"><field name="OP">EQ</field><value name="A"><block type="get_object_property" id="ZkUs#*]D2:Xnz;Uln5+f" inline="false"><value name="prop_name"><shadow type="text" id="5U,+G7W78G)D6_?+f`Qd"><field name="TEXT">status</field></shadow></value><value name="object"><block type="root_block_ui_builder_common__context_blocks_e9118d25f3628ca2aa41dd74e6510651_data" id="TzMZKOn~iy438TtgZd(|" bl_meta="{&quot;label&quot;:&quot;ServerStatus container Item Data&quot;,&quot;dynamicListId&quot;:&quot;0fbd34b64c4b8f271001b02635bd0324&quot;}"></block></value></block></value><value name="B"><block type="text" id="O-]#/hOAGhg=NXE%.XFC"><field name="TEXT">changing</field></block></value></block></value></block></value><statement name="DO0"><block type="variables_set" id="n;!]RK$F;1O_xCpeMg^e"><field name="VAR">classList</field><value name="VALUE"><block type="lists_create_with" id="Sz*WrjtK~Nag3?dRJ255"><mutation items="2"></mutation><value name="ADD0"><block type="text" id=")TQPqopajgDR)]x!~5Z("><field name="TEXT">ServerStatus__ItemBtn</field></block></value><value name="ADD1"><block type="text" id="DAv1NIoK0J,0W2+yQ.WG"><field name="TEXT">ServerStatus__ItemBtn--StopActive</field></block></value></block></value></block></statement></block></next></block></statement><value name="return"><block type="variables_get" id="1y=0$[BAlLvjuGH9(xEw"><field name="VAR">classList</field></block></value></block></xml>