<xml xmlns="http://www.w3.org/1999/xhtml"><block type="root_block_ui_builder_block_onBeforeUnmount_handler" id="@hVA+JrtV1[l#mm+vAw7" deletable="false" x="20" y="50"><statement name="statements_code"><block type="controls_if" id="pbEX[Q/R?,%WWe:;4$5i"><value name="IF0"><block type="get_object_property" id="n(@lc%hkZ)w273(OZ4hs"><value name="prop_name"><shadow type="text" id="-]Zek*OA}3C$h!a@.U+f"><field name="TEXT">previousService</field></shadow></value><value name="object"><block type="root_block_ui_builder_common__context_blocks_appData" id="k=4qEmW/}o`VR74x%ey8" bl_meta="{&quot;label&quot;:&quot;App Data&quot;}"></block></value></block></value><statement name="DO0"><block type="controls_if" id="5[xRbBuDaWI%v3lDqTWk"><value name="IF0"><block type="get_object_property" id="y~fDIT/){bZ~2Co)9{zf"><value name="prop_name"><shadow type="text" id="k@w]yh9:$Q%.?u-Nf2:6"><field name="TEXT">connected</field></shadow></value><value name="object"><block type="get_object_property" id="#rn85hy]bM=LHbB-|#w6" inline="false"><value name="prop_name"><shadow type="text" id="U1ko_Fe#+v0iUa9|j0H7"><field name="TEXT">openSocket</field></shadow></value><value name="object"><block type="root_block_ui_builder_common__context_blocks_appData" id="XnO}ra@4+-:ch-VkXs.Z" bl_meta="{&quot;label&quot;:&quot;App Data&quot;}"></block></value></block></value></block></value><statement name="DO0"><block type="custom_js_code" id="kE]rC%SEbi@(SilkoB4+"><mutation output="false"><arg arg-name="serviceName"></arg><code>"\n  socket.emit ('service-logs:unsubscribe', {\n    \"serviceName\":`${serviceName}`,\n    \"channelName\":`${serviceName}-logs`\n  });\n    \n  socket.disconnect();\n    \n "</code></mutation><field name="name">stopSocket</field><value name="serviceName"><block type="get_object_property" id="z6H`l$x6/QxW?=}Ho;q0"><value name="prop_name"><shadow type="text" id="2M|X49(Bgl#ZpzGG99[~"><field name="TEXT">previousService</field></shadow></value><value name="object"><block type="root_block_ui_builder_common__context_blocks_appData" id="oYGw3+EjQAs4FF:ui,L_" bl_meta="{&quot;label&quot;:&quot;App Data&quot;}"></block></value></block></value></block></statement></block></statement></block></statement></block></xml>