<xml xmlns="http://www.w3.org/1999/xhtml"><block type="root_block_ui_builder_block_onDynamicItemsAssignment_handler" id="BB@HqLp%L(O1$b@9M-9}" deletable="false" x="34" y="85"><value name="return"><block type="get_object_property" id="T)CX`2MB@e1-m!hcoIOK"><value name="prop_name"><shadow type="text" id="FD(,M0G,0__8N)h7i*.7"><field name="TEXT">logData</field></shadow></value><value name="object"><block type="root_block_ui_builder_common__context_blocks_appData" id="IQ}D-nDks/]Se?1kjAN}" bl_meta="{&quot;label&quot;:&quot;App Data&quot;}"></block></value></block></value></block></xml>