<xml xmlns="http://www.w3.org/1999/xhtml"><block type="root_block_ui_builder_text_onDisplayAssignment_handler" id="Z5m0@YqJe0Bh9A.^UQ7(" deletable="false" x="20" y="50"><value name="return"><block type="logic_ternary" id="r)zh?Z9Di]S9X}8;tGh+"><value name="IF"><block type="get_object_property" id="QODX[hwv)e,0xWILQeio"><value name="prop_name"><shadow type="text" id="dZw|z6d*Rl7:nz_5^uG$"><field name="TEXT">certificates</field></shadow></value><value name="object"><block type="root_block_ui_builder_common__context_blocks_pageData" id=";9INTN+LPmQ:|ChfV,xX" bl_meta="{&quot;label&quot;:&quot;Page Data&quot;}"></block></value></block></value><value name="THEN"><block type="logic_compare" id="|%KNR20t;Rcu5Z;~i.%+"><field name="OP">LTE</field><value name="A"><block type="lists_length" id="q{vem!qgZZ7}^b_)I?kr"><value name="VALUE"><block type="get_object_property" id="`#wtQ;p6,o`ZrWLnmSJK"><value name="prop_name"><shadow type="text" id="CNj|%L|+VpDVGK[v6Om}"><field name="TEXT">certificates</field></shadow></value><value name="object"><block type="root_block_ui_builder_common__context_blocks_pageData" id="yCma(?Q3,u!JqTiG8UXr" bl_meta="{&quot;label&quot;:&quot;Page Data&quot;}"></block></value></block></value></block></value><value name="B"><block type="math_number" id="rPrPCbOe4*MJG0ObCmGI"><field name="NUM">1</field></block></value></block></value><value name="ELSE"><block type="logic_boolean" id="F-:rUYF}$b|]}DWvs;/w"><field name="BOOL">TRUE</field></block></value></block></value></block></xml>