<xml xmlns="http://www.w3.org/1999/xhtml"><block type="root_block_ui_builder_block_onMounted_handler" id="IT4zE`xY*`ja$9_RgT)R" deletable="false" x="20" y="50"><statement name="statements_code"><block type="controls_if" id="k}0fb=b~KgXix:ZvtOs:"><mutation else="1"></mutation><value name="IF0"><block type="logic_operation" id="$}IpRfz{]Jl$2wi3Bz${"><field name="OP">OR</field><value name="A"><block type="logic_compare" id="3t))NqTiWYrd9W?[;|LC" inline="false"><field name="OP">EQ</field><value name="A"><block type="get_object_property" id=".YCGV,xTfe=%QlE42x7["><value name="prop_name"><shadow type="text" id="F}]WeMU[Q4:a::!3Sooj"><field name="TEXT">pageConfiguration</field></shadow></value><value name="object"><block type="root_block_ui_builder_common__context_blocks_pageData" id="H{{Z9(x*,1WFav{v8(6n" bl_meta="{&quot;label&quot;:&quot;Page Data&quot;}"></block></value></block></value><value name="B"><block type="text" id="45!^X{}$9#plG?mt%L1^"><field name="TEXT">domainsGeneral</field></block></value></block></value><value name="B"><block type="logic_compare" id="aNP:BCVaN^dr#+f;4O/l" inline="false"><field name="OP">EQ</field><value name="A"><block type="get_object_property" id="k.$X#.Oe#{8,rZwq[;jc"><value name="prop_name"><shadow type="text" id=")^7*,Vkzpviq3[3MVo:5"><field name="TEXT">pageConfiguration</field></shadow></value><value name="object"><block type="root_block_ui_builder_common__context_blocks_pageData" id="J0KAPmT4^sg1CeUZ#!Rr" bl_meta="{&quot;label&quot;:&quot;Page Data&quot;}"></block></value></block></value><value name="B"><block type="text" id="$Caa9ej6MVFZk|_nWlI9"><field name="TEXT">ssl</field></block></value></block></value></block></value><statement name="DO0"><block type="set_object_property" id="xM[NLv?eb.7CEmuF,`_Y"><value name="object"><block type="ui_common_blocks__get_component_data_style" id="3DQTmV=t.|k*,+V]g_H:"><field name="componentUid">82bfb23351e9fb6b2b482c3d040db27a</field></block></value><value name="propName"><shadow type="text" id="_/skGR]`[7l~mpF8ltT3"><field name="TEXT">maxHeight</field></shadow></value><value name="propValue"><block type="custom_js_code" id="[F_Pp`S8ns1$(4LKdNos"><mutation output="true"><arg arg-name="element"></arg><code>return element.el.scrollHeight</code></mutation><field name="name">getHeight</field><value name="element"><block type="ui_common_blocks__get_component_by_id" id="r%ar/*3Td|l^JI{k;fsC"><field name="componentUid">82bfb23351e9fb6b2b482c3d040db27a</field></block></value></block></value><next><block type="set_object_property" id="7keneCtf7Y`d68DuuUi("><value name="object"><block type="ui_common_blocks__get_component_data_style" id="Y]0V~PQ@3(LyS|cr!0L^"><field name="componentUid">ca8df858b6abfa78f849814f98cbadeb</field></block></value><value name="propName"><shadow type="text" id="ikTo{h)+Um1+zawjIjV)"><field name="TEXT">maxHeight</field></shadow></value><value name="propValue"><block type="text_join" id="?m^i;1.@!8]cyo{tZOBu"><mutation items="2"></mutation><value name="ADD0"><block type="math_arithmetic" id="Ziiv-H=yha:|UV{4G#aT"><field name="OP">ADD</field><value name="A"><shadow type="math_number" id="y#O;rZ$km9WWPd(#bmH1"><field name="NUM">1</field></shadow><block type="ui_dynamic_category__device-api__get_component_size" id="-f6!aZ[:]}Ug}fza1M%C" bl_meta="{&quot;label&quot;:&quot;Dynamic Block: Get Component&quot;}"><field name="typeSize">'clientHeight'</field><value name="component"><block type="ui_common_blocks__get_component_by_id" id="qGcjfdGHJ,[Km4KTyrP_"><field name="componentUid">ca8df858b6abfa78f849814f98cbadeb</field></block></value></block></value><value name="B"><shadow type="math_number" id="3w$-WXNRRZ{oU`pi,^y?"><field name="NUM">1</field></shadow><block type="custom_js_code" id="B;faBq2J_3ii4vPA7Sq-"><mutation output="true"><arg arg-name="element"></arg><code>return element.el.scrollHeight</code></mutation><field name="name">getHeight</field><value name="element"><block type="ui_common_blocks__get_component_by_id" id="RMc$noRLpaP^Xm?+6=VR"><field name="componentUid">82bfb23351e9fb6b2b482c3d040db27a</field></block></value></block></value></block></value><value name="ADD1"><block type="text" id="dc~#nafvkNEaGf-jJO.@"><field name="TEXT">px</field></block></value></block></value><next><block type="list_add_item" id="#}SrF!+*`u+Hm},Src3Z"><mutation has_output="false"></mutation><field name="connections_toggler">FALSE</field><value name="list"><block type="ui_common_blocks__get_component_classes" id=";gN)~BhZunQhe3o`b4bB"><field name="componentUid">c9ab1739404cb44b5b1b8bc263b8f966</field></block></value><value name="value"><block type="text" id="14nIa|-H}P_R`fYze)Bl"><field name="TEXT">aside__TabHeader--rotated</field></block></value></block></next></block></next></block></statement><statement name="ELSE"><block type="set_object_property" id="[`[zhLL$3]ID.y,UYO`]"><value name="object"><block type="ui_common_blocks__get_component_data_style" id="h3DYBvDTL-U9.SlvXmw["><field name="componentUid">82bfb23351e9fb6b2b482c3d040db27a</field></block></value><value name="propName"><shadow type="text" id="F9mEacNO$8},pmB1bp{{"><field name="TEXT">maxHeight</field></shadow></value><value name="propValue"><block type="math_number" id="y0#SVjkpfmsF;if$nSw{"><field name="NUM">0</field></block></value></block></statement></block></statement></block></xml>