<xml xmlns="http://www.w3.org/1999/xhtml"><block type="root_block_ui_builder_input_onChange_handler" id="$7,/]!Fs_}3(fsT]vU4v" deletable="false" x="20" y="50"><statement name="statements_code"><block type="set_object_property" id="8iX5qfT7dLvT1s)-fza4"><value name="object"><block type="root_block_ui_builder_common__context_blocks_8df5e86e263721a17d2eb9a2f1451d2c_data" id=";EbUXKmOzC{5YTPcDi-G" bl_meta="{&quot;label&quot;:&quot;\&quot;data container\&quot; Repeater Data Item&quot;,&quot;dynamicListId&quot;:&quot;9f186f89932cdfe880554e43f4f916a1&quot;}"></block></value><value name="propName"><shadow type="text" id="b7v]1u#,)6]$De}hpsT["><field name="TEXT">validationMessageSendTimeout</field></shadow></value><value name="propValue"><block type="logic_boolean" id="U3/-V)o.[KZ2G]QTP:,1"><field name="BOOL">TRUE</field></block></value><next><block type="controls_if" id="zqI0C(x#Vz7J~.B[o#9w"><value name="IF0"><block type="get_object_property" id="^G]e-anar_aHB8?/?C7:"><value name="prop_name"><shadow type="text" id="5=HVt/O..k3m|wJxiSs)"><field name="TEXT"></field></shadow><block type="text" id="{XpKZ=lD2E*aHD21t!OV"><field name="TEXT">Send Timeout</field></block></value><value name="object"><block type="root_block_ui_builder_common__context_blocks_8df5e86e263721a17d2eb9a2f1451d2c_data" id="UXcPR+i@LJf*l[27ioUv" bl_meta="{&quot;label&quot;:&quot;\&quot;data container\&quot; Repeater Data Item&quot;,&quot;dynamicListId&quot;:&quot;9f186f89932cdfe880554e43f4f916a1&quot;}"></block></value></block></value><statement name="DO0"><block type="controls_if" id="HND:dPPI=%~BzvPEMD6("><value name="IF0"><block type="test_regexp" id="1YDcuE!V$;wf#RW)n9@J"><value name="original_text"><block type="root_block_ui_builder_input_onChange_handler_context_blocks_value" id="Zx[;{=nZtgDW@HvDeU:9" bl_meta="{&quot;label&quot;:&quot;Changed Value&quot;}"></block></value><value name="pattern"><block type="create_dynamic_regexp" id="|y_VVK5%6nK9A{j^etY5"><value name="pattern"><shadow type="text" id="=tE2tztlz(WuDS{h;q0o"><field name="TEXT">[0-9]*$</field></shadow></value><value name="keys"><shadow type="text" id="Y-x`5fXM4ghM9(4C_3kx"><field name="TEXT"></field></shadow></value></block></value></block></value><statement name="DO0"><block type="set_object_property" id=":~PhLomLxH_1bAcybZ4("><value name="object"><block type="root_block_ui_builder_common__context_blocks_8df5e86e263721a17d2eb9a2f1451d2c_data" id="BTo{YEq@p}+z54DJ!r4(" bl_meta="{&quot;label&quot;:&quot;\&quot;data container\&quot; Repeater Data Item&quot;,&quot;dynamicListId&quot;:&quot;9f186f89932cdfe880554e43f4f916a1&quot;}"></block></value><value name="propName"><shadow type="text" id=",eSvg{JdI#emSWqq/k%i"><field name="TEXT">validationMessageSendTimeout</field></shadow></value><value name="propValue"><block type="logic_boolean" id="A~P:+1zrRB6J7CB!j8H0"><field name="BOOL">FALSE</field></block></value></block></statement></block></statement></block></next></block></statement></block></xml>