<xml xmlns="http://www.w3.org/1999/xhtml"><block type="root_block_ui_builder_block_onMounted_handler" id="KoDT?qZ8[YyJq`42%mS~" deletable="false" x="20" y="50"><statement name="statements_code"><block type="controls_if" id="-r_oQ`%tznZHYbXeizc="><mutation else="1"></mutation><value name="IF0"><block type="get_object_property" id="0z({%8Ok3BD6FI)%K/9]"><value name="prop_name"><shadow type="text" id="skYSn*[+EqOSu}TV!O$("><field name="TEXT">pageSettings</field></shadow></value><value name="object"><block type="root_block_ui_builder_common__context_blocks_pageData" id=")duZJUp:6Iw@IK$wp4G-" bl_meta="{&quot;label&quot;:&quot;Page Data&quot;}"></block></value></block></value><statement name="DO0"><block type="set_object_property" id="Gq.JP`Me02M7*g;)H3d/"><value name="object"><block type="ui_common_blocks__get_component_data_style" id="U3[9$c8EM:.vMo?-WNIK"><field name="componentUid">b18be6db888c37d656d8a09b4db77b43</field></block></value><value name="propName"><shadow type="text" id="hsF$_7{o@7qrTE8mF[U4"><field name="TEXT">maxHeight</field></shadow></value><value name="propValue"><block type="text_join" id="?m^i;1.@!8]cyo{tZOBu"><mutation items="2"></mutation><value name="ADD0"><block type="custom_js_code" id="B;faBq2J_3ii4vPA7Sq-"><mutation output="true"><arg arg-name="element"></arg><code>return element.el.scrollHeight</code></mutation><field name="name">getHeight</field><value name="element"><block type="ui_common_blocks__get_component_by_id" id="RMc$noRLpaP^Xm?+6=VR"><field name="componentUid">b18be6db888c37d656d8a09b4db77b43</field></block></value></block></value><value name="ADD1"><block type="text" id="dc~#nafvkNEaGf-jJO.@"><field name="TEXT">px</field></block></value></block></value><next><block type="list_add_item" id="#}SrF!+*`u+Hm},Src3Z"><mutation has_output="false"></mutation><field name="connections_toggler">FALSE</field><value name="list"><block type="ui_common_blocks__get_component_classes" id=";gN)~BhZunQhe3o`b4bB"><field name="componentUid">03f4bd550b65418c743e04afe3aab9d9</field></block></value><value name="value"><block type="text" id="14nIa|-H}P_R`fYze)Bl"><field name="TEXT">aside__TabHeader--rotated</field></block></value></block></next></block></statement><statement name="ELSE"><block type="set_object_property" id="5[%`aC4u:wD|M0%0i:3N"><value name="object"><block type="ui_common_blocks__get_component_data_style" id="/(d4hm-5ts6@!XaHkV}?"><field name="componentUid">b18be6db888c37d656d8a09b4db77b43</field></block></value><value name="propName"><shadow type="text" id="qMO?%I0qrbXfN36(~4jW"><field name="TEXT">maxHeight</field></shadow></value><value name="propValue"><block type="math_number" id="nC8hAh^awa=vOk|P;i/w"><field name="NUM">0</field></block></value></block></statement></block></statement></block></xml>