<xml xmlns="http://www.w3.org/1999/xhtml"><block type="root_block_ui_builder_button_onClick_handler" id="WvrDv=L`iKHC@DZHd`sc" deletable="false" x="20" y="50"><statement name="statements_code"><block type="variables_set" id="TPV_Cj_#.7P+Bn%hFdJX"><field name="VAR">isValid</field><value name="VALUE"><block type="logic_boolean" id="8Q=8F.KMp~JV^ja`5ur%"><field name="BOOL">TRUE</field></block></value><next><block type="controls_if" id="U-E:EXd_exxvqEbCa@`#"><value name="IF0"><block type="logic_negate" id="t/M;}X2@t;=Ew[!B0!gE"><value name="BOOL"><block type="get_object_property" id=";Z/Kk~4Mqb[~37m_Vq`h"><value name="prop_name"><shadow type="text" id="BZ:WEbtn}vP]hp*MiDO1"><field name="TEXT">userName</field></shadow></value><value name="object"><block type="root_block_ui_builder_common__context_blocks_b4398d5c0048d80587b9664d8f5eac11_data" id="1|h6{H|pQ9][BE7cYdg." bl_meta="{&quot;label&quot;:&quot;\&quot;CreateUser form\&quot; Data&quot;}"></block></value></block></value></block></value><statement name="DO0"><block type="ui_common_blocks__toggle_component_visibility" id="7@$_Hp1!{jJ%l0Wdxvbu" bl_meta="{&quot;label&quot;:&quot;Toggle component visibility&quot;}"><field name="componentUid">'42fc2f835fa3bf01cbaf06e27b5b5e3b'</field><value name="visible"><block type="logic_boolean" id="-G@R9r7w^=nkpb${-VVx"><field name="BOOL">TRUE</field></block></value><next><block type="variables_set" id="aT8{hq*J*KLyC-WS::,d"><field name="VAR">isValid</field><value name="VALUE"><block type="logic_boolean" id="_.d36F6=OtpG;b_?w5]="><field name="BOOL">FALSE</field></block></value></block></next></block></statement><next><block type="controls_if" id="aQYHxxbVRdi5=ZwSq4%!"><value name="IF0"><block type="logic_negate" id="i=L]]OjJ|CK_){?3jo:D"><value name="BOOL"><block type="get_object_property" id="m+}O!Y!pK]?t9hLm6vP#"><value name="prop_name"><shadow type="text" id="DkzlN@?N6U2K~Iv1[/7k"><field name="TEXT">password</field></shadow></value><value name="object"><block type="root_block_ui_builder_common__context_blocks_b4398d5c0048d80587b9664d8f5eac11_data" id="gq[8VnurU*%oK?J-JL=9" bl_meta="{&quot;label&quot;:&quot;\&quot;CreateUser form\&quot; Data&quot;}"></block></value></block></value></block></value><statement name="DO0"><block type="ui_common_blocks__toggle_component_visibility" id="^h[XNv{?7f2Osa%_fv|q" bl_meta="{&quot;label&quot;:&quot;Toggle component visibility&quot;}"><field name="componentUid">'d50a1aa5921ba06c583457a897f2a8f7'</field><value name="visible"><block type="logic_boolean" id="*4tz;9DE*r@s0M/$hNB?"><field name="BOOL">TRUE</field></block></value><next><block type="variables_set" id="q37G_yvjO8UQWio!rYxK"><field name="VAR">isValid</field><value name="VALUE"><block type="logic_boolean" id="yDHjRTH|VPeDuDB(@Y.+"><field name="BOOL">FALSE</field></block></value></block></next></block></statement><next><block type="controls_if" id="Fl=`bTS3/ZRXt~6FR{xg"><value name="IF0"><block type="logic_negate" id="+w:9Rqf*Jjjomo/X1=0j"><value name="BOOL"><block type="get_object_property" id="JI0VpgUNbQc#yyM$5^G#"><value name="prop_name"><shadow type="text" id="kkoJy+7,ENR-QU=~RdFs"><field name="TEXT">confirmPassword</field></shadow></value><value name="object"><block type="root_block_ui_builder_common__context_blocks_b4398d5c0048d80587b9664d8f5eac11_data" id="AfmU#jTFsurF4gz[)A=8" bl_meta="{&quot;label&quot;:&quot;\&quot;CreateUser form\&quot; Data&quot;}"></block></value></block></value></block></value><statement name="DO0"><block type="ui_common_blocks__toggle_component_visibility" id="bZ:}m6)`H1QfZ,+aQ?mW" bl_meta="{&quot;label&quot;:&quot;Toggle component visibility&quot;}"><field name="componentUid">'400fba0802880a93bb759cb7cbb9123f'</field><value name="visible"><block type="logic_boolean" id="3xPNps8mRwy=1(Nv.KxF"><field name="BOOL">TRUE</field></block></value><next><block type="variables_set" id="0Djc,!CS{r},xg{=3MPg"><field name="VAR">isValid</field><value name="VALUE"><block type="logic_boolean" id="K+2XV[7mixJN)hx9,FO?"><field name="BOOL">FALSE</field></block></value></block></next></block></statement><next><block type="controls_if" id="9nP]o0i*`1|5avu:GzyT"><value name="IF0"><block type="get_object_property" id="1QW*}Or=PPsm~*6PJ4%p"><value name="prop_name"><shadow type="text" id="=!LGgC=veV|2rA_YTG:d"><field name="TEXT">confirmPassword</field></shadow></value><value name="object"><block type="root_block_ui_builder_common__context_blocks_b4398d5c0048d80587b9664d8f5eac11_data" id="=Xde!$K;sRd`=h:t=!-E" bl_meta="{&quot;label&quot;:&quot;\&quot;CreateUser form\&quot; Data&quot;}"></block></value></block></value><statement name="DO0"><block type="controls_if" id="*t`f1@l$(mnq1_1]s3E)"><value name="IF0"><block type="logic_compare" id="s0is3YE4CHVIJuD[E6tN"><field name="OP">NEQ</field><value name="A"><block type="get_object_property" id=":tT:ppx}JRh_pF44j%3Q" inline="false"><value name="prop_name"><shadow type="text" id="oY{FP`p+VK)0bfgm|G/4"><field name="TEXT">confirmPassword</field></shadow></value><value name="object"><block type="root_block_ui_builder_common__context_blocks_b4398d5c0048d80587b9664d8f5eac11_data" id="$lt62N,1e^+=lktd4AG6" bl_meta="{&quot;label&quot;:&quot;\&quot;CreateUser form\&quot; Data&quot;}"></block></value></block></value><value name="B"><block type="get_object_property" id="E1re?7|iMY^QsRRWk)q@" inline="false"><value name="prop_name"><shadow type="text" id="Th*RG*y|cgpm-sxWx{)J"><field name="TEXT">password</field></shadow></value><value name="object"><block type="root_block_ui_builder_common__context_blocks_b4398d5c0048d80587b9664d8f5eac11_data" id="l?jeW/7j[cQ)0,OE}~cx" bl_meta="{&quot;label&quot;:&quot;\&quot;CreateUser form\&quot; Data&quot;}"></block></value></block></value></block></value><statement name="DO0"><block type="variables_set" id="h=tF}wn?#PLDkMtOK6IT"><field name="VAR">isValid</field><value name="VALUE"><block type="logic_boolean" id="3}}H{0dt5bm)p=np%43Z"><field name="BOOL">FALSE</field></block></value></block></statement></block></statement><next><block type="controls_if" id="aMR=^Rod8f+:Gp)BoU/4"><value name="IF0"><block type="logic_negate" id="b5LoBh79p4|+*T0JmN+j"><value name="BOOL"><block type="variables_get" id="nl[kIbyw**5x!~4bX6%z"><field name="VAR">isValid</field></block></value></block></value><statement name="DO0"><block type="immediate_return" id="u+$6kjea_E24e35K19OH"><value name="value"><block type="logic_boolean" id="YaA2b6w${)6ycS?]zRP0"><field name="BOOL">FALSE</field></block></value></block></statement><next><block type="set_object_property" id="+~=ExqEeT*Yx~$M@K/GR"><value name="object"><block type="root_block_ui_builder_common__context_blocks_b4398d5c0048d80587b9664d8f5eac11_data" id="*}[EX`2v-%LC`PnAi#kf" bl_meta="{&quot;label&quot;:&quot;\&quot;CreateUser form\&quot; Data&quot;}"></block></value><value name="propName"><shadow type="text" id="?L+~hbpTtycw!S$8/oyd"><field name="TEXT">createBtnDisabled</field></shadow></value><value name="propValue"><block type="logic_boolean" id="*S6A4v8jtPJuAFvDqTC5"><field name="BOOL">TRUE</field></block></value><next><block type="variables_set" id="`Q41kzFTmS=nC]=QiWnK"><field name="VAR">userData</field><value name="VALUE"><block type="create_object" id="E3-e]-:q/({sx(}!2Ikk"><mutation><properties><item id="property" prop-name="login"></item><item id="property" prop-name="password"></item></properties></mutation><value name="create_object_mutator_container_properties_stack_property0"><block type="get_object_property" id="00@#4rkNZs/7*jQ1SWkF"><value name="prop_name"><shadow type="text" id="nC3[RgFNir2.Bx8M!F=/"><field name="TEXT">userName</field></shadow></value><value name="object"><block type="root_block_ui_builder_common__context_blocks_b4398d5c0048d80587b9664d8f5eac11_data" id="IM3sq5q)vZq#F45Y]z?z" bl_meta="{&quot;label&quot;:&quot;\&quot;CreateUser form\&quot; Data&quot;}"></block></value></block></value><value name="create_object_mutator_container_properties_stack_property1"><block type="get_object_property" id="W_lP:@}k,rk~8VK](h!n"><value name="prop_name"><shadow type="text" id="EpkS~yN(XY):y`YQiO%J"><field name="TEXT">password</field></shadow></value><value name="object"><block type="root_block_ui_builder_common__context_blocks_b4398d5c0048d80587b9664d8f5eac11_data" id="y[V,A^E-fM)2sRx1X8:X" bl_meta="{&quot;label&quot;:&quot;\&quot;CreateUser form\&quot; Data&quot;}"></block></value></block></value></block></value><next><block type="try_catch" id="t=Q{32E3m6t:07zy6jET"><statement name="try"><block type="controls_if" id="{OE$K1tLj9^9O[h[fM`H"><mutation else="1"></mutation><value name="IF0"><block type="logic_negate" id="wRIL}v%]25T[CP^D!AfN"><value name="BOOL"><block type="get_object_property" id="5wfyPD%B#h5,-ZY(*3){"><value name="prop_name"><shadow type="text" id="z{Fd/[qgX/)Eija_%SgP"><field name="TEXT">userNameDisabled</field></shadow></value><value name="object"><block type="root_block_ui_builder_common__context_blocks_b4398d5c0048d80587b9664d8f5eac11_data" id="fd/RaSBrGov4lv#sM6S0" bl_meta="{&quot;label&quot;:&quot;\&quot;CreateUser form\&quot; Data&quot;}"></block></value></block></value></block></value><statement name="DO0"><block type="set_object_property" id="!).PsMR_74s[qPm4|N%1"><value name="object"><block type="root_block_ui_builder_common__context_blocks_b4398d5c0048d80587b9664d8f5eac11_data" id=":PG3BF8Iiq*:Hkx;*(D*" bl_meta="{&quot;label&quot;:&quot;\&quot;CreateUser form\&quot; Data&quot;}"></block></value><value name="propName"><shadow type="text" id="rtX17K$MT1Al+~!bLJXP"><field name="TEXT">createBtn</field></shadow></value><value name="propValue"><block type="text" id="vG!GDRkGKb?bEd!`bPYr"><field name="TEXT">Creating...</field></block></value><next><block type="variables_set" id="oP4gGI:CRkU7%.H1U]]q"><field name="VAR">newUser</field><value name="VALUE"><block type="codeless_function_block_696a14dd8d2f85be7023c2c4441a65a5" id=".4Z-xYJbm)MdS0vR^o=7" bl_meta="{&quot;fn&quot;:&quot;ProManagerAPI&quot;,&quot;label&quot;:&quot;Custom Function - ProManagerAPI&quot;}"><mutation has_output="true"></mutation><field name="connections_toggler">TRUE</field><value name="method"><block type="text" id="zrG7e$x[]x@TZvBpTmI^"><field name="TEXT">post</field></block></value><value name="path"><block type="text" id="QgnSE=sT|p*j_so9Em[/"><field name="TEXT">/user/register</field></block></value><value name="body"><block type="variables_get" id="#Ox5K1q0BnKY^58f:[w="><field name="VAR">userData</field></block></value></block></value><next><block type="set_object_property" id="+CBj^{axtT|hAZesg}nv"><value name="object"><block type="variables_get" id="1YVCbg$jbNgH#|`e}}of"><field name="VAR">userData</field></block></value><value name="propName"><shadow type="text" id=":wi.9IFQYUw^js5|Z8yu"><field name="TEXT">id</field></shadow></value><value name="propValue"><block type="get_object_property" id="qt])3%V[{*d`JV)gZs[X"><value name="prop_name"><shadow type="text" id="iv?l)ro:DE+ozNA=7iy."><field name="TEXT">id</field></shadow></value><value name="object"><block type="variables_get" id="MNw[F/maI/+)?a%q3F33"><field name="VAR">newUser</field></block></value></block></value></block></next></block></next></block></statement><statement name="ELSE"><block type="set_object_property" id="VpDf)nSIq9@f~W{TB^8d"><value name="object"><block type="root_block_ui_builder_common__context_blocks_b4398d5c0048d80587b9664d8f5eac11_data" id="{kY3.|C[#Ha*PzC-25v2" bl_meta="{&quot;label&quot;:&quot;\&quot;CreateUser form\&quot; Data&quot;}"></block></value><value name="propName"><shadow type="text" id="l_LOJiD==H=`5c=X=E/+"><field name="TEXT">createBtn</field></shadow></value><value name="propValue"><block type="text" id="8AJf6ROoj7m+6]jsx#vQ"><field name="TEXT">Setting...</field></block></value><next><block type="codeless_function_block_696a14dd8d2f85be7023c2c4441a65a5" id="bN*67Xv*iW[.::PpAMn5" bl_meta="{&quot;fn&quot;:&quot;ProManagerAPI&quot;,&quot;label&quot;:&quot;Custom Function - ProManagerAPI&quot;}"><mutation has_output="false"></mutation><field name="connections_toggler">FALSE</field><value name="method"><block type="text" id="L8Ar$bP.lQr)|?F=fmQT"><field name="TEXT">put</field></block></value><value name="path"><block type="text_join" id="%;=`VjK1.3@*;+na3dVW"><mutation items="2"></mutation><value name="ADD0"><block type="text" id="p41:|$@1F#pVHdVeI1uJ"><field name="TEXT">/user/</field></block></value><value name="ADD1"><block type="get_object_property" id="p7L]B.%aD]K}R-e[wu[B" inline="false"><value name="prop_name"><shadow type="text" id="?,WW#)wue@~k5{AG[I04"><field name="TEXT">userId</field></shadow></value><value name="object"><block type="root_block_ui_builder_common__context_blocks_b4398d5c0048d80587b9664d8f5eac11_data" id="h]ucj!xJj^`xJaJ@r{1#" bl_meta="{&quot;label&quot;:&quot;\&quot;CreateUser form\&quot; Data&quot;}"></block></value></block></value></block></value><value name="body"><block type="variables_get" id="V$Lk.8h^:/H1F=|X3%wg"><field name="VAR">userData</field></block></value></block></next></block></statement><next><block type="controls_if" id="sK$nva=N?~m_4DZ*$kIb"><mutation else="1"></mutation><value name="IF0"><block type="logic_negate" id="U3a-c:hd}nI,8x``Q/2h"><value name="BOOL"><block type="get_object_property" id="?Nc2MX4d/WXj}]hDZ}=#"><value name="prop_name"><shadow type="text" id="C}o:-#Ufmr#6,F|F6XOr"><field name="TEXT">userNameDisabled</field></shadow></value><value name="object"><block type="root_block_ui_builder_common__context_blocks_b4398d5c0048d80587b9664d8f5eac11_data" id="oxaYvcf@sQ(.a.Le{~p-" bl_meta="{&quot;label&quot;:&quot;\&quot;CreateUser form\&quot; Data&quot;}"></block></value></block></value></block></value><statement name="DO0"><block type="list_add_item" id="?dJO}.8s/i$vOU~vCuP3"><mutation has_output="false"></mutation><field name="connections_toggler">FALSE</field><value name="list"><block type="ui_common_blocks__get_component_dynamic_list_items" id="@q^z~/;UA|5vh_v/#be0" bl_meta="{&quot;label&quot;:&quot;Get component repeater data&quot;}"><field name="componentUid">'9f186f89932cdfe880554e43f4f916a1'</field></block></value><value name="value"><block type="variables_get" id="HsSB:Xp3s?+MLUATfN3V"><field name="VAR">userData</field></block></value><next><block type="set_object_property" id="8AC*HP36*DEt{UPe:gc}"><value name="object"><block type="root_block_ui_builder_common__context_blocks_pageData" id="h:e$lKc6gKX:6?M,e|zd" bl_meta="{&quot;label&quot;:&quot;Page Data&quot;}"></block></value><value name="propName"><shadow type="text" id="wZQs!TdxpO.YmSLYt9n0"><field name="TEXT">noUserMessage</field></shadow></value><value name="propValue"><block type="logic_boolean" id="ht|3Yv)tRmyu=nT0]#Kn"><field name="BOOL">FALSE</field></block></value><next><block type="variables_set" id="DqX)M;;XZ;!j5lf*dZ[#"><field name="VAR">currentMessage</field><value name="VALUE"><block type="text" id="W*h{)o=KA/~+?vyEJX4r"><field name="TEXT">User has been successfully created</field></block></value></block></next></block></next></block></statement><statement name="ELSE"><block type="variables_set" id=":t+([*0=N)V4/H2)sX6F"><field name="VAR">currentMessage</field><value name="VALUE"><block type="text" id="|WYi(Nsx[8RMIN;A~uz#"><field name="TEXT">Password was set successfully</field></block></value></block></statement><next><block type="set_object_property" id="B5l/J3Fbd5OD,4S%,u+t"><value name="object"><block type="root_block_ui_builder_common__context_blocks_b4398d5c0048d80587b9664d8f5eac11_data" id=",Fq7H7*AlR40r(wtxTMf" bl_meta="{&quot;label&quot;:&quot;\&quot;CreateUser form\&quot; Data&quot;}"></block></value><value name="propName"><shadow type="text" id="$3Aj(P87n^ILNabC$OP_"><field name="TEXT">userName</field></shadow></value><value name="propValue"><block type="text" id="wkBA.^O4$sspl_ttUmM|"><field name="TEXT"></field></block></value><next><block type="set_object_property" id="TfUxBToyN9Iw6d/}w@(0"><value name="object"><block type="root_block_ui_builder_common__context_blocks_b4398d5c0048d80587b9664d8f5eac11_data" id="U28yyNKz]0XBV)C}f?yt" bl_meta="{&quot;label&quot;:&quot;\&quot;CreateUser form\&quot; Data&quot;}"></block></value><value name="propName"><shadow type="text" id="CMG9(LUq21e4]JK:o5Ig"><field name="TEXT">password</field></shadow></value><value name="propValue"><block type="text" id="L^kWc$pAMS045OcXdh:+"><field name="TEXT"></field></block></value><next><block type="set_object_property" id="$njjlWj!Mse%guI+OreL"><value name="object"><block type="root_block_ui_builder_common__context_blocks_b4398d5c0048d80587b9664d8f5eac11_data" id="gN)HyG_dd|M24CuKZUJw" bl_meta="{&quot;label&quot;:&quot;\&quot;CreateUser form\&quot; Data&quot;}"></block></value><value name="propName"><shadow type="text" id="R%cumKYOhLmNw@c^a5vZ"><field name="TEXT">confirmPassword</field></shadow></value><value name="propValue"><block type="text" id="fFkb|dtl:=`T*x~8_i[k"><field name="TEXT"></field></block></value><next><block type="set_object_property" id="P(Y?ezc$/gw,%xp+d)L-"><value name="object"><block type="ui_common_blocks__get_component_data_style" id=":IGMS0Axlw~7Z=cQ[{k8" bl_meta="{&quot;label&quot;:&quot;Get component style&quot;}"><field name="componentUid">'1744db9f250d6ba85e3435fc3be3660e'</field></block></value><value name="propName"><shadow type="text" id="J-I?=Djv@:C%pq,6%w]v"><field name="TEXT">visibility</field></shadow></value><value name="propValue"><block type="text" id="T7.b!aL;F=LpZh@%Nk{G"><field name="TEXT">hidden</field></block></value><next><block type="set_object_property" id="?u{?UlNl=W#%aEfF}0{("><value name="object"><block type="ui_common_blocks__get_component_data_style" id="byA~3$FZ;/(^,yA*%jxJ" bl_meta="{&quot;label&quot;:&quot;Get component style&quot;}"><field name="componentUid">'1744db9f250d6ba85e3435fc3be3660e'</field></block></value><value name="propName"><shadow type="text" id="s#ERaDwB|-L,?=J]5)wK"><field name="TEXT">opacity</field></shadow></value><value name="propValue"><block type="math_number" id=")kgF_0e2)=2RtQ-/}tj:"><field name="NUM">0</field></block></value><next><block type="codeless_function_block_8f16ba2ef5c9c7a7b32d569b3762f6c4" id="D|my]3(bW:HW9{DR4JIN" bl_meta="{&quot;fn&quot;:&quot;showMessage&quot;,&quot;label&quot;:&quot;Custom Function - showMessage&quot;}"><mutation has_output="false"></mutation><field name="connections_toggler">FALSE</field><value name="pageData"><block type="root_block_ui_builder_common__context_blocks_pageData" id=")N$q91t|~0R.+8$A|fQg" bl_meta="{&quot;label&quot;:&quot;Page Data&quot;}"></block></value><value name="message"><block type="variables_get" id="~FQjSMiJ$EHi7J@Ah23d"><field name="VAR">currentMessage</field></block></value><value name="color"><block type="text" id="?][mlVk!-TXhwMsM.X{*"><field name="TEXT">#fff</field></block></value><value name="alert"><block type="ui_common_blocks__get_component_by_id" id="yKFcD[3F(Kbu{MauCRn," bl_meta="{&quot;label&quot;:&quot;Get component by id&quot;}"><field name="componentUid">'95980ee1806a02128292c7d76666d134'</field></block></value><value name="styleAlert"><block type="ui_common_blocks__get_component_data_style" id="PJ3cL4W=CxhiI,_n~e|T" bl_meta="{&quot;label&quot;:&quot;Get component style&quot;}"><field name="componentUid">'95980ee1806a02128292c7d76666d134'</field></block></value><value name="styleAlertText"><block type="ui_common_blocks__get_component_data_style" id="2PdKbqY!(N6mPe1ct+q=" bl_meta="{&quot;label&quot;:&quot;Get component style&quot;}"><field name="componentUid">'56af2c373986c15715d6b101723d8d4f'</field></block></value></block></next></block></next></block></next></block></next></block></next></block></next></block></next></block></statement><statement name="catch"><block type="set_object_property" id="gq]i4W3$_t3trJjnvgaF"><value name="object"><block type="ui_common_blocks__get_component_data_style" id="_^,M^NFFqi.f!i{-R0k%" bl_meta="{&quot;label&quot;:&quot;Get component style&quot;}"><field name="componentUid">'1744db9f250d6ba85e3435fc3be3660e'</field></block></value><value name="propName"><shadow type="text" id="t$Kok,mv|WJ?!GU!=CXs"><field name="TEXT">visibility</field></shadow></value><value name="propValue"><block type="text" id="F0P1u-2PHj]V3BSh?|:o"><field name="TEXT">hidden</field></block></value><next><block type="set_object_property" id="rw_gBWNwdz7C9YaUMt7P"><value name="object"><block type="ui_common_blocks__get_component_data_style" id="%K[e2c7h9/J/ccu{i_k6" bl_meta="{&quot;label&quot;:&quot;Get component style&quot;}"><field name="componentUid">'1744db9f250d6ba85e3435fc3be3660e'</field></block></value><value name="propName"><shadow type="text" id="g)bl93q3JgB:YXR]T2GL"><field name="TEXT">opacity</field></shadow></value><value name="propValue"><block type="math_number" id="?}M4vG6ty-@DY*_$k1y1"><field name="NUM">0</field></block></value><next><block type="codeless_function_block_8f16ba2ef5c9c7a7b32d569b3762f6c4" id="3%f8eaM|LCv~`4ad6*Xs" bl_meta="{&quot;fn&quot;:&quot;showMessage&quot;,&quot;label&quot;:&quot;Custom Function - showMessage&quot;}"><mutation has_output="false"></mutation><field name="connections_toggler">FALSE</field><value name="pageData"><block type="root_block_ui_builder_common__context_blocks_pageData" id="-b,FB8UX%G`5,s4CnvB)" bl_meta="{&quot;label&quot;:&quot;Page Data&quot;}"></block></value><value name="message"><block type="get_object_property" id="=Qq4`fM,x1yCs*pWIDK#"><value name="prop_name"><shadow type="text" id="oTB^8E/tLiX[7!~`YOL6"><field name="TEXT">message</field></shadow></value><value name="object"><block type="variables_get" id="JVC$9SKmb8KQ%D|5aJjT"><field name="VAR">error</field></block></value></block></value><value name="color"><block type="text" id="f~w`hj44$+RvsszZ1ptp"><field name="TEXT">#ffa500</field></block></value><value name="alert"><block type="ui_common_blocks__get_component_by_id" id="VWE3Gx-8?4YLS)6ZFw?L" bl_meta="{&quot;label&quot;:&quot;Get component by id&quot;}"><field name="componentUid">'95980ee1806a02128292c7d76666d134'</field></block></value><value name="styleAlert"><block type="ui_common_blocks__get_component_data_style" id="(qRZ)#d5tO2%5GJcOxt," bl_meta="{&quot;label&quot;:&quot;Get component style&quot;}"><field name="componentUid">'95980ee1806a02128292c7d76666d134'</field></block></value><value name="styleAlertText"><block type="ui_common_blocks__get_component_data_style" id="W1?-:mWE?*jHSRjb+UE~" bl_meta="{&quot;label&quot;:&quot;Get component style&quot;}"><field name="componentUid">'56af2c373986c15715d6b101723d8d4f'</field></block></value></block></next></block></next></block></statement><statement name="finally"><block type="controls_if" id="!5$i:BgV/Uat-CB6A%2f"><mutation else="1"></mutation><value name="IF0"><block type="logic_negate" id="gP2.VXV-R~h!dgR!!,@9"><value name="BOOL"><block type="get_object_property" id="0r2(|#c8YRx6=-{)j[kF"><value name="prop_name"><shadow type="text" id="hC$6jD!Uy^`pxC4A3N(J"><field name="TEXT">userNameDisabled</field></shadow></value><value name="object"><block type="root_block_ui_builder_common__context_blocks_b4398d5c0048d80587b9664d8f5eac11_data" id="yaGN_rIc%0!{NH6mF$+6" bl_meta="{&quot;label&quot;:&quot;\&quot;CreateUser form\&quot; Data&quot;}"></block></value></block></value></block></value><statement name="DO0"><block type="set_object_property" id="n@:%Py#[O4H7Tc),v|-:"><value name="object"><block type="root_block_ui_builder_common__context_blocks_b4398d5c0048d80587b9664d8f5eac11_data" id="wbZRXirr[?{lHITC$($U" bl_meta="{&quot;label&quot;:&quot;\&quot;CreateUser form\&quot; Data&quot;}"></block></value><value name="propName"><shadow type="text" id="6=^`?gf^`.bdG_FON*Rs"><field name="TEXT">createBtn</field></shadow></value><value name="propValue"><block type="text" id="p3,w}(zc?X=K5Ji[D==%"><field name="TEXT">Create</field></block></value></block></statement><statement name="ELSE"><block type="set_object_property" id="/%`Pt[Oi@1u(%!_1L[ab"><value name="object"><block type="root_block_ui_builder_common__context_blocks_b4398d5c0048d80587b9664d8f5eac11_data" id="p:i,x^I1Ob5KG/V3u+86" bl_meta="{&quot;label&quot;:&quot;\&quot;CreateUser form\&quot; Data&quot;}"></block></value><value name="propName"><shadow type="text" id="n71iSR$EdP+Tl;=h`#)l"><field name="TEXT">createBtn</field></shadow></value><value name="propValue"><block type="text" id="!P|DlRdY(6[gRMm)$yhN"><field name="TEXT">Set password</field></block></value></block></statement><next><block type="set_object_property" id="cW$Q]/RV5OP)e:5{wOln"><value name="object"><block type="root_block_ui_builder_common__context_blocks_b4398d5c0048d80587b9664d8f5eac11_data" id="|~|:-.ju3/.G6}XrL1C." bl_meta="{&quot;label&quot;:&quot;\&quot;CreateUser form\&quot; Data&quot;}"></block></value><value name="propName"><shadow type="text" id="_NDuCNk_GV(fnbKJz^04"><field name="TEXT">createBtnDisabled</field></shadow></value><value name="propValue"><block type="logic_boolean" id="oKA=()#m-(}5=2=7*X*j"><field name="BOOL">FALSE</field></block></value></block></next></block></statement></block></next></block></next></block></next></block></next></block></next></block></next></block></next></block></next></block></statement></block></xml>