<xml xmlns="http://www.w3.org/1999/xhtml"><block type="root_block_ui_builder_text_onContentAssignment_handler" id="c$vCfFF2uiSsm1x#k]@e" deletable="false" x="67" y="136"><value name="return"><block type="text_join" id="7X/mjJe?Xx#D^Sb/xEYw"><mutation items="2"></mutation><value name="ADD0"><block type="text_getSubstring" id="+`;-nXc6_GE9vL!;MfZf" inline="false"><mutation at1="false" at2="true"></mutation><field name="WHERE1">FIRST</field><field name="WHERE2">FROM_START</field><value name="STRING"><block type="convert_date_to" id="a,Pt`0T51ASIOXmsI2eZ"><field name="converter">toTimeString</field><value name="date"><block type="date_from_timestamp" id="n0GN1;Jx2GE!q{jm6HNp"><value name="timestamp"><block type="get_object_property" id="ID6I2/(#qF(i!P-CZ$=]" inline="false"><value name="prop_name"><shadow type="text" id="`eU-Jr/DQ+Rog]AJ;%Wl"><field name="TEXT">time</field></shadow></value><value name="object"><block type="root_block_ui_builder_common__context_blocks_03073a71a2e45a6ea6e56abe95424e75_data" id="4v!I;?7P{UxGj5Q)~W#S" bl_meta="{&quot;label&quot;:&quot;\&quot;install ProgressContainer\&quot; Repeater Data Item&quot;,&quot;dynamicListId&quot;:&quot;2a8169ce2ece7aa3c82531ac7feaa238&quot;}"></block></value></block></value></block></value></block></value><value name="AT2"><block type="math_number" id="AA752Awia/Rw%Tj*Kl#."><field name="NUM">8</field></block></value></block></value><value name="ADD1"><block type="text" id="T4JPW]N^x0StoztvRY-n"><field name="TEXT"> </field></block></value></block></value></block></xml>