<xml xmlns="http://www.w3.org/1999/xhtml"><block type="root_block_ui_builder_button_onClick_handler" id="%7RZ:Y}33!Bw]VJTC7g]" deletable="false" x="20" y="50"><statement name="statements_code"><block type="set_object_property" id="%7z5d,ydkRO9|TFS9xnb"><value name="object"><block type="ui_common_blocks__get_component_data_style" id="a,0]MWFJdW|4M^*-A@u3" bl_meta="{&quot;label&quot;:&quot;Get component style&quot;}"><field name="componentUid">'2296afff5b9ced6febcee034fa4def5b'</field></block></value><value name="propName"><shadow type="text" id="vU2unQf8GaX@]-tXz6pL"><field name="TEXT">opacity</field></shadow></value><value name="propValue"><block type="math_number" id="y2egfAYBt_zep:0uNY^2"><field name="NUM">1</field></block></value><next><block type="set_object_property" id="q`S_5oU$JpzQ5r$dH1;A"><value name="object"><block type="ui_common_blocks__get_component_data_style" id="U3ms|ch~1s.;H4PXS4-Z" bl_meta="{&quot;label&quot;:&quot;Get component style&quot;}"><field name="componentUid">'2296afff5b9ced6febcee034fa4def5b'</field></block></value><value name="propName"><shadow type="text" id="RaQr.Y5rKCPIJ~mHE#yH"><field name="TEXT">visibility</field></shadow></value><value name="propValue"><block type="text" id="!y(,ddHTylQ-M(Pd+OMX"><field name="TEXT">visible</field></block></value><next><block type="ui_common_blocks__set_component_data_store" id="[AGBs{3*-Hm]6B:#J~-{" bl_meta="{&quot;label&quot;:&quot;Set component data store&quot;}"><field name="componentUid">'c285fdb7425cfedb989a67dd73e1e756'</field><value name="dataModel"><block type="create_object" id=")jWT9W5JY6zU}x5BdIQ?"><mutation><properties><item id="property" prop-name="name"></item><item id="property" prop-name="btnLabel"></item></properties></mutation><value name="create_object_mutator_container_properties_stack_property0"><block type="logic_null" id="tNRzDNp^s,Xa(NWnSV+v"></block></value><value name="create_object_mutator_container_properties_stack_property1"><block type="text" id=";8`psS]@I50}.X})ed}v"><field name="TEXT">Create</field></block></value></block></value></block></next></block></next></block></statement></block></xml>