<xml xmlns="http://www.w3.org/1999/xhtml"><block type="root_block_ui_builder_block_onBeforeMount_handler" id="eah2%FrxzG}rR-,{pBU$" deletable="false" x="20" y="50"><statement name="statements_code"><block type="try_catch" id="L%N.rbj4}fmX%X+u0!!%"><statement name="try"><block type="controls_if" id="_x?[gJ`~=rs(C77wwDU)"><value name="IF0"><block type="logic_negate" id="~K),evQ|/5#Mtld)cf|R"><value name="BOOL"><block type="get_object_property" id="pV%K+c{Ur~,SQc.56tSB"><value name="prop_name"><shadow type="text" id="rJnCPuchy2}=@,$,*8$O"><field name="TEXT">jobsList</field></shadow></value><value name="object"><block type="root_block_ui_builder_common__context_blocks_appData" id="B`x8E@06}*@%*=7=}M2s" bl_meta="{&quot;label&quot;:&quot;App Data&quot;}"></block></value></block></value></block></value><statement name="DO0"><block type="set_object_property" id="YzL6yELJwP{^A{llZlfI"><value name="object"><block type="root_block_ui_builder_common__context_blocks_appData" id="~eCq`^B[UVkq-5q3gl#," bl_meta="{&quot;label&quot;:&quot;App Data&quot;}"></block></value><value name="propName"><shadow type="text" id="BQZII]h*p;sy^-U9JTTk"><field name="TEXT">jobsList</field></shadow></value><value name="propValue"><block type="codeless_function_block_696a14dd8d2f85be7023c2c4441a65a5" id="86-X@,)g,7HsTJwi?$Gp" bl_meta="{&quot;fn&quot;:&quot;ProManagerAPI&quot;,&quot;label&quot;:&quot;Custom Function - ProManagerAPI&quot;}"><value name="method"><block type="text" id=")GBo`C#;PdlV^D6{^AHZ"><field name="TEXT">get</field></block></value><value name="path"><block type="text" id="_gC!S1;`xp6?.^hzDiV6"><field name="TEXT">/upgrade/jobs</field></block></value></block></value><next><block type="timer_wait" id="N52=RAPu:wdC@*Sw)gZ^"><value name="time"><shadow type="math_number" id="GY0XSmq:an~gK@9)),C$"><field name="NUM">20</field></shadow></value><next><block type="set_object_property" id="DTgY5xZ9_4wH,SB{A=SH"><value name="object"><block type="root_block_ui_builder_common__context_blocks_appData" id="LM~MDlqXP*vJI,kEb4`9" bl_meta="{&quot;label&quot;:&quot;App Data&quot;}"></block></value><value name="propName"><shadow type="text" id="/u^tx@[cacNIvCJU4V2;"><field name="TEXT">heightUpgradeContent</field></shadow></value><value name="propValue"><block type="text_join" id="Np^2CAjQq,:YXiIxn,we"><mutation items="2"></mutation><value name="ADD0"><block type="custom_js_code" id="ZpgqFx7=JXr*9R+tpB0f"><mutation output="true"><arg arg-name="element"></arg><code>return element.el.scrollHeight</code></mutation><field name="name">getHeight</field><value name="element"><block type="ui_common_blocks__get_component_by_id" id=",Qm[800}00Pr=rhmLFEl"><field name="componentUid">a0ee549c33148fbe32998507d3e95d7c</field></block></value></block></value><value name="ADD1"><block type="text" id="-s#uZ%iR?H2[}^=T-iV("><field name="TEXT">px</field></block></value></block></value></block></next></block></next></block></statement></block></statement><statement name="catch"><block type="set_object_property" id="xDKw!ur)S%kKn(IA7+7B"><value name="object"><block type="root_block_ui_builder_common__context_blocks_pageData" id=";UY%}fq$COlL.$wkkj#h" bl_meta="{&quot;label&quot;:&quot;Page Data&quot;}"></block></value><value name="propName"><shadow type="text" id="S[m2dI]Q.5R/:yq*NS_e"><field name="TEXT">menuError</field></shadow></value><value name="propValue"><block type="get_object_property" id="t8twYC_k=X%6y4N_{awT"><value name="prop_name"><shadow type="text" id="42(8)jY[VsPhXl_TfVKH"><field name="TEXT">message</field></shadow></value><value name="object"><block type="variables_get" id="Ww`AiLaXVC$uP+3{HdZY"><field name="VAR">error</field></block></value></block></value></block></statement><next><block type="controls_if" id="-r_oQ`%tznZHYbXeizc="><mutation else="1"></mutation><value name="IF0"><block type="get_object_property" id="0z({%8Ok3BD6FI)%K/9]"><value name="prop_name"><shadow type="text" id="skYSn*[+EqOSu}TV!O$("><field name="TEXT">pageUpgrade</field></shadow></value><value name="object"><block type="root_block_ui_builder_common__context_blocks_pageData" id=")duZJUp:6Iw@IK$wp4G-" bl_meta="{&quot;label&quot;:&quot;Page Data&quot;}"></block></value></block></value><statement name="DO0"><block type="set_object_property" id="Gq.JP`Me02M7*g;)H3d/"><value name="object"><block type="ui_common_blocks__get_component_data_style" id="U3[9$c8EM:.vMo?-WNIK"><field name="componentUid">a0ee549c33148fbe32998507d3e95d7c</field></block></value><value name="propName"><shadow type="text" id="hsF$_7{o@7qrTE8mF[U4"><field name="TEXT">maxHeight</field></shadow></value><value name="propValue"><block type="get_object_property" id="q}wMZva:P,fMp1_u!Y{d"><value name="prop_name"><shadow type="text" id="T[Tjkviy)FY@DSfyu~}U"><field name="TEXT">heightUpgradeContent</field></shadow></value><value name="object"><block type="root_block_ui_builder_common__context_blocks_appData" id="@S?:*)XYsf^z:]xb:RFr" bl_meta="{&quot;label&quot;:&quot;App Data&quot;}"></block></value></block></value><next><block type="list_add_item" id="#}SrF!+*`u+Hm},Src3Z"><mutation has_output="false"></mutation><field name="connections_toggler">FALSE</field><value name="list"><block type="ui_common_blocks__get_component_classes" id=";gN)~BhZunQhe3o`b4bB"><field name="componentUid">7d9115a5d5fa680bccbf5b04e8670af9</field></block></value><value name="value"><block type="text" id="14nIa|-H}P_R`fYze)Bl"><field name="TEXT">aside__TabHeader--rotated</field></block></value></block></next></block></statement><statement name="ELSE"><block type="set_object_property" id="5[%`aC4u:wD|M0%0i:3N"><value name="object"><block type="ui_common_blocks__get_component_data_style" id="/(d4hm-5ts6@!XaHkV}?"><field name="componentUid">a0ee549c33148fbe32998507d3e95d7c</field></block></value><value name="propName"><shadow type="text" id="qMO?%I0qrbXfN36(~4jW"><field name="TEXT">maxHeight</field></shadow></value><value name="propValue"><block type="math_number" id="nC8hAh^awa=vOk|P;i/w"><field name="NUM">0</field></block></value></block></statement></block></next></block></statement></block></xml>