<xml xmlns="http://www.w3.org/1999/xhtml"><block type="root_block_ui_builder_block_onClassListAssignment_handler" id="x_hVu.3A*%4)|n;R=0a=" deletable="false" x="20" y="50"><statement name="statements_code"><block type="controls_if" id="NuDlNZ^rKicj=paJA2tK"><value name="IF0"><block type="get_object_property" id="}9Db@$h!9WR${e!rX!CY"><value name="prop_name"><shadow type="text" id="qOS_`aNqD:5N;~GdUJ`?"><field name="TEXT">startUpdateMenu</field></shadow></value><value name="object"><block type="root_block_ui_builder_common__context_blocks_pageData" id="L_zn)_).GaH@F:*HtWai" bl_meta="{&quot;label&quot;:&quot;Page Data&quot;}"></block></value></block></value><statement name="DO0"><block type="set_object_property" id="DIa@-uczfW?$ZCDOG6OD"><value name="object"><block type="ui_common_blocks__get_component_data_style" id="7RMeIWJ/UkQg};Y]N3pb"><field name="componentUid">a0ee549c33148fbe32998507d3e95d7c</field></block></value><value name="propName"><shadow type="text" id="(iG-y0ys!TlKo8,Ui9$9"><field name="TEXT">maxHeight</field></shadow></value><value name="propValue"><block type="text_join" id="U3zYLWgrRgDfKIy{R@s^"><mutation items="2"></mutation><value name="ADD0"><block type="custom_js_code" id="E!}~o7PAC{tYqz%sY+3@"><mutation output="true"><arg arg-name="element"></arg><code>return element.el.scrollHeight</code></mutation><field name="name">getHeight</field><value name="element"><block type="ui_common_blocks__get_component_by_id" id="7pK]X=vHnw`:U-zd@gw)"><field name="componentUid">a0ee549c33148fbe32998507d3e95d7c</field></block></value></block></value><value name="ADD1"><block type="text" id="2-:/Fiu*@X(Y/8]|:^Ux"><field name="TEXT">px</field></block></value></block></value></block></statement></block></statement><value name="return"><block type="lists_create_with" id="hmxhrGcl%v?``pUsqa{i"><mutation items="2"></mutation><value name="ADD0"><block type="text" id="Wx$Z.d!FgrZY@CRn(_/i"><field name="TEXT">aside__TabContent</field></block></value><value name="ADD1"><block type="text" id="ZFR3|mB{dfnVj)9).=1^"><field name="TEXT">aside__TabContentUpgrade</field></block></value></block></value></block></xml>