<xml xmlns="http://www.w3.org/1999/xhtml"><block type="root_block_ui_builder_block_onBeforeUnmount_handler" id="@hVA+JrtV1[l#mm+vAw7" deletable="false" x="20" y="50"><statement name="statements_code"><block type="controls_if" id="`@u=vv(hS[T@FymL6G;Y"><value name="IF0"><block type="get_object_property" id="UL0;#,=z1}E^MFiiIU,H"><value name="prop_name"><shadow type="text" id="qS+W-bICtI~=/MhH^I/T"><field name="TEXT">previousServiceUpgrade</field></shadow></value><value name="object"><block type="root_block_ui_builder_common__context_blocks_appData" id=",sCxt?[)46yc/wJI9[gc" bl_meta="{&quot;label&quot;:&quot;App Data&quot;}"></block></value></block></value><statement name="DO0"><block type="controls_if" id="LN],i{1uSvDi)FNnGnr;"><value name="IF0"><block type="get_object_property" id="q+6DAN2[xTo8~2ewX4gf"><value name="prop_name"><shadow type="text" id="[9e;(8^jj~_[oY)*1t@:"><field name="TEXT">connected</field></shadow></value><value name="object"><block type="get_object_property" id="q1:}r,[n38G4d3LEaM);" inline="false"><value name="prop_name"><shadow type="text" id="j|Mu4h_G?#.u.~Ogo:~V"><field name="TEXT">opensScketUpgrade</field></shadow></value><value name="object"><block type="root_block_ui_builder_common__context_blocks_appData" id="Cgtvpd~}t~(ma?~2qSL-" bl_meta="{&quot;label&quot;:&quot;App Data&quot;}"></block></value></block></value></block></value><statement name="DO0"><block type="custom_js_code" id="=xIc$IS7zH=J_saTrU]r"><mutation output="false"><arg arg-name="serviceName"></arg><code> \n  socketUpgrade.emit ('service-logs:unsubscribe', {\n    "serviceName":`${serviceName}`,\n    "channelName":`${serviceName}-log`\n  });\n  \n  socketUpgrade.disconnect();\n \n    \n </code></mutation><field name="name">stopSocket</field><value name="serviceName"><block type="get_object_property" id=",BZK}nxskcY^`SCtoFOa"><value name="prop_name"><shadow type="text" id="%PsnV+~Xcpjz1)?=vK+V"><field name="TEXT">previousServiceUpgrade</field></shadow></value><value name="object"><block type="root_block_ui_builder_common__context_blocks_appData" id="q5t|E;%Q6;,9ue=m7:Yv" bl_meta="{&quot;label&quot;:&quot;App Data&quot;}"></block></value></block></value></block></statement></block></statement></block></statement></block></xml>