<xml xmlns="http://www.w3.org/1999/xhtml"><block type="root_block_ui_builder_block_onDynamicItemsAssignment_handler" id="BB@HqLp%L(O1$b@9M-9}" deletable="false" x="20" y="50"><statement name="statements_code"><block type="custom_js_code" id="m`9Ly+M5#mtrcu,GeChP"><mutation output="false"><code>"const elemList = document.querySelector('.ServerLogs__content')\n\nelemList.scrollTop = elemList.scrollHeight;"</code></mutation><field name="name">scrollToBottom</field></block></statement><value name="return"><block type="get_object_property" id="ucsRhcr7xhnBM;aDb]}6"><value name="prop_name"><shadow type="text" id="W2z+sRhIW]!vM5as38iA"><field name="TEXT">logUpgradeData</field></shadow></value><value name="object"><block type="root_block_ui_builder_common__context_blocks_appData" id="K}l!@D[Ch8Gc$,40y}B0" bl_meta="{&quot;label&quot;:&quot;App Data&quot;}"></block></value></block></value></block></xml>