<xml xmlns="http://www.w3.org/1999/xhtml"><block type="root_block_ui_builder_button_onDisabledStateAssignment_handler" id="R]}G(]:-VDO}Rj3B[~QG" deletable="false" x="27" y="58"><statement name="statements_code"><block type="controls_if" id="zB~QTND#/Lt0^FM]3Tc_"><value name="IF0"><block type="logic_operation" id="gZ#6YdZOQ?17vW,TI_HA" inline="false"><field name="OP">OR</field><value name="A"><block type="get_object_property" id=":At(/06L,ya/#/zdi9Pc"><value name="prop_name"><shadow type="text" id="/hQ#PLgmF)bYDtWv@B!i"><field name="TEXT">validationMessageConfirm</field></shadow></value><value name="object"><block type="root_block_ui_builder_common__context_blocks_b4398d5c0048d80587b9664d8f5eac11_data" id="V=A4s,#[5-}m*[fdZvJD" bl_meta="{&quot;label&quot;:&quot;\&quot;CreateUser form\&quot; Data&quot;}"></block></value></block></value><value name="B"><block type="logic_operation" id="V;rP$-s:d3}XzB)ottCu" inline="false"><field name="OP">OR</field><value name="A"><block type="get_object_property" id="Iu4{kN./XpE#P/6Mqm.!"><value name="prop_name"><shadow type="text" id="9s+ie-]3uYaO/TJ1Ciwa"><field name="TEXT">validationMessagePass</field></shadow></value><value name="object"><block type="root_block_ui_builder_common__context_blocks_b4398d5c0048d80587b9664d8f5eac11_data" id="leUmVW+iq4BIcOt?:~$K" bl_meta="{&quot;label&quot;:&quot;\&quot;CreateUser form\&quot; Data&quot;}"></block></value></block></value><value name="B"><block type="get_object_property" id="ZMfAPee#40T0sP($h`p."><value name="prop_name"><shadow type="text" id="s/f1ngp[)^H%Yd.Sk%It"><field name="TEXT">validationMessageName</field></shadow></value><value name="object"><block type="root_block_ui_builder_common__context_blocks_b4398d5c0048d80587b9664d8f5eac11_data" id="9*bA)9lZ`a/$xEwju*LT" bl_meta="{&quot;label&quot;:&quot;\&quot;CreateUser form\&quot; Data&quot;}"></block></value></block></value></block></value></block></value><statement name="DO0"><block type="immediate_return" id="x7w(1|T*VOp`9jd~)H@8"><value name="value"><block type="logic_boolean" id="f6J|J,MwhsCC~.tv,2Ij"><field name="BOOL">TRUE</field></block></value></block></statement></block></statement><value name="return"><block type="get_object_property" id="6kLIe!3qBgPlAwy9UH^f"><value name="prop_name"><shadow type="text" id=",j4xg]7[Cz6Db8ld;mt5"><field name="TEXT">createBtnDisabled</field></shadow></value><value name="object"><block type="root_block_ui_builder_common__context_blocks_b4398d5c0048d80587b9664d8f5eac11_data" id="WHr230G2rzX6gv%x.z^Z" bl_meta="{&quot;label&quot;:&quot;\&quot;CreateUser form\&quot; Data&quot;}"></block></value></block></value></block></xml>