<xml xmlns="http://www.w3.org/1999/xhtml"><block type="root_block_ui_builder_text_onContentAssignment_handler" id="yZ@+K9_9vKNrd)nb3K!u" deletable="false" x="20" y="50"><value name="return"><block type="text_join" id=":Rv58u06m)gKgegUo1/t"><mutation items="3"></mutation><value name="ADD0"><block type="text" id="cU!X-7A9WUsWt$1mJpta"><field name="TEXT">Are you sure you want to delete user: </field></block></value><value name="ADD1"><block type="get_object_property" id="abyTv0S;;:ygpLd+t4V["><value name="prop_name"><shadow type="text" id="BpOR[5UGqWw|D16ry2s("><field name="TEXT">login</field></shadow></value><value name="object"><block type="root_block_ui_builder_common__context_blocks_bff4d8ac579f78a648132998464e4919_data" id="WFMl|^`5WJk9!f}}II#^" bl_meta="{&quot;label&quot;:&quot;\&quot;ModalConfirm\&quot; Data&quot;}"></block></value></block></value><value name="ADD2"><block type="text" id="9A]x;c[p1/yjc@2Q1?,["><field name="TEXT">?</field></block></value></block></value></block></xml>