<xml xmlns="http://www.w3.org/1999/xhtml"><block type="root_block_ui_builder_button_onClick_handler" id="ru~?7*Dl7mRxgNjzD1_C" deletable="false" x="20" y="50"><statement name="statements_code"><block type="ui_common_blocks__set_component_data_store" id="#0E0fLBM)aL%K750X-I9" bl_meta="{&quot;label&quot;:&quot;Set component data store&quot;}"><field name="componentUid">'bff4d8ac579f78a648132998464e4919'</field><value name="dataModel"><block type="create_object" id="W$u,Zfax?T1^w=55mg0N"><mutation><properties><item id="property" prop-name="id"></item><item id="property" prop-name="btnLabel"></item><item id="property" prop-name="login"></item></properties></mutation><value name="create_object_mutator_container_properties_stack_property0"><block type="get_object_property" id="L:nY?=a/+,9iw%BrF?Zi" inline="false"><value name="prop_name"><shadow type="text" id="p)J[Qceqnp790XGq|80("><field name="TEXT">id</field></shadow></value><value name="object"><block type="root_block_ui_builder_common__context_blocks_8df5e86e263721a17d2eb9a2f1451d2c_data" id="C}C}XzJ(*SEhr5_YT((8" bl_meta="{&quot;label&quot;:&quot;\&quot;management container\&quot; Repeater Data Item&quot;,&quot;dynamicListId&quot;:&quot;9f186f89932cdfe880554e43f4f916a1&quot;}"></block></value></block></value><value name="create_object_mutator_container_properties_stack_property1"><block type="text" id="!#dl8`}AnumWILvJ:d::"><field name="TEXT">Delete</field></block></value><value name="create_object_mutator_container_properties_stack_property2"><block type="get_object_property" id="X:(S49%5,3qqK?OzkCO`" inline="false"><value name="prop_name"><shadow type="text" id="m50REVzOEyf%MK^q468V"><field name="TEXT">login</field></shadow></value><value name="object"><block type="root_block_ui_builder_common__context_blocks_8df5e86e263721a17d2eb9a2f1451d2c_data" id=";GOsKncUfuKuaW6E*y,u" bl_meta="{&quot;label&quot;:&quot;\&quot;management container\&quot; Repeater Data Item&quot;,&quot;dynamicListId&quot;:&quot;9f186f89932cdfe880554e43f4f916a1&quot;}"></block></value></block></value></block></value><next><block type="set_object_property" id="OWX%z;Q?A59_%gpG}(#n"><value name="object"><block type="ui_common_blocks__get_component_data_style" id="o,1n$nqhiE~*?Ce|Wv+a" bl_meta="{&quot;label&quot;:&quot;Get component style&quot;}"><field name="componentUid">'bff4d8ac579f78a648132998464e4919'</field></block></value><value name="propName"><shadow type="text" id="IFtx-?3Doiz0FCk_M{53"><field name="TEXT">visibility</field></shadow></value><value name="propValue"><block type="text" id="z/*q4[VrQUt9YjIYsX[s"><field name="TEXT">visible</field></block></value><next><block type="set_object_property" id="u_l29{FZ36g4]TT@FmQX"><value name="object"><block type="ui_common_blocks__get_component_data_style" id="/UC^y,(w?;}a|OCqDZNc" bl_meta="{&quot;label&quot;:&quot;Get component style&quot;}"><field name="componentUid">'bff4d8ac579f78a648132998464e4919'</field></block></value><value name="propName"><shadow type="text" id="z)TNB]wuRRpcu+G#gOzm"><field name="TEXT">opacity</field></shadow></value><value name="propValue"><block type="math_number" id="az8fyE}DCr.3a?eKWKb#"><field name="NUM">1</field></block></value></block></next></block></next></block></statement></block></xml>